feature,mean,std,median,min,max,n_splits,rank
pair_Degree,0.028620275236192132,0.01975224111901686,0.02621304884701451,-0.0014221860958847144,0.06724584777417233,15,1
