feature,mean,std,median,min,max,n_splits,rank
pair_Degree,0.08515480118498225,0.025303338955360077,0.0845741721339308,0.03797332407072125,0.1265297868145046,15,1
