feature,mean,std,median,min,max,n_splits,rank
protein_MedComplexNodes,0.13409823167978366,0.031231281621587125,0.13321362098766293,0.08690105793553893,0.20056389716035788,15,1
base_Degree,0.11009477200727297,0.03291719296614786,0.12727297588614547,0.04360491188908701,0.14627980380066866,15,2
protein_MedianUniqueRatio,0.048392322934157773,0.037114153101458595,0.03712733389464244,0.003050396483606288,0.126194928733906,15,3
protein_RangeUniqueRatio,0.048084116977696545,0.02168103348368621,0.052057497128663144,-0.004233609840071822,0.07878299714489267,15,4
base_UniquePartners,0.03731730106557015,0.034053981585754615,0.026298118525563508,-0.029622861623209394,0.09317411772927223,15,5
base_TriangleCount,0.025482290521403227,0.01585471669338807,0.025003146574408292,0.00751119447434222,0.06228925431149841,15,6
base_AvgNeighbourDegree,0.020119521928260654,0.012957213200210854,0.021294603818413582,-0.004569606312444213,0.04709550595678684,15,7
protein_RangeComplexNodes,0.01704991370801417,0.01047573876603476,0.017152373728491647,-0.00035915855910109153,0.03770347695892698,15,8
base_LocalClustCoeff,0.003372211637635879,0.011657915232725984,0.0026334804546526815,-0.012823870483033396,0.03557769777045504,15,9
