feature,mean,std,median,min,max,n_splits,rank
pair_Degree,0.03285278904928945,0.019858566688449975,0.026003157246742053,0.0012966480365209031,0.06489290233511291,15,1
