feature,mean,std,median,min,max,n_splits,rank
pair_LocalClustCoeff,0.14298601319587523,0.04987696494433141,0.15757645960653321,0.04122727491881213,0.24138796330057177,15,1
pair_AvgNeighborDegree,0.08230740957325453,0.04502285512992524,0.07225221593973315,0.018330831536827418,0.1777542097158862,15,2
pair_TriangleCount,0.0756416166071425,0.04585186133595664,0.08355119505631964,-0.02472049543404196,0.15702983634901452,15,3
pair_Degree,0.02500719649566351,0.01990450865643004,0.029957724937798393,-0.011627631225256225,0.05701606300377403,15,4
