split_index,seed_index,noise_seed,n_train,n_test,pair_pr_auc,pair__pair_Degree,pair__pair_LocalClustCoeff,pair__pair_TriangleCount,pair__pair_AvgNeighborDegree,pair__rand_0,pair__rand_1,pair__rand_2,pair__rand_3,pair__rand_4,hyper_pr_auc,hyper__base_Degree,hyper__base_LocalClustCoeff,hyper__base_TriangleCount,hyper__base_UniquePartners,hyper__base_AvgNeighbourDegree,hyper__stoich_WeightedTriangles,hyper__stoich_AvgNeighbourDegreeStoich,hyper__stoich_RangeComplexSize,hyper__stoich_MedComplexSize,hyper__stoich_MedianRatio,hyper__stoich_RangeRatio,hyper__protein_RangeUniqueRatio,hyper__protein_MedComplexNodes,hyper__protein_RangeComplexNodes,hyper__rand_0,hyper__rand_1,hyper__rand_2,hyper__rand_3,hyper__rand_4
1,0,1042,2701,687,0.1998812231603935,-0.004037320285692101,0.07914267783587967,0.009342023921876875,0.018915110571752495,-0.022506580734941023,-0.009037031287243428,-0.0055293493631438425,0.00594095058892212,-0.012979199948035234,0.3004814309344885,0.07160529744567078,0.007502297802902386,0.016455067272632858,0.003031045420867351,0.0012708276945597118,-0.0027151993027459353,0.0175496248359305,-0.0003314557742976343,0.014705374352760536,0.04006055834846563,-0.0031079217343322196,-0.001239325919575196,0.05606739259321145,-0.0013098383808295478,-0.0006424997205928595,-0.0034195406089551294,-0.005327556094464686,0.003181187721679668,-0.0002959838119787839
1,1,1043,2701,687,0.27710731379770714,0.04477998735638315,0.14918543065013884,0.04301152179750691,0.05442369734936793,0.004517755499967557,-0.001408030820101397,-0.004189959986262565,0.006499580067271804,0.017554930736400853,0.30046321045793034,0.0737975532182424,0.004000014083575548,0.02059971694017975,-0.00039200887292232254,-0.003195693076568251,-0.007953520261824392,0.013454209403231512,-0.00017585623110622506,0.017361172061321598,0.03374677956693522,0.0002652144151520541,-0.0001552625118894424,0.06161937526601693,0.0007723963248872867,-0.003078125156499717,-0.006524980143269177,-0.000498347673418903,-0.0029775492798469914,0.0006509479242593153
1,2,1044,2701,687,0.26844452301139177,0.039526180682992955,0.14247179923761571,0.027744680432824582,0.05005788264775437,0.009485722970185687,0.0021417668209568917,0.011628462240889929,-0.012141726918210199,0.006318742734856869,0.3082796191671017,0.07122322525925459,0.005088979206622296,0.008995077989160489,-0.0010839658448003997,0.0005996007058032438,-0.0025063293261442187,0.019958782008454346,-0.0003478192397768254,0.027506928077377528,0.039626532133778355,-0.002773320509734711,0.00019480950561903687,0.06972520427584641,0.00162491370741627,-0.001955087090261132,-0.002754553014761257,0.012620760337389186,-0.007887650061503331,-0.002272243807325397
1,3,1045,2701,687,0.27107813028057204,0.045308646504426266,0.14483174344893066,0.04276469999450337,0.05480396008330155,0.0020779287881666775,0.009978255661417154,0.015499598587280911,-0.0181487695844439,0.016897160801692766,0.2971030972655763,0.05039278670780052,0.0028498870365458394,0.008651471354454748,-0.0026544168654135613,-0.01098500186224135,-0.010778718132154686,0.020778404517225048,-0.00043404733949897745,0.0074971860549308215,0.04045255701065455,-0.0012480845396557472,-0.0001863815801545321,0.05780075462556272,0.0006904401574219122,0.00016774285575993364,-0.0010979461450829231,-0.0005053739277226243,-0.0020491812703990254,-0.0016993656855017914
1,4,1046,2701,687,0.24984291241510515,0.019963284703687294,0.12826691972469095,0.026504874266314555,0.03676514037389149,-0.0026125866284883808,0.00020755362577455638,9.069466738588772e-05,-0.015125834138693511,0.0022707973294560702,0.2932791844603216,0.06146718979307142,0.008374717387591874,0.014995280293419806,0.0025045280046257223,0.004507161921120722,-0.004520852554993765,0.013472387462043517,0.0001788995592231002,0.01688690091934946,0.03104369923383852,-0.002843671783925661,0.001352087223153353,0.06228768305148032,0.00014302403186446376,-0.0007363333335787536,-0.0019282550501178441,0.0011427997442191972,-0.0012705420897665188,-0.0006351731537565464
1,5,1047,2701,687,0.26869982012993565,0.031238409926591038,0.14624308951172374,0.03263477179270477,0.05320335310519535,-0.002664913069140648,0.00387795766392382,-0.008512448547178475,0.008586004831997795,0.0295648424253927,0.29782863059862397,0.07090926315202198,0.008577820518781459,0.013998982814504929,-0.006102153506377378,-0.008361849383304342,-0.003120058418825583,0.0194660671072874,0.00040159497105599073,0.017622303791639232,0.034040492824530956,-0.004637713011171501,-0.0024159813404620867,0.04908084068805061,-0.003914738042821031,-0.013331594628675692,0.0055976419624653665,-0.008954265221850239,-0.0021972883826957335,-0.0034144921726472154
1,6,1048,2701,687,0.29829083571579884,0.037581398745370136,0.16600883528688576,0.051530180028436144,0.05840892915883218,-0.003496159965604767,0.02362114236628382,-0.016951501500505655,0.02000257901087505,-0.0006648542642964328,0.3156891913636167,0.06485030686061763,0.007728930243715132,0.015507417707457893,0.005107582255372317,-0.00555262281932375,-0.006542325239927277,0.0072462272631310335,-0.00015688167963757716,0.02398881902939689,0.04123759887368132,-0.003051860643219101,-0.002231285565484986,0.06983107722662922,0.0017063639408011256,0.003205958672378678,0.006362750188210664,0.0012109785333278722,0.00508128765066288,0.0009570689844619562
1,7,1049,2701,687,0.252725283433335,0.013448609930710278,0.13190250317834387,0.03846506235134676,0.044619136283246985,-0.02789981995822932,-0.006101818215729665,0.003764574871919518,-0.012166078376818084,0.010738535677838005,0.3035262646693689,0.07004191313575157,0.0038760296371591896,0.013941672898709078,-0.0011423293413057646,-0.006988777721291228,-0.001576231905241854,0.008353896069617766,0.00066046173887368,0.014748439809883562,0.04937396866214696,-0.0012358872552986843,-8.627641277210163e-05,0.06309807981815228,-0.002807368144122324,-0.005092196828344714,0.0008852488550980475,-0.00023989986852288037,-0.0009144938739308773,-0.0007209503457327349
1,8,1050,2701,687,0.2736340857138317,0.029293911699618685,0.14578293526878927,0.04865202566506985,0.05426957210792447,0.0014416324608649723,0.010608205626349402,0.02337790466893936,0.00599226452373737,0.007578865131147078,0.338568231486964,0.06893144815043772,0.016964500505847552,0.03330769900959311,0.018035166056875145,0.01970723118198468,0.02107484738773095,0.02448457310324729,-0.0008600542052924432,0.040441338063624946,0.0602068999405059,-0.001722019136040659,-0.0017050844122452947,0.08280481715312889,0.005131676948541347,0.019962022433556003,0.009997816265102877,0.017916561160753415,-2.801995647669364e-05,-0.0009015618159249006
1,9,1051,2701,687,0.23193573898728576,0.01622321386446847,0.11129247216723086,0.01308103802569922,0.03490976544021208,-0.005299393803862384,-0.01550694369556235,0.003840512274508337,-0.0034326627646294404,-0.0034692425338645,0.28214039460444557,0.056659291881566556,0.00917699393366182,0.016674203645646403,0.0023850784874824005,0.003212952031915961,-0.004672835035016193,0.013668868713237085,0.0009106203444290362,0.008627964577913058,0.023014388228263353,-0.0024476043574903406,0.0015258157115608517,0.05395307816972585,0.0006958092802101856,-0.014571373577582753,-0.0037864240416823403,0.0024013949589141935,-0.002287025995143005,0.0031681148598879326
2,0,2042,2673,715,0.2121628324057661,0.023171774766004714,0.06927059733815982,0.023927008261482464,0.03543221915671753,0.0008071258857885067,-0.00276385507745639,-0.0005916637055874529,-0.0037542610751242185,0.011064279462103383,0.23498741268257678,0.043725936868207346,-0.012056565144717545,-0.0028413464103655057,-0.011931793030493137,0.004612287191803346,-0.006361333789082463,0.010484507464599752,0.00046961561897688466,-0.0038742648756334543,0.00267724223297304,-0.0010361010089015466,0.006602271786368958,0.02814347579188209,0.002952004100888536,0.0002420249909395239,-0.010294164067071194,-0.006814386216392224,-0.010165728774344605,-0.0025226127513369306
2,1,2043,2673,715,0.21411862330206208,0.019790171791978287,0.0787157629258656,0.03404857573010907,0.023677911812088573,0.0013535978200334392,-0.0005078728007036903,-0.011971825829214341,0.005919624665776277,0.0050467572536334,0.25599852478352103,0.06884176157376345,0.002183143249276276,-0.005127935373425652,-0.009312387100535047,0.0016503668454242893,-0.007454521597217817,0.013714374239860804,-0.0003536281149295606,0.004791785454791309,0.015357189880513156,0.0005090136581709093,0.00265648094894263,0.03649402660603921,0.002321353109090146,0.0006221615118754631,-0.0033525812105692277,-0.002394311212571304,-0.000645993140814366,0.0034020838190446296
2,2,2044,2673,715,0.20393002461427218,0.013946913415291284,0.06489983498525584,0.009734559558170638,0.00914701693493496,0.005512630703717733,0.0015335857876676074,-0.017839828393890703,-0.01544755137798475,-0.0010577614467260216,0.2608146812835482,0.06871890744853956,0.009910574956425078,0.00893817613702754,-0.003838041488118554,0.011717776737960945,0.0029979136241734955,0.027760141345170103,0.00043943864554682466,0.017286254575242167,0.020393618371073962,0.0007364228284378882,0.003679691397656726,0.03780204547673915,0.006114624186197582,0.0028238112745450684,0.0009463297742976385,0.002257176989000698,-0.004193726048268931,-0.0036271294960233793
2,3,2045,2673,715,0.2114976453612579,0.007944879013664094,0.07589407255952962,0.01659688714403003,0.01656391365363192,0.0032498675570181825,0.0019875091397718314,-0.012472117791062273,-0.004861487088519028,-0.002528709675222518,0.24162829694186252,0.056022749025028115,0.00214885979048606,-0.000760692951869471,-0.008435357353352399,0.006533446387773275,-0.004865337219028163,0.01268517262532525,0.002004514394248974,0.0039481031498475785,0.006839883748514889,0.0002487498456825915,0.0016947621108640344,0.03200252658154684,0.005359311546339221,0.0005502390399848095,0.00012046728295816156,-0.001402948628172998,0.005718277136447828,-0.013278688820032178
2,4,2046,2673,715,0.23583782824466065,0.022861162004858625,0.08666786084503328,0.025668807069925626,0.026739757877265336,0.0011584626433344875,0.006099273322212906,0.008419743943847416,0.010713331466214162,-0.004204985789249294,0.25573257373960967,0.06507716518416111,0.006182824679233029,0.010335844067949976,-0.002532171776223391,0.008195339561242609,0.0017145624362718743,0.02312795303749215,0.0001382127829861246,0.013741747387269965,0.018103336376810573,0.0012718730169823111,0.005423266602496868,0.04106447721980213,0.006532960922200262,0.006004175523527458,0.0029401550083482386,0.005987756461471069,0.0009229740105238915,-0.004840990970694775
2,5,2047,2673,715,0.22360115443446893,0.02569253096674238,0.08274148872006962,0.035722878627164265,0.02080488752624976,-0.00022110314733947978,-0.0036726931075495043,0.001663042843499285,0.008119803268000287,-0.006095430682235487,0.2584011677040924,0.07224717577641093,0.009873651016526078,0.011424613891372271,0.000691550516800854,0.02016030524141168,0.004036333610762405,0.03206973964512293,0.0012798381439034611,0.014519843097127328,0.014424479592452081,0.004174559883253287,0.014780830868685965,0.042118330315502335,0.004976625455453803,-0.001809105972205799,0.0022209671694036815,0.002033971026318576,0.0017346811909552868,-0.0006149563845084582
2,6,2048,2673,715,0.2421572465202536,0.02175897234885384,0.09137359332802283,0.028667209988660715,0.028389851586624926,-0.010439073574038569,0.009390792107707584,0.013121703848741359,0.016401577913447547,0.007025266821894233,0.24307427368489706,0.05271618404535815,-0.011466165260407321,-0.00846055422615733,-0.017231168116070377,-0.004773355734482907,-0.01786141416287306,0.014087186021207143,-0.0018794593592842967,-0.0008574013432959743,0.0024367500364122717,-0.0009186286837192387,0.0011411164310250522,0.032182923596721605,0.003722838033355935,-0.00743183092483572,0.0012633206628180238,-0.00954774793108178,-0.0005054190406952347,-0.0005386413878504831
2,7,2049,2673,715,0.22556578787482548,0.0207077558393645,0.07539647691230876,0.008708001176610632,0.023076724696043615,-0.014076528501264802,-0.007023549325132897,0.007994567960320382,-0.012795911800912241,0.008512467666704224,0.25461056568670726,0.0569055523781005,0.002719433086012346,-0.00451900465637497,-0.01052121415965275,0.009724943405939704,-0.007868895305979867,0.00843334655246224,-0.001440545897526957,0.007953480132467952,0.008700821412077614,-0.0008319656666551545,0.006403570089152227,0.046739140806911064,0.0036942957246704155,-0.008371375458797476,-0.00588079261051023,0.001130994569083324,-0.0021122904262383334,0.006558745012179357
2,8,2050,2673,715,0.2148597521568672,0.02474216010832121,0.07461964185827788,0.02206299711910038,0.014742122474310218,0.009326147210986888,-0.010893052990473362,-0.00032851960796919933,0.008311923614810734,-0.009890370166199248,0.2640295313043536,0.05629415766499983,0.005066968519639625,0.00585186963212356,-0.0062972892265803215,0.0051051079140689015,-0.009609573059430224,0.006255982482673233,-0.0022235308992612723,0.008890771422237972,0.01504055461533827,0.0009973437107384353,0.006482176948925877,0.03981984765633245,0.0008897436607835984,0.0026763760086123576,-0.0025303592803212426,0.000516817050200885,0.0002417164100542435,-0.0030265914648286317
2,9,2051,2673,715,0.22933475057757638,0.028227179176940474,0.08404849219128858,0.030622673437797548,0.026960196631806467,0.004237932221892457,0.024861917582000452,-0.0057482805552406535,-0.012481506817408467,0.0014450502693123702,0.25038573709888723,0.05963945098480925,0.007750233040541168,0.002458122315270739,-0.000768665815123848,0.014414160943502776,-0.0007883970536771062,0.023966306190613875,0.0010215218268716352,0.008624420939467506,0.016919707593928156,-0.0015072433997809554,0.004907355520383225,0.03755615966243083,0.003140724713868137,-0.004395645705677992,0.0015140347943101372,0.007102612448158696,-0.004938965851259214,0.004123756457285013
3,0,3042,2665,723,0.25352045334213374,0.03539422197366195,0.11336739044823521,0.03716914647848803,0.06232626025925351,0.019271813287251877,0.02761121000740487,0.024441612708322447,0.002931421403616366,-0.009498578383849507,0.30313625130520033,0.10420296051796558,0.017457199670254987,0.01465967024869681,0.004164406667277287,0.029893110015019004,0.01151908502207813,0.051201231870257644,0.005627867516133661,0.04576927728157705,0.04962620371574487,0.002374762909051098,0.017687163905150426,0.08162536361661855,0.006079951940027295,0.00470828645659036,0.00030507231184234707,-0.002363876219999139,0.0022259047801920563,-0.0032264971265328125
3,1,3043,2665,723,0.2528937834798522,0.023478357150639475,0.11240975560703019,0.030866061598987988,0.06314099675629091,-0.0025736630108429857,-0.0030973999574906317,0.030589448798112796,0.006984802785314412,0.001835803081667159,0.30287209725956926,0.07943369685590265,0.01995847784218068,0.019157321946635258,0.004020186451429259,0.030056892601720248,0.0024695466706463054,0.033831543644620696,0.0038834975235991385,0.03318283316337245,0.0453086739678923,0.0023329735189779434,0.011128535133044353,0.07341945090077313,0.0076697005898890445,0.0009086618206825215,-0.005229597806619241,0.008160530492010631,0.006456208862400076,0.0033006941482514375
3,2,3044,2665,723,0.21559358309223453,0.006833177013938899,0.07407775895113415,0.015254637893489294,0.03670910053623024,-0.008478191962822993,0.005461701194623017,0.001496346522814307,0.002002569304693494,-0.008452306854659721,0.25921657385590735,0.07380063937608002,0.019937608908272467,0.012821062807909525,0.0032236662171781366,0.025453927642851083,0.0011695137836695874,0.030145198212892643,0.0005585991663054956,0.025584053641467243,0.029362067001612962,-0.0038845582288103476,0.0007534588165208911,0.05366281554426842,0.0005397937962557164,-0.014219988872261603,-0.011850202323969328,-0.01695601581664752,0.0006186607986325809,0.0014337378893934383
3,3,3045,2665,723,0.24194948078396114,0.008096723015002147,0.08852790515998392,0.019789621454121185,0.043464536226200445,0.0037390882465517584,-0.008057829188100754,-0.007190463923309023,0.006626386750993862,0.0026377759989271526,0.30924914088739247,0.08271168760123968,0.025146898776217213,0.013893259347896425,0.0023721267214449836,0.020452399471930262,0.006522619778855982,0.03746094668842258,0.0008015433247932802,0.0419109543706208,0.05330563670970996,-0.0010678485060476195,0.007899972314093335,0.08394223250811468,0.004338258682757334,0.003815645088566405,-0.0014020497989791158,0.009616999896069955,0.001856531391593108,0.0017330401457754997
3,4,3046,2665,723,0.2493227641462562,0.016132500957044455,0.09696377659275661,0.03103286191707383,0.05120604172466109,0.005014788446365243,-0.0041290746813763355,0.016133964828980243,0.006055212935221804,0.0002475998975101479,0.29856391516496467,0.08426838077837401,0.022341584367023715,0.01737610317421146,-0.00488334173754913,0.014196795210238328,3.699365684664557e-05,0.040963112150636326,0.0014010963851029123,0.04221470743205743,0.051092142802759935,-0.0007785872146846617,0.009415553646883724,0.07048448930563181,-0.0011061603113234452,-0.008197031369586244,0.003928872525998611,0.006655081749315422,-0.002185087294803789,-0.004344267998932216
3,5,3047,2665,723,0.22162192372032705,0.008409406714429277,0.081719418622917,0.011998717889234404,0.04513915143337771,-0.011370007959800515,0.00075669444630026,0.001813195837496423,-0.021870615637302665,0.002642725938818427,0.2739914489466031,0.06470715897172051,0.016201281032664223,0.017124365451894573,0.005051132593189245,0.024134870144484573,0.00895508343785928,0.03949290179487303,0.0027961894192639557,0.03033673078196683,0.03938973750906481,-0.002455099223428692,0.006667499567840468,0.062092694641292315,0.0026118026252111405,0.011102899447954544,0.0038775917683235516,-0.01652175538969387,-0.0014162213115493593,0.0005646285846848231
3,6,3048,2665,723,0.26323343404836264,0.04559766191997189,0.11912895851972179,0.04643652379896537,0.07528610377064317,0.00942082777667196,0.006927011159639345,0.026655624593390208,-0.020421073141550162,0.02113640492687135,0.29555500530037854,0.07749816228636455,0.007217634949723978,0.022123740959542892,0.005781778144662353,0.014795575249556447,0.0036654609316479013,0.05608105173198692,0.0016998501254632536,0.03470829644141715,0.051468137897734446,0.0001671639956142723,0.00798994596571544,0.07777014161393012,0.0026986756946769273,0.002944093095496031,0.005886069501898877,0.001986996805621322,0.0019710762677622507,0.0002890780314145469
3,7,3049,2665,723,0.2645699884702949,0.026106206299016832,0.11473727794360158,0.0314853607939798,0.06617547714196023,0.001245099325589316,0.00413209226371892,0.013924292684927042,0.010250336109511876,0.003324137142578565,0.30570875734719294,0.08916718316747915,0.016635010259316567,0.02403180818672095,0.006085360182797811,0.02310041895098137,0.0061517564103748534,0.05534937378420833,0.0027244397402217124,0.04233706803084288,0.04816824624180087,-0.0031214981523878527,0.0030293428332980044,0.07978908636404536,0.002485178184577036,0.006257565658752457,-0.0017126458968134196,-0.0021789676734235764,0.0015325386778304196,-0.0021321423523397
3,8,3050,2665,723,0.2767581546439708,0.017848543971791978,0.12559541168711458,0.03748313841796498,0.07100097847633506,-0.004346170924888126,2.479236735973833e-05,-0.0006376313627044161,0.019026216201048534,0.02608854593665133,0.315924951839618,0.09870312241447976,0.017238311289899534,0.02347869118868869,0.010737538320300994,0.02670068190233855,0.012082409468620292,0.053135561944988086,0.0024721723134627227,0.05294321033756799,0.05559299657046415,0.0016374342661300278,0.008276232899948882,0.08342466326306033,0.004667839955068215,0.003368559872981752,0.008622675018915555,-0.004188687120371004,0.0010776483732458653,0.002815554371373069
3,9,3051,2665,723,0.2873576179388651,0.028618796228022807,0.13604779412950838,0.04464701000306125,0.06431514570103719,0.00487407554465315,0.020304316014334006,0.028228614264409545,-0.003281292356922899,-0.008986738470027133,0.3128879306140195,0.07971960419691485,0.023530194517981783,0.02610215114411632,0.009411014157064346,0.03374088062206382,0.009578929990894075,0.04512234449281381,0.004400527690471501,0.04198260078846391,0.06153985337988965,-0.0010915701504231544,0.0007682570036227632,0.08440283916816424,0.002968144730411193,-0.0020963735884772018,0.00389144869153355,0.011312315036567239,0.007622972662030492,0.0044466837695333605
4,0,4042,2749,639,0.21474411550545208,0.016159674282621023,0.07506188550086997,0.016569980698533698,0.013656497802828862,-0.016508902349740843,0.00030099258067975697,-7.063716118576314e-05,-0.00018673339089409768,-0.0057507201514613165,0.3023385278610939,0.06153861380620894,-0.0014575567409314595,0.009146838178446953,0.0019199058291124171,0.006357311522508585,0.017325629203048094,0.017295962384905255,-0.009347604900483013,0.01162547918065129,0.03406252862885084,-0.010000548792871284,-0.018051012075868476,0.05833549777284387,-0.012677029856234012,-0.005918979730921159,-0.0034444893727244795,-0.006035383464768884,-0.0037296472928185385,-0.007825270342184238
4,1,4043,2749,639,0.22277771534632504,0.02860093187278056,0.0751785320091781,0.02481442679288138,0.03136414975391462,-0.025405049584273996,-0.0083784010443365,0.015082528700064986,0.005809586168679551,0.0016091531925618602,0.3293329890378242,0.08822173299898692,0.018081868474764323,0.029627032130570254,0.014299825709631741,0.03761903309212109,0.04463069945177425,0.05282178672627682,-0.008939354531683392,0.04272167071503276,0.07290957245525238,-0.008781076176844527,-0.02053989660987541,0.07472330134943665,-0.011614524526447378,-0.005512745532425717,-0.0008323965163910152,0.012674039695223854,0.019866724345541164,0.03141583485849607
4,2,4044,2749,639,0.20401735169761803,0.019555830383843644,0.0622249204541712,0.011435951498440063,0.019348559467054233,-0.012671880919215919,-0.00329107232559179,-0.000493271705791301,0.00037005107632698817,-0.0002542570790319415,0.31275516583358065,0.06959662909029257,0.02822997764568061,0.026083152894240364,0.01758145992361392,0.025769273579824375,0.037598888116504886,0.040520048955331525,-0.004267664660859483,0.03837569954250834,0.04936890620139739,-0.0004293574166127245,-0.015018499410185553,0.06272260843739308,-0.016834802926688132,-0.004978398803289269,0.006222928171339565,0.0005816952508689022,0.0026687378628168557,0.010684531980086598
4,3,4045,2749,639,0.23078745557520017,0.02817451839561952,0.1013023422489034,0.03933515575579074,0.037619516266655474,-0.007036857114392206,0.0100255331922986,0.01290432148098931,-0.026071718796192456,0.003399353909339173,0.31864878060157736,0.07258670220285124,0.02076854856898952,0.021900865641153577,0.014876692436367018,0.021008479929934466,0.02241445382805759,0.026384281613967286,0.0009155260915364727,0.022728009219673016,0.051218334032618905,0.0009952722435578765,-0.007745268821364859,0.0693017031485634,0.004376144607358001,0.009436770702803821,-0.004288005578907744,0.012188336582382974,-0.007066884710326277,0.01573795365625192
4,4,4046,2749,639,0.21610729798923403,0.019319210583707273,0.08041444137338422,0.017036484435401466,0.032672270530537714,-0.018082090250478543,0.00551628072910762,-0.00614583861969871,0.010701574901520166,-0.004078629385782387,0.2839561579648231,0.06619099350928162,0.015043823340631823,0.015227973290046945,0.009793267932516841,0.021219101099688092,0.028055529488132596,0.03684585144148885,0.0017409893849277436,0.021579386969026868,0.02623526259965424,-0.0006111203582502611,-0.0027908756831617754,0.03456208290541761,-0.0066744057755975476,-0.005669466039659376,0.0010368900007414138,-0.0017638679952642956,-0.00226006466426405,0.0052735842214684915
4,5,4047,2749,639,0.22459784661199728,0.036982415143702554,0.08972917074650702,0.02692559740428343,0.030219094857513857,-0.007613166603361146,0.002704207565605027,0.002986018669136839,0.00036471121890002125,-0.0010129668982495677,0.2912752535046135,0.06879009348383447,0.00580924339060353,0.008434419209250204,0.009736249890063836,0.010845362795518853,0.03270258276316362,0.024421241360831653,-0.003022631490549105,0.010153840530751298,0.04016960040435601,0.0015214202528774589,0.0015038715509635646,0.048852198254026515,-0.006558665280523357,0.0012491124478039794,0.0007787438758151188,-0.000703523378076737,-0.0026565173655305196,0.0007752928761889377
4,6,4048,2749,639,0.21020828586195553,0.017923840184725894,0.08654515026946455,0.015072529529278853,0.01783762728529935,-0.0038104055060256548,-0.00851688695878984,-0.01514051881215329,-0.0022459778822433913,0.0010905798766651458,0.28378899076270525,0.07102860388249829,0.00871620520888292,0.00746721020404173,0.0021262737505314045,0.003573691183456168,0.02561344908759138,0.022964623349156395,-0.007357009580006313,0.02061484950853346,0.027959063135866675,0.002400202015437658,-0.01565230425028969,0.03809650214135442,-0.008803921027682498,-0.0038907352791316017,-0.0013371424947904108,-0.006934691426645689,-0.004076191423253384,0.0005914181571893718
4,7,4049,2749,639,0.20801006171509226,0.01674759481377876,0.06667840831907872,0.007985731490641162,0.017617040491108748,-0.02073612567151744,-0.006850825540226502,0.00521263014948826,-0.006417552020296593,-0.007781047653982062,0.30478768102674353,0.0800482160842734,0.01930698630334703,0.015222700377486766,0.009482392544257113,0.019496708873390518,0.03582708721191508,0.025702198860236437,-0.008723021635879591,0.021123329099334613,0.04223454156264072,-0.0005971787568239851,-0.0049885104602173155,0.056698124486555555,-0.0033768307508470928,0.011763666275520612,-0.0021486366609652086,0.006064321239107773,-0.003169026807541214,-0.006032181326218878
4,8,4050,2749,639,0.20303656587986596,0.018921978473552974,0.07246658006647047,0.013541559673161082,0.012222800599265338,-0.007898725635083727,-0.014579076274883692,0.005522326397497177,-0.017873109211969433,0.003946885659454916,0.2842125198882251,0.042317599837663485,0.014589020756584286,0.004416863701016937,0.005087310772194709,0.02291646699964263,0.0222917681761796,0.0209358061301191,-0.003287649994582159,0.016258102789495788,0.026804309584720513,0.000903173734502416,-0.016129756390376997,0.03700763155953064,-0.00422531120876325,-0.00395406292836839,-0.00577077794588155,0.009764736831864119,-0.00453377194103074,0.003211082330728482
4,9,4051,2749,639,0.23614266325166858,0.036960461748904966,0.09359941484177027,0.038277432648687104,0.029848279411390698,0.010029399980942816,0.004560070297400018,0.01751488591637745,0.006167218889389417,0.0018762476448787146,0.29895547410215667,0.07028441331987108,0.013411347483777864,0.009371944046791768,0.003367068940639634,0.01833648966121053,0.03137408472380837,0.024812248812297193,-0.00736209797969255,0.01241044086822117,0.03492601884632955,-0.0034269026942669477,-0.010327305373444484,0.045087882368888756,-0.011107083991314498,-0.00401768198572181,0.004531031187104994,0.002542038081502129,0.004993180893613308,-0.0009997774069469556
5,0,5042,2757,631,0.2540511412208086,0.04351628432955256,0.1229284168549126,0.04701468049448353,0.03474071548719178,-0.007636539939833245,-0.005147232652635661,-0.015000377736210758,0.0111816312238716,-0.015247997072323428,0.4728901089601956,0.1589482864755878,0.029904278674377015,0.06572987377554254,0.018258518199658076,0.04354534232979224,0.027551558634674605,0.10528444148330222,0.006317749919646653,0.10315373677839994,0.12108004120617828,-0.0031186737782988084,0.005563361293441221,0.13024163951529072,0.001657529149376058,-0.0014097778716635257,0.0022807056016362127,-0.0022003505004516534,5.9373951879643225e-05,-0.0032723049244264392
5,1,5043,2757,631,0.2706303353258208,0.030097723681697795,0.13066684027767858,0.03479699708889181,0.048729066908000926,-0.004881135689677002,0.009580453268965694,-0.014309067504968315,-0.00532148234732494,-0.0171198242365316,0.47059817676082555,0.16040070719587657,0.027071027558063142,0.054078297701642165,0.01812451329987159,0.037096908493956214,0.035596268506963916,0.0800230837600722,0.005799437973676458,0.10086499267244735,0.12608122384560844,0.009335972395024405,0.013553020463981968,0.13590900316783933,0.012129420262581786,0.011733112545837848,0.012046368641565025,-0.019325891568199787,0.008279373703539173,-0.001721995518184094
5,2,5044,2757,631,0.19519610923067704,0.03221423217294943,0.07969941322090826,0.017781574352754886,0.018711730094846755,-0.04000935569374749,-0.012584256753637793,-0.0002738367296425792,0.0014332268771645395,-0.014626248045492288,0.4598978721993791,0.19481028585904397,0.024553880490095485,0.08191141325388189,0.023093825408067627,0.049501703871373384,0.07610571370146821,0.11483389914133005,0.003946357893701779,0.10649165931414732,0.11189247704249188,-0.0046572481152318546,0.007327331976161616,0.1355485061800657,0.00038253072885939267,-0.016883829931825634,0.01049858325374164,0.004317559233817192,-0.007010684955731744,0.0180926912094662
5,3,5045,2757,631,0.260787337798326,0.05749471778368269,0.12821416376575756,0.06312472265099163,0.05132313203038086,0.018788905366689042,-0.003448025487443587,0.006161292041074007,-0.0021590752928120015,-0.005234432102916342,0.46205531440735925,0.16122366486538942,0.008276870017483173,0.04590268352137262,0.012630726028684425,0.03470329545576782,0.04154223625398981,0.08566032176935204,-0.00089353752307747,0.0984803310834242,0.11718443783362442,-0.006061337638893288,0.0068474620412363576,0.12477628984893616,0.0037613177420374234,0.004461831718055614,-0.00036721524594747755,-0.01363009154929427,0.0008161972397310146,-0.001536352085105952
5,4,5046,2757,631,0.2255015338771616,0.02674859348146124,0.10268701318018383,0.05220338653029353,0.0349865208670124,0.01576421198446886,-0.008701556017416035,-0.005411805560825203,-0.009589608971226588,-0.004266367145653626,0.4649789100602497,0.14671707007529547,0.026036875080333182,0.0655156924002906,0.027707047296269206,0.05151662435649305,0.04929522727568218,0.09251080541852545,-0.0028114824785694494,0.10891812528328026,0.11910086518434304,-0.00015309993796052134,-0.0013157460049153635,0.13699881438680012,0.000651627155558665,-0.0008558678471031423,0.008317637986281911,-0.002397483364242081,0.010237400272219154,-0.0059393752707478376
5,5,5047,2757,631,0.2498070194112345,0.0703570228386502,0.12457367704075746,0.059729703904059406,0.03542654861499474,0.0034105504663154177,0.013473412531782386,-0.0015019153674634966,-0.006116068036307603,-0.012426316339412366,0.4625070667721202,0.17261897004943325,0.014548230498923764,0.05217235483421849,0.01999989329410723,0.04285155165724463,0.03954114998202659,0.10598747945386026,-6.415911193147217e-05,0.09819256911474065,0.13006206278925586,0.0013059383680544602,0.00016791664868944233,0.1271519318142813,0.009840229966635684,0.006760290859625618,0.003374161783237667,-0.010819847409553985,0.018516325661707626,-0.007380798109842412
5,6,5048,2757,631,0.24525152000610997,0.03173120685729092,0.10803455964680472,0.045801974405164717,0.034044435116003954,-0.009491000688471366,-0.0133923903439551,0.005313693916587231,-0.00426513895493742,-0.009895172196053712,0.46956535871397603,0.14096724485099768,0.010546923316403289,0.06124355139595664,0.028193374229209776,0.03631174407699434,0.055391543710451886,0.09984419462489116,0.0056856830409942214,0.10302071732222336,0.1273683702090203,-0.0006115926781337655,0.008950009196137716,0.13547245429256766,0.0038022385099151846,0.007112942427788971,0.015504757910620458,0.00959515973321919,0.0005487561062796964,-0.007152052394762909
5,7,5049,2757,631,0.24465979539519395,0.0536345162236422,0.1221245053380023,0.053345743719148644,0.05731522591667233,-0.03839215741507777,0.017290859637941823,0.01027664010814906,-0.029438728486801374,-0.005537137233937725,0.4384999546786362,0.15480514956533692,0.04934541871246216,0.05287264857380399,0.019964312676009323,0.040028567864613875,0.04663518114994098,0.10183545957496962,-0.003945984171166678,0.09940248429866023,0.10837650665460778,-0.00494071051559809,-0.0007034262079834208,0.12653484403088155,-0.005957349323872302,-0.003927622585149754,-0.006161051500744047,-0.014963018229583175,-0.008228639831367146,0.007322812113685556
5,8,5050,2757,631,0.2968940921427206,0.07194916909234879,0.15573976791549826,0.07951509546983641,0.07431823331772025,0.02688404980888236,-0.0021503414244063044,0.017693148276638905,0.00476450090851267,0.011749631471579963,0.5016542471040576,0.19556159095665443,0.015104731864130371,0.06052710564077788,0.02355400019086244,0.03972197538745007,0.043624619912908655,0.1101518029390007,0.0019194147226619495,0.13545345127004016,0.1321454569480937,-0.0021070482841041628,0.0092356147433931,0.155882502952125,0.007353895804689403,0.000957082064589132,0.0144512495895818,0.017781203152973168,0.002963550615019245,0.008431113344852376
5,9,5051,2757,631,0.24224061563108673,0.04915465818925978,0.12731761317311457,0.04724651344275854,0.059220473791679926,0.009611314970594618,-0.018895038912060007,-0.007030416493750716,-0.0045857404145623944,0.0013066085191451638,0.42460795982293287,0.1434086498037242,0.040377137292526226,0.07098695118718444,0.02316635793164008,0.04629526140580588,0.052682643372820595,0.10716026367536877,-0.0042090019531642545,0.10343300973118455,0.10364513229381105,-0.0022303654638578694,0.014024108894524412,0.11604570398034583,0.008786850907194832,0.004274546827772646,-0.005929386486153587,-0.0030685977719850433,-0.00034064779152599977,-0.02793211791988264
6,0,6042,2682,706,0.4123726262243123,0.09367440638957496,0.2651951662789756,0.09188106963136236,0.10605614736930917,0.004360066784530492,-0.0023904273957830067,-0.017182754122533367,0.028599102184887575,0.001389342457038417,0.4787937473722274,0.15341216691259252,0.011213092608560377,0.04614878733352188,0.003711411272076831,0.0286637960932916,0.05759159450491844,0.11589078107960142,0.01686038691929286,0.13557968456967168,0.13215800858701826,0.007313012993896145,0.0005630720743310891,0.1534733896560628,-0.0013440552498365289,-0.004809276558097842,0.005139866942904853,-0.005570102196340049,0.0026117492546013587,-0.00758186710198881
6,1,6043,2682,706,0.3941250254450756,0.090746391668505,0.24572085848377673,0.09107619743733655,0.09222941788851058,-0.010625948533098367,0.0014158479915658162,-0.008579760178213786,0.017639114374729613,-0.020176275091137473,0.5204944194993357,0.18551756922262425,0.0410361460906424,0.05906348230496692,0.014643143184181806,0.05689264685152058,0.04143026387023283,0.12460068614037678,0.0024316885763947084,0.15236393157869038,0.1549467256849867,-0.007567516807348096,-0.006992049090422603,0.1697505246683175,-0.00858967162212978,-0.009587051889841724,-0.006750292273638459,-0.0016452476346249356,5.270956796270543e-05,-0.0025384950295261
6,2,6044,2682,706,0.38603584953598863,0.12260340025570123,0.24035273375683536,0.11117627110555976,0.09843055624208294,0.00193649663359714,-0.029231099819244228,0.008027968700135436,-0.008390910067630269,0.03580253149736638,0.49389712887532494,0.14027939436077552,0.05202998329051408,0.05403458559341982,-0.00044272739589113483,0.04288057485133824,0.06704674766034739,0.16899565476276607,0.0026479613465467287,0.13456826272590666,0.15227478819690374,-0.00914483353863293,0.002028864476153447,0.17071005518200932,-0.003390715666112304,-0.009180970274874096,-0.0002915217856917396,0.006666996249438678,-0.0034625106190691477,0.003745175864594158
6,3,6045,2682,706,0.39338327400043543,0.09517925091751417,0.24778692508802586,0.07355817620872056,0.09089914768438286,0.009554534546955817,0.025830181149263713,-0.015490317010085386,0.00027284909534740497,-0.027146982498998468,0.5188311111477573,0.16307158469380284,0.053571882193751974,0.06213952138319199,0.006236922567175285,0.056413557249949495,0.09000744770446387,0.157935375139909,0.001997711635263644,0.14081974553456839,0.164474341578466,-0.002001444033408384,-0.0055753021552079176,0.179042995013573,-0.010618896856284189,-3.1343026398888976e-05,-0.0005484309806905729,-0.003431534213494958,0.00666989180292798,-0.0007189891411753524
6,4,6046,2682,706,0.3191721628604829,0.069291002712603,0.17838440638245018,0.04421929113257928,0.051474838197463166,0.008457134892286649,0.009071360002198964,-0.043728080358874884,-0.006980617056692728,0.014448743531947656,0.45711333015223543,0.17019154160176703,0.043322737046499,0.04844398515620406,0.007923180005292279,0.032119909643462605,0.07826754503285469,0.13997386958135158,0.0025911307161382733,0.13853397408513896,0.12533311360930557,-0.015402478288337573,-0.016085245851001868,0.14634201815621312,0.0015323844448679237,-0.010436951458397625,-0.0004938614052042323,-0.03391951240037126,-0.003501372930331259,-0.0011665069272644047
6,5,6047,2682,706,0.4246955345081208,0.10799694064575176,0.2687127626789644,0.10358274629630282,0.11958213183118258,0.018802407599628413,0.032652843677908674,0.050800623967791406,0.03880401745701848,0.00146511180477919,0.5056013148519142,0.14999087159870642,0.048126703974071504,0.05566649859677034,0.012856009845404182,0.054626060488278595,0.08098122899360398,0.11493434980079291,0.012080766435723245,0.1419678153366848,0.15561664825115012,-0.01738746998966545,-0.01656584591850683,0.17267205632222563,0.001044030569672233,-0.008320744590200746,-0.0003337668564865337,0.004661873256396493,0.0030580531407517152,0.0025966456462727327
6,6,6048,2682,706,0.4266904197549097,0.10677545720081671,0.27133274867670076,0.10111541842913012,0.11214605993567714,-0.011153710263190158,0.01086450890917024,-0.01740775884672771,0.026527171395334687,0.007515730460582348,0.4714081470313335,0.174627353089334,0.03511377051021376,0.05189222344624227,0.0108502716851474,0.045717451482316436,0.08201232800400417,0.14517503133029414,0.007239444816871904,0.1101929087965772,0.1382932599841986,-0.02824753049861215,-0.02376203047531552,0.14609616828336014,0.0016715128951076351,-0.0008516587885152249,0.003609185877839677,-0.0026525772329125284,0.0014468541154497084,-0.021629655713288037
6,7,6049,2682,706,0.37592564285572494,0.08913432894803394,0.22045986533829603,0.04515617311923967,0.08059008294138165,0.006077861708511312,0.012547826080223572,-0.0027833029546199596,0.003963478975487827,-0.02005820992958765,0.4785795904130605,0.18055383323328905,0.023215512221688682,0.03636989905795165,0.019144493721166646,0.042446836652760556,0.07924195461921132,0.11309793749615091,0.016180504035161532,0.13630703842591013,0.14259985468917563,-0.006113451383219509,-0.002657336436791613,0.15034054414458978,-0.0008032973016852518,-0.005258302672171272,-0.0017356361037621838,0.010455511484188173,0.0017162870484574045,-0.014207715859860432
6,8,6050,2682,706,0.3780163453776861,0.10130321803536424,0.2368635065394656,0.07416047127988454,0.09086693126830833,0.009676065163290415,-0.03557765076404066,-0.006498628822486985,-0.00566007423754516,0.012279675072285274,0.4297350989621281,0.1328554418584721,0.019549987184806078,0.05609304663196546,0.027991144344483392,0.04205034937812009,0.06674508732388916,0.12107261322225875,0.005876995859415229,0.12763182228444864,0.12081780620682747,-0.020766978195336988,-0.01019704225790578,0.12361455381473041,0.002661303834598283,-0.008082857370443546,-0.024111863696509507,-0.02167764261274898,-0.0072908494554220545,-0.00496376240850846
6,9,6051,2682,706,0.37210740735665,0.10351106612466213,0.231651974230556,0.07746988928472015,0.08119505582836642,-0.022661839754359075,0.014501414148533637,-0.003830269546473869,0.0011353168835871285,0.0028659731540962297,0.5057107514285397,0.2282806989892705,0.028657426995934144,0.025689100874901727,-0.003068200462152193,0.057539345774384354,0.039703244243965014,0.1163607481978344,-2.0135820542110938e-05,0.13775988412374238,0.1676762902458179,-0.007545782698475834,-0.0021645427693467666,0.17251537301029057,-0.003352120191209629,0.0005356724642807343,-0.003441751274114413,0.003493196912733504,0.00016648862575465717,0.0005632556320172344
7,0,7042,2760,628,0.24501589206675492,0.08663206663472978,0.0987054203134006,0.024410092112922686,0.044794665046669666,0.012943795683279769,0.016674678652247636,0.011824835454148955,0.0071381341385381184,0.014406482979457652,0.5135034327073562,0.27330316192923204,0.046544973432153844,0.03691215196523541,0.02645050137870822,0.06145274104100412,0.08761401607109401,0.13489046203911956,-0.00044515768965904814,0.13444299385801742,0.1792590559896567,-0.005401854838742892,-0.0005483457650176882,0.16386979635334262,0.0166962779810625,0.010166638507177455,0.004561729731100061,0.0008220238806959657,-0.003307685355744594,-0.001153969498322971
7,1,7043,2760,628,0.20792977678135638,0.06220141701238966,0.07247948729269969,0.01268530144644078,0.022177353248322408,0.010724261597269486,-0.005771522030673657,0.00013938112607462806,-0.01581290347360707,0.0015351362623343052,0.4869172229537892,0.23044289028810194,0.06983889943026311,0.08813951568880737,0.05618168553310081,0.08902688842844175,0.07548198338373693,0.09979656169529164,-0.0027384904912472973,0.17266144040051165,0.16162107702964418,-0.016053587458933732,0.006384257260623976,0.1590597152831435,-0.006841512904025221,0.004771208532753074,-0.008655226835674374,0.0020989404811396994,-0.005750752946740772,-0.003705473058227626
7,2,7044,2760,628,0.23200305218039108,0.09576041583929126,0.08866309785634967,0.023832571196578178,0.035326496476675,0.010918040002486695,-0.007848629252625836,-0.016184952717219238,0.004791066477938704,0.003484918687969496,0.4972576581271246,0.24100754250116757,0.043152858609368,0.05276901750782666,0.02297604563747046,0.05771023242362174,0.02849704111793765,0.10273042063041093,-0.0017731443115938995,0.12370232993556243,0.15901881949369406,-0.0034612889209195918,0.002420526272743134,0.1514663130998007,-0.004875087786062776,0.018968226924709702,-0.011394060372097642,-0.010219927634204751,0.005181774228459229,-0.0069104701323227154
7,3,7045,2760,628,0.2994965732961066,0.11998017467121991,0.15244415574419637,0.06810637070365365,0.06816378114754837,0.013771914585814426,0.03219780902757506,0.037043342140643164,0.02574156686350834,0.003028517615721754,0.47483475585769247,0.22786599617753311,0.021672860986419996,0.049691144209696905,0.055350493049216506,0.05394798200934594,0.05846672897068215,0.11962007497316836,-0.0008779909242388806,0.13928781549516325,0.14892585365461472,0.01308898161563773,0.004849535337431427,0.1568805814959276,2.0002327897949978e-06,0.004849712753956037,0.005268831682294034,0.00044004473203250184,0.006095403441684855,-0.002832770625422898
7,4,7046,2760,628,0.188677776156533,0.05386186861155158,0.059028528659402224,-0.029952794545924775,0.00651514395554896,-0.009132204322282799,-0.002382663980282046,-0.008447770693153552,0.002041162017316725,0.002324502832465769,0.4718066706094799,0.21018889451866335,0.06801412822387265,0.02496621194956806,0.05007989848630874,0.056440242373916295,0.040435632004739014,0.1494328751942128,-0.005785702012467131,0.12782781110196528,0.1554974949558333,-0.003142475728267746,0.002164960189743875,0.14809727853075252,-0.0004025669608962168,-0.007785453990937585,0.0023844723039559146,-0.014103995994639901,-0.0004918777674103425,0.0014706413617112447
7,5,7047,2760,628,0.19116484807408854,0.05314071255413261,0.04652360700341342,-0.010896632005694615,0.016064832929223782,-0.015096203265317926,-0.02037836658378021,-0.023602152711075644,-0.002848521396981163,0.008062899455106794,0.46653273099739295,0.23426003010036123,0.032540531229075645,0.0682920935630344,0.03439010867126258,0.039990666247012904,0.05391705450789162,0.12239325599944864,-0.0063491912410669985,0.11372931568029288,0.15005049027722187,-0.005211225949841247,0.0034756866719210465,0.13432973091069267,-0.00663921266403682,-0.006394050858362971,-0.0030322267325231635,-0.0045332883805881356,-0.0006891590769997347,0.005458017424000938
7,6,7048,2760,628,0.2656338096096883,0.10951223142386945,0.12234346046155256,0.02001916726491466,0.0373988154432857,0.00773024169568679,0.030217160403124034,0.0027514369600739495,0.006450626294495001,0.012827582225505885,0.4762416565124406,0.24580953072699036,-0.004662519796868159,0.031959083911902865,0.04143403779211282,0.034232847340217726,0.08290932652425327,0.11378302776188513,0.004201153178062023,0.14328118712303986,0.1361440425796996,0.006640223608409823,0.010617835011132332,0.1416761084317884,-0.003355717084316179,-0.00017346526446053722,0.016249980650164843,-0.008087755726086781,-0.008236713190965889,-0.004874474457117162
7,7,7049,2760,628,0.24574767583067098,0.08808336558300879,0.09669319300599347,0.006194453445865752,0.03343674316028971,0.0027790272861124817,-0.004661425046269449,0.006779216014563291,0.012590241695382993,0.004300291135169279,0.5263081324287938,0.2820080371469478,0.07827201303935631,0.056922219270355526,0.025825819624949464,0.06363194362693839,0.04408805124277612,0.13523371812245602,-0.002660537600807833,0.1537868122778408,0.17876007859774884,0.00579430310887794,0.006668636834691211,0.15261823453935136,0.005493580185447144,0.006850093386315171,0.0029846974267728867,-0.00033882892261201115,0.0030004830315835005,0.0003687388361441224
7,8,7050,2760,628,0.22377669029124775,0.05529281624718245,0.07204429542537669,0.009010385146007254,0.034443201502681445,0.01712985785583753,0.010166044978741712,0.0009269306080156136,0.011623713838686281,-0.0057697848217478035,0.5362047624371028,0.2853873184635162,0.046768213820866,0.09951334809395831,0.02785466942209665,0.03560754111839343,0.05621958195672394,0.09183898462750965,-0.0007438342302072076,0.125103515875921,0.19342037860554634,0.0011222701379653087,0.0058250409025122464,0.14451076291463796,0.0004633305907620677,0.010896278595290387,0.003637406255591835,0.006178053574385845,0.0016234708545781462,0.005174737734330803
7,9,7051,2760,628,0.18629758281679043,0.039888238171066216,0.06370869683217342,0.002569508617555838,0.008387193688135392,-0.00533427177601474,0.006212216256193265,-0.0288621317245908,0.003742286402503428,0.0012579668276202134,0.5017520439759752,0.1530758981539942,0.09384208266475084,0.03292908649401588,0.04871619987979378,0.07391817050965027,0.06980975878778357,0.1120687931090663,0.00013030995220348897,0.16508824966024208,0.1645150436057788,-0.001777934757872901,0.018607257709080532,0.15639674941447348,-0.0025116982773130568,0.005126515281868549,5.662404037699575e-05,0.000508701923850885,0.00435571140862816,0.001838490799287218
8,0,8042,2764,624,0.18164242165438815,-0.025196463678616922,0.039026877648873186,0.004964189527064666,0.03895289201237827,0.0018362688254211779,0.006587474745616481,-0.0036581904019256013,-0.008686822851085903,-0.0013525211930817405,0.3677570095778314,0.011724346526564695,0.018207113408156957,0.02467307718826666,-0.012926438970363214,0.03775790674106124,0.017727894334886873,0.016231712000771514,-0.007027321901849898,0.04801938792399984,0.041320974247815064,-0.006310506695342522,-0.006758560900217781,0.07551860284790775,-0.0034576757284236316,0.005713466934528966,0.0015116280984772412,-0.0014848916315996275,-0.0033940058925164772,-0.006111670241745026
8,1,8043,2764,624,0.17590798017233572,-0.025191720662930274,0.03763910533382334,0.007157432571258476,0.0323366964112235,-0.014890275556968872,-0.002410667186275034,-0.002946812438559698,0.00658969619525325,-0.0005768718878905649,0.36296737262697587,-0.0006370162883796049,0.013821645637449042,0.017302613977582627,-0.019012898826036694,0.0195612540344725,0.007235776905139246,0.02303724365794957,-0.008637267146541427,0.04013663706024097,0.05229845783838636,-0.00889723948353226,-0.0040647666221643565,0.06941821149374891,-0.0025418277142287616,-0.009653239706645833,-0.000434154228187833,-0.005433683810797452,0.004443238958873807,-0.0005615341961013265
8,2,8044,2764,624,0.1803965130909952,0.00218210336435177,0.042787088806374454,0.013699359953676627,0.04084203559487831,0.0028858796235621707,0.0006073758232492011,-0.0006572717887894208,-0.00029198117268130764,-0.0031699192957746368,0.3652520043152355,0.019671025704891636,0.01380839857135115,0.00997119874407602,-0.015953586702071705,0.032368960709009756,0.004373858609589193,0.024277407179597026,-0.007691197791623977,0.035542727109158075,0.0406177203173224,-0.009448513373462641,0.0009512018862955108,0.07656196119377497,0.008637433031256397,0.0106007658403667,0.0016353738847486032,0.004986309040610842,-0.00552285846097596,0.00745591693911542
8,3,8045,2764,624,0.16445721719655557,-0.012269455903760254,0.028251776887397672,0.001263416954971741,0.021302882280797235,0.00010226283983429674,-0.0036881256073782983,-0.008885784843139488,-0.000342431708441171,0.00018168527842603866,0.34991690868661607,-0.009511050980648656,0.008307045013507163,0.013099139415459532,-0.021539920094607857,0.01741305445702434,0.007160356060407153,0.01950583090386826,-0.004950611681968508,0.02712475646119202,0.05120941092142968,-0.005387428397250327,-0.004404773627836006,0.06416987504990478,0.0007317976234990142,0.00264804666459868,0.0013573454357781733,-0.006108990412113474,-0.003593241488611637,0.006545753937740368
8,4,8046,2764,624,0.18058811792217744,-0.01430956566465813,0.04196719625465638,0.01751731528217659,0.03308811695525561,-0.0013817874753626169,-0.0048728418361607155,-0.003146510301660477,-0.004392418770621456,0.006907502615274888,0.378866890429736,0.0001267428158679529,0.014523705986567947,0.027850410821610473,-0.007621563988708907,0.030010483776532194,0.011621014195206758,0.02584404574253884,-0.0056978255025073535,0.06080892825637507,0.06717290761721242,0.00435285731746356,0.008609825737952992,0.08752283862838088,0.008680560155125,0.006250212541960304,0.003088253590070694,-0.00437070011563716,-0.0037114251292728606,0.01538927683048703
8,5,8047,2764,624,0.1969415646803251,-0.0009718531547123655,0.05439317348980138,0.021093577696327637,0.04428819546592676,0.006142095111825921,-0.004373763679309184,0.014835000320350133,-0.002841715970409245,0.007242565228110206,0.37241256827560876,-0.008946448412562081,0.014607788378574581,0.018808549667217435,-0.014894179983246308,0.03540483308468799,0.01296927360996098,0.02854723568602288,0.0005536748507379618,0.04441185364294216,0.060375879152149745,0.0009279631251937981,0.0030720239842572106,0.08291271263182665,-6.20665205133486e-05,0.014219182773691863,-0.0004698959289322679,0.003618518479803862,-0.0017196669166265055,0.007209767513642962
8,6,8048,2764,624,0.17028148598457826,-0.01495764343684813,0.042835741456242984,0.004069370989164808,0.024090451516181534,0.0008758939228568297,-0.0051357144243008275,-0.004845477204286924,-0.003377413891186834,0.00015936826775014845,0.3562691197922547,0.016509733740826447,0.01936482476852249,0.02226939857231695,-0.01850619735797785,0.03130145236011571,0.016702992147183925,0.029015337065514783,-0.001901752494808867,0.0507458847387106,0.05633952780849192,-0.006461530622570433,-0.008588049296979683,0.082354438630877,-0.0038923736785112404,0.0023510643935231446,-0.005044180109988144,-0.0027882672583481372,0.0011530920851436977,0.004242425012323181
8,7,8049,2764,624,0.17090402647377034,-0.022579472189300998,0.03647903774327204,0.005655274217087544,0.02958181577232912,-0.0077149046527984514,0.005309210154149776,-0.010118790202307293,0.002451030439332924,0.0036041365918106443,0.38964756654753196,0.03168885758484304,0.016892210027112987,0.034193536692633926,-0.0009762112726070859,0.02247932919260867,0.017353746080573062,0.025543718767424263,-0.0050173601756961506,0.0550828493301964,0.06535277391656351,-0.007677305049546506,-0.0070722578102033525,0.09756349088131686,-0.002773864363634676,-0.003581978361020988,0.0044370505563772426,-0.009981940830395141,0.006124928893045922,0.01019479507691084
8,8,8050,2764,624,0.17788358496720186,-0.003163845062108736,0.041216258579016805,0.01507029202623208,0.03584878072702853,0.006091228901896631,0.009887033973000494,-0.00016486530575780535,0.004294923093492992,-0.0067485448140697235,0.3436855129862661,0.006352182545023543,0.004377108490830473,0.010993033759417797,-0.019693406425464133,0.02014240521649776,0.005156085192328769,0.023002718685265218,-0.0027190466256304556,0.024518244605571095,0.05327834450891161,-0.003437392203264056,0.0014780921470870178,0.06076539171047881,0.0006528246473216815,-0.009932661800945108,-0.0034220617998223903,-0.002633058748594186,-0.0018089550849923531,-0.004631209907782314
8,9,8051,2764,624,0.1840435945943344,-0.017674958783427917,0.046606433276627404,0.009258957354708683,0.030234757737274374,0.008404877285827556,0.008173631059751127,-0.010723224176785015,0.0010896348874490148,0.0013577693218440796,0.33175784806750436,0.012472441340555857,0.012397132985555498,0.017602744887688638,-0.012804657633511957,0.01900695619495707,0.015074389213360174,0.017407182669512973,-0.0020163909937903957,0.04103789125840691,0.036273122462792975,-0.008218195407349216,-0.019886871252443754,0.07078403264773422,-0.0018992604920811285,4.493428720477311e-05,-0.010130005141341375,-0.0090348158799887,-0.002258855152705913,0.0007689727849934325
9,0,9042,2748,640,0.11512624338825345,0.003440234593331723,0.01481238463234987,0.005368979233078805,-0.019265577117115875,-0.011088111723256678,0.001326537568227902,-0.0009076219562045088,-0.0032581221571537657,-0.0004317406533472401,0.2511274856910502,0.08453712095100571,0.022865928536058285,-0.0037689320807538645,0.015317753991944672,-0.0040939793504424,0.01377579781174064,0.05087302964487086,-0.02189919933072239,0.0753036760126927,0.05843986072077948,-0.0049919984140416596,0.00131863432455126,0.035712441376145196,-0.005623333126144511,-0.014860001725237455,0.007292435288962731,0.007971995792918286,-0.0007064114442937031,0.0012038025937148034
9,1,9043,2748,640,0.12640315285113507,0.010520631283281023,0.02494385210566332,0.014050900987345304,-0.0043341480107317865,0.0031446040651293165,0.0010933674554094886,-0.007177311175658238,0.004937210842793606,0.0010324603840899144,0.2643213089550748,0.09531465672155756,0.012913691387125305,0.0032166643882653527,0.012626700545517214,0.008393409682315226,0.007730634589534294,0.04465057172669894,-0.005990386985780516,0.08467730593340891,0.06377547369795074,-0.0003812408296841485,0.00957234340338663,0.033138803338416525,-0.001654284966152536,0.0016740544959965742,-0.005592801673977027,0.004077977945866495,0.008881699575372288,0.0072725854935061
9,2,9044,2748,640,0.15196211138845792,0.023049258802893276,0.039012942557285955,0.027203011903542684,0.006370321701926368,-0.0027211942950397332,0.0017127313269402699,-0.0001199309613180266,0.01498168726966416,0.006432832594116036,0.28013195492944354,0.09272251567177599,0.022682587736033512,0.015140190983274234,0.013651569709515926,0.006381357615298022,0.01504120749549261,0.07016108147204822,-0.02411196599137188,0.09039178565063981,0.07440104798608975,-0.0037135305772516723,0.005503754862856003,0.04230317784844274,-0.003516968806492088,-0.0014014364971197458,0.0035647131735277392,0.0006894020860030603,0.00680129743739708,0.002556587148432943
9,3,9045,2748,640,0.13987989511283305,0.018526739785500825,0.027385757896614304,0.025704166601029275,0.005959481134694605,0.006614945525570561,-0.004864379148038217,-0.0010568956380014177,0.003214702205472905,0.0016874943142198451,0.26223049429778494,0.08566929944561444,0.012602243895422499,0.007209607430839801,0.003919907584497476,0.02553661375814579,0.012854402206187485,0.040707048856540654,-0.012115712506051696,0.0815075326821069,0.07108311985382365,3.5414971840708186e-05,0.005007758753141728,0.031301004213703805,-0.005599517284043121,-0.002841170872767795,0.0027905649252885135,0.004909847833828187,0.008725905754498891,0.008801025855345364
9,4,9046,2748,640,0.1335316091791401,0.012056638715766722,0.010776597308516973,0.017759382556975328,-0.011016226007769674,0.005774312205671013,-0.003499791080355391,0.004433081865180896,0.00607323823805702,-0.0002955199339048781,0.30921645661764047,0.11477936911944926,0.018465221039350325,-0.009164351960797318,0.007503040277265538,-0.0006765172770135164,0.024182315311525343,0.02353390895224717,-0.011112853011791995,0.10522504833643138,0.09066135183575759,0.0021022531091764163,0.010163582566438688,0.062084617110349315,-0.005017795314292283,0.001108228215899848,0.004489708765357992,-0.002170715427179315,0.008461101551168254,-0.0019531390983914985
9,5,9047,2748,640,0.14085581591682114,0.021723884622290267,0.03165845079776812,0.028651269078024587,0.012602639217442313,0.0004088016855056692,0.006201813205171172,-0.00013155723864469447,0.00817766463968225,0.014462993853555933,0.26182609638548865,0.09104870307020621,0.008414821655804405,-0.01023253018042814,-0.005204246376292734,-0.011945733899997027,0.014128089507155531,0.04295048456937626,-0.02764550544766532,0.0656152841581068,0.0646793039468339,-0.0039264327952391155,0.008603773214831318,0.034915194631543224,-0.00031306976845608123,-0.004087539460537265,-0.006616514053405423,-0.007933421773251681,-0.005350922774858713,0.004857152929838043
9,6,9048,2748,640,0.11814955678825323,0.010745408146523234,0.00887864514397155,0.008246939985152388,-0.010986120172768812,0.002116240202677393,-0.0033903957740162582,-0.0004869212565486461,-0.008659895084559204,-0.002083873013693173,0.22057719149838292,0.07541426867908954,0.01200085613374039,-0.013337567499132586,-0.0029006329212533434,-0.0015916568570657845,-0.0003511565568197372,0.03454368114252031,-0.025753733139798153,0.05550634482483039,0.043411961751896634,-0.0068299859349956835,0.009911400927215552,0.011260352062319045,-0.02292739168790843,-0.007034011357128259,-0.0016869270836162935,-0.009414772382757067,-0.0038333775773249147,-0.013944201762434983
9,7,9049,2748,640,0.12495356433200419,0.016621414180609095,0.024443678006961712,0.01116405956366765,-0.009249692992881036,0.0016286214447679193,-0.0035644108303466066,-0.008136071739350584,0.004381011890605062,0.005304232998201553,0.2838860586115346,0.11888877062118859,0.01568572547427717,0.010933194413669517,0.017451395813244223,0.0037907163105640714,0.007224529705799518,0.05939500759007164,-0.016005324574213758,0.09375941905420569,0.08826247233218629,-0.003790440309585619,0.002659610854974609,0.05202149757433807,-0.011872904194296879,-0.0028229448840347447,-0.005488038600783085,-0.009167790727400349,0.031149119356082906,-0.00039775448912983126
9,8,9050,2748,640,0.13034027919910252,-6.055831290160962e-05,0.01993527197082538,0.005420840927482793,-0.0015467217331938705,-0.0041428267378973175,0.00030996662048857757,-0.0008205127454859018,-1.4591138577067786e-05,0.0031168535959218745,0.3000880226783201,0.1232946296559829,0.01554344187653936,0.024689801964273412,0.007361298384621478,0.007659543011791947,0.025185788736043085,0.04631559359905292,-0.0089610217686654,0.10055519160718415,0.09827766829311775,0.0002957415581218259,0.009660100918573411,0.06676577894262511,-0.00492847563010001,-0.0026596148799857442,0.0029162935707201356,-0.0003561912475714524,0.008336681962811888,0.019688364497131607
9,9,9051,2748,640,0.12189030673773366,0.007012299359683741,0.015682536020199478,0.010231989972063982,-0.009624463210839693,0.0033264760628687563,-0.00276743818858389,-0.01007149292235984,-0.005025280026067889,-0.0008730796255831591,0.2569237896615835,0.10175278777858252,0.010166478111621625,0.005565368304148726,0.008516277453318077,0.009986732322344608,0.01342100904365938,0.0389324371445154,-0.014454969657856443,0.08001182688435779,0.06166830327213326,-0.002395409406948612,0.009811051947335855,0.027629385106189248,-0.006190519692399532,0.00013273629567012445,-0.002697697570243446,-0.013729359577940747,0.0009046340688062121,-0.001767662843659251
10,0,10042,2696,692,0.2351641158869402,0.02659419073026211,0.12654298172937425,0.03188584886617095,0.046186412905497576,-0.03464282651587476,-0.009251244883638376,-0.0004681841000363257,-0.008305496156161348,-0.02281066210560182,0.4306776977705941,0.14917557808639412,0.01863133505485009,0.07058790309306957,0.017296352368971323,0.012452769948604735,0.05361065794498673,0.04645661336102748,0.0008245350982198696,0.09520969411249436,0.0824070573258141,-0.003238764479071904,0.00377359522947352,0.12475216831136134,0.00029029097629765244,-0.006343694002276623,0.008820489097160484,-0.003100016711881026,-0.0056037951080905425,-0.007499372197749066
10,1,10043,2696,692,0.28377585329389177,0.05107798273123894,0.16916875493207795,0.059221065571168595,0.05974034598987803,0.005261058673870511,0.002010078793175457,-0.03277739477273172,0.007721556657438983,0.01150885956807705,0.4405841483250566,0.15214879174276835,0.029265376463790137,0.05445965188113181,0.011602087926738797,0.022798655083145363,0.0733966940882077,0.056461900541620855,-0.00030288439232829535,0.08725880520600768,0.09371916910675715,-0.0035150629481134343,-0.010733513830792778,0.13074149316319778,-0.005271797180833759,0.002565734483850618,-0.00036870059995450233,-0.006236756221805528,-0.012861607623777744,-0.004508580593138356
10,2,10044,2696,692,0.3303534866647322,0.08541992427596021,0.20538883710827843,0.07027666940790374,0.08232992003343481,0.008292156088293789,0.009622195741456674,0.006327379980229803,0.005281004841246839,0.017603093635228655,0.4683884613422425,0.17495878391957725,0.05174224885955575,0.0734697284560816,0.022359053910979827,0.025659813480288417,0.09287143494089024,0.057311536884688506,0.0008122030736096353,0.12080816256735702,0.11433243054873024,-0.008329210265023956,-0.00014854439592332236,0.13875787370259227,0.0010063641227402165,-0.01197401949844828,-0.0005731304012323524,-0.0006747167379837771,-0.007618559986214085,-0.0011941680108642438
10,3,10045,2696,692,0.36032633477248316,0.08761919511596165,0.22463264836744506,0.074436722514633,0.09166534386173313,0.004115370037973698,0.00261759742461663,0.04094517960778112,0.00480004365439825,0.005345064826609081,0.47572290686771923,0.14445452103322237,0.015292897208950235,0.06513013890396302,0.007610382498571255,0.00638244436527054,0.02463164348411715,0.04076701384554534,-0.005403177525928932,0.10255246818575958,0.10028500140067073,-0.00810937735803861,-0.005789695369814013,0.13763193966610848,-0.005583837124589481,-0.0031821668605581887,-0.006593739854487246,0.00614094840921704,0.00013904862489914072,-0.004959585188541738
10,4,10046,2696,692,0.33587404973925356,0.06860920159780313,0.2029665281576795,0.051433507781913204,0.09190184856247856,0.011533970301718733,0.006631922736516338,-0.022259886232201914,0.020035370854638468,0.012483043938825433,0.47812696912100217,0.16804760997126705,0.030106269995551854,0.058198796359684876,0.01807660574496254,0.016257990171335557,0.06684142567790094,0.05972235473449301,0.001749225563016904,0.09577925425310106,0.1117280899672419,-0.0014788189813663589,0.006085507937168022,0.14776217269670547,0.0009465843481225089,0.005538506080375033,0.0035527404508538364,-0.0015452096311846686,-0.0035392100144381934,0.009484287636633549
10,5,10047,2696,692,0.3338488898840182,0.08694414609283016,0.1996316130383151,0.053977676704076584,0.07511129889709034,0.009677756308042596,0.009708048098330002,-0.004492076570169101,0.0050332507385443094,-0.012809075016020393,0.4634858677345353,0.16032911334458982,0.009660362748663392,0.04295088482384902,0.007902533298880776,0.005158801377035826,0.04464067421804532,0.06039564192349396,0.00010199295850952805,0.1050736308575793,0.10630065557949209,-0.0028788856952955354,0.0014482913683196042,0.13087851550751828,-0.0016410647485380569,0.008092772842560391,0.004620601879136965,-0.004600576931747436,0.0005998899494394861,-0.0031600308097732344
10,6,10048,2696,692,0.38914319174209544,0.0810931787879999,0.2460096485837223,0.08426726144967164,0.11877083395644805,0.02448980180717465,0.0008542810358233233,0.017114249223887545,0.019052769913010043,0.02574697452398044,0.4623910193148374,0.14852211800700799,0.024977768811897567,0.058111031200910414,0.009310969961455246,0.017663701177844708,0.06718183933489927,0.05969215014550788,0.0010555738114594927,0.09965459178172177,0.10715840351211278,0.00225084008994631,0.00303563099036252,0.13712713833081142,-0.0003100617827438257,-0.00016609553050842552,-0.0012574103447744456,-0.0025940644538521517,0.003878919654013996,0.002729942998347651
10,7,10049,2696,692,0.33421887923873234,0.07952651777303324,0.2028036638942216,0.08155435640878908,0.08807757956352938,0.022347368792176532,0.0024210052911056825,0.01410062010155635,0.01545560168277213,-0.006306349147633205,0.4638145266279774,0.1777817172453753,0.040675589331935005,0.07556596818018117,0.007643797727748353,0.025146334825786244,0.06234168531166402,0.07054987148918768,0.0014196752126644952,0.09625403521940286,0.10448276963189145,0.0032784867202401867,0.0070208059726615925,0.14336395153715595,0.005374666335050899,0.004394573471135593,0.003137311679612975,0.0003646881778056721,-0.0013851078649786742,-0.008775256119572278
10,8,10050,2696,692,0.3279022112674124,0.09219398394614123,0.20679646914791078,0.06910190313099875,0.09825201658583962,0.017662982123937528,0.005192178262595543,0.021803416471812463,0.00022754966143591625,-0.005136743746389371,0.46173612686009263,0.14723734295423813,0.0033752455890934618,0.06948146356289855,0.015572588441608571,0.01190940071013417,0.033256199592235816,0.058857158343552665,-0.0007366962711841063,0.1093085197661114,0.09679388278484474,-0.003615425409781159,0.007920313614553153,0.14317128920496378,0.002027176625925503,0.00275781092146985,0.004243617799901384,0.00328906621502979,0.0028722527901431207,-0.0029208262694136065
10,9,10051,2696,692,0.31240245207080874,0.058652975678091156,0.18713860396031623,0.05612510520553489,0.08685766223290003,0.014554165963353178,0.011951523208622455,0.010024827500443052,-0.002589099045790694,0.0020567783957310738,0.4868287796226698,0.15909682332750189,0.013434141120837744,0.06772513882780684,0.013335810725335639,0.009520765916741131,0.032317184907486994,0.08343598278617273,-0.001127819305994021,0.11481025754930423,0.11720828553657207,-0.002486863739044204,0.00487155956363623,0.1505939734028388,-0.004589386153472458,0.004627017270914913,0.009036286399786398,0.00044644968995913856,0.0026809552557375384,0.0020940406256881373
11,0,11042,2801,587,0.18625126562706001,0.0023403804402964247,0.06028476373998935,0.017844641965288184,0.014183637273113309,-0.0033806143014729643,0.006624208552016011,-0.018589775750390624,0.012199961512443758,-0.0046763043612664205,0.33396931711115063,0.031015115357539935,0.008807879889808069,0.02673776071876515,-0.007112490741555044,0.006705525534565232,-0.0135518348251493,0.0457799783047869,-0.008609118464878524,0.05856823692213551,0.0726070511620906,0.00462320054834881,0.010818682924583507,0.07722750447124312,-0.005886436199196515,0.00517480547473419,-0.0012208951161031046,0.0008258593574095807,0.014680437907422383,0.007245532649557601
11,1,11043,2801,587,0.20357635600201462,0.00452732923833232,0.0743471656740992,0.022380995683431874,0.02441331958005895,0.002031196757881837,0.007961615982180587,-0.009303122394355452,0.0014365027524320922,0.008274085224642227,0.3149571278793935,0.021740859728921164,0.0075841029833271624,0.022714648374962898,-0.010439310984214755,0.010899782491623817,-0.006015319993087703,0.025288334014545555,-0.004812690937690695,0.0526652927525364,0.08202360047957873,0.010476226734301014,-0.00532536370572218,0.06329677805628435,-0.0002647287081191052,-0.0008551829294454416,-0.0008501932503998833,9.599456511737437e-05,-0.004523084167701102,0.003390458508921207
11,2,11044,2801,587,0.1906971893129919,0.0030049836200085472,0.062373679982896044,0.021894807662369252,0.02034944133411646,-0.003752466943882615,-0.0009084990839766272,-0.0020881234260973743,-0.021442546791414947,0.01846931950307577,0.3250999183163863,0.007539380794360051,0.009046951610594111,0.0309825783812758,-0.012798521632830101,0.016183476544211633,-0.016083413098942217,0.024144955177745175,-0.012129201964660769,0.054424691921349855,0.08410568871125561,-0.009846466190467102,-0.005320010801936703,0.07952051564411003,0.0020799694693780734,-0.0030766015439731066,0.0009275217010681125,-0.0075440700676440205,-0.013119426569589665,0.003080464021036128
11,3,11045,2801,587,0.18156192098096333,-0.0023985915658593453,0.04950284428297783,0.017600093093035486,0.007033967211701753,0.0009398024004683813,0.006502789724466221,-0.021158175430573252,-0.004103948776837743,0.004151330598640523,0.32240083087490756,-0.005136082742537518,0.005473995773092799,0.005926345956753576,-0.014816173046451192,-0.0016874803511355229,-0.008772037350463358,0.02909517498057045,-0.006695968811319719,0.051066234368986586,0.07213189884165967,0.002894333353643286,-0.008775534849642747,0.06065700979609408,0.005454102322487509,-0.0016749395748552442,0.001465398290681108,-0.009471155053785364,-0.0021604544553939786,0.006571649512069777
11,4,11046,2801,587,0.18672897000487368,0.003019089187763746,0.05089378202256967,0.025254565313879908,0.016506123880069726,-0.0005506514490160541,-0.0006435874549533954,-0.005149495249263178,0.01215559102827678,0.00951336874440951,0.3315634743692689,0.020118892151277018,0.010159464860709361,0.017948930157079962,-0.0064911879955269315,0.006807199587032353,0.003975076769520469,0.026896182771385047,-0.012167126274413752,0.05171186271040673,0.07555305334101761,-0.0040330696246002554,-0.001496512990284915,0.07960457641221079,-0.009480767199196428,0.005919368193117258,-0.011198585575158921,-0.01562524411721255,0.005707499850982156,0.0032308844042213012
11,5,11047,2801,587,0.1764284052051168,-0.0012356458650786772,0.052311610096134206,0.011124094386299641,0.020079711977822483,-0.00880979204765248,-0.011465227261562525,0.0048969542895704685,0.0006186393352666242,-0.006660432809144948,0.30549075374123047,0.02250276351617267,-0.006024545524795655,0.0037622532038599165,-0.009139796374764097,-0.0014876267629398698,-0.022149510491281898,0.030140583213517792,-0.0026311508273008156,0.028938837061251454,0.06104924708568913,-0.0038244890769355056,-0.008797695328736088,0.06337837083473903,0.0016519437913751656,-0.01918558883997042,-0.017866426273161005,-0.005170312465326787,0.0037739007152509663,-0.008333419440057416
11,6,11048,2801,587,0.1952891800077437,-0.002907300834224258,0.06307251754857306,0.021733947907975306,0.016675870484943043,-0.0036100167594967396,-0.003940528103366189,0.009048779140355432,-0.0008905888605083623,-0.0020657943700849364,0.32126623302239665,0.051115568457371065,0.009259423610678075,0.03566218848149284,-0.009872682760937801,0.012831563841942496,-0.007894853391257778,0.011479488207086974,-0.002230860106726462,0.07070766933230041,0.07570565912303154,0.0017571295096503459,-0.004108473220602571,0.07973139530795809,0.008172347727173063,0.0008180307994483215,0.006533555510009603,0.007579684830196299,0.00037935344797437875,-0.002767640066790833
11,7,11049,2801,587,0.18458629913079347,-0.012643967463061104,0.06065469239074276,0.014136067281409778,0.013876769772657258,-0.013384697270366808,-0.007094702093593577,0.012671351491885117,-0.008711877205846177,0.004429206415698275,0.34928111715073273,0.07977121057670218,0.012505801028009161,0.02045015234674971,-0.0006968837138247696,0.020033504438023052,-0.00606467838229881,0.04771219798816055,-0.0037689350887507135,0.06305911553122776,0.08716953607002706,-0.004350471184648141,-0.009325720505915175,0.08150193945580708,0.003687599033349065,0.009757796404932522,0.002845448332144346,0.011916645652685548,0.0023545992160586616,0.010981895681917852
11,8,11050,2801,587,0.203623430357473,0.017380793464366814,0.06466515962926828,0.03263778732993864,0.02449253611684887,-0.0009927486790117818,0.012443171334492065,-0.005966254868815443,0.008804693179863824,0.014452402952605489,0.3200343197240181,0.0234282403311802,0.008996552105203937,0.03861834503087999,-0.004593746945418825,0.020443846322105018,-0.0020337124119516716,0.018852336817535818,-0.01367655623975877,0.05083227705936995,0.078308848113396,-0.005996152286461798,-0.0030942754389349904,0.0745131534988679,0.009323012720829499,0.002423397114668863,-0.002064275002168647,0.000185768979046691,0.0010605661198803851,0.015319395047183415
11,9,11051,2801,587,0.1792423178481746,0.004100537838173499,0.05395298499936076,0.017915345997463562,0.017892077754522305,-0.0021083466709443527,-0.015922843733814113,-0.004100515787821035,-0.006991679739015997,0.0021538527067038018,0.30411683906487613,0.04173506515769871,0.012679100096655354,0.013157474318290724,-0.002894753128820332,0.020356471310433895,-0.009354269412242645,0.017172482916445152,-0.003404402993228933,0.05079097688282648,0.06690515188085258,-0.00047538432860133595,-0.0041946990501741275,0.06205307118435695,-0.0012264015931707285,-0.004398806854685483,-0.011563484961322812,-0.00828195699238366,-0.002883626278636503,-0.0006625622831513966
12,0,12042,2740,648,0.25595944814063437,0.055035880059558506,0.12477727133547649,0.05036145742308209,0.06214360164038128,0.03442450784669473,0.019477093511477445,0.01600394864831528,0.007815920055299467,0.017467881799096807,0.3536859204829467,0.06969005500757508,0.0259617704250809,0.034162622579894,0.018765397549128465,0.030564006561565854,0.006885158461200297,0.04102142986834701,-0.014817891764906744,0.045042736141470696,0.08504055538250596,-0.016452230323668167,-0.013839337844958537,0.1358026802352898,-0.014288495342565627,0.005519347937712854,0.006519151088785901,-0.0007837504303256748,0.018728018417497733,0.012213079974767694
12,1,12043,2740,648,0.23271991377571352,0.034669811213839975,0.10420467097620323,0.04662680585610991,0.05715500213751952,-0.007798649599590096,0.015335000574247928,-0.019820607086774272,0.011870030332202358,0.0010138983948720288,0.35543862604129034,0.10156213084152979,0.02626925639879408,0.03959499866676324,0.017750950351407956,0.03798857737025592,0.021654241871436164,0.04207059661337488,-0.007158655524806562,0.05437916460980927,0.10147191733053029,-0.0072754267164899635,-0.013469368227916712,0.13637105708990602,-0.0013157589592461272,-0.0002708545686595232,0.003621531330842287,-0.005697090278580769,-0.004975896593501961,-0.009601860055451984
12,2,12044,2740,648,0.18986602627374424,-0.002624305924333972,0.06239848155456209,-0.0018548963211883263,0.021265043776866957,-0.009730900794218914,0.0017842735187641845,-0.005149339291636931,-0.030602363275061363,-0.013033229215370756,0.3341047921207962,0.09725231351980226,0.04418702307680791,0.022084059536509888,0.013512091436340712,0.04644762821269243,0.024457544959976492,0.04685790068118105,-0.005278875922783699,0.039627750715374596,0.08373821560333425,-0.026243975097873323,-0.031931155494512135,0.1135456878236264,-0.010039221414820582,0.002962112648975085,-0.0003531945741174547,-0.004567830985490867,-0.004529208994418982,-0.004064614549992285
12,3,12045,2740,648,0.22888260179159953,0.0192762102589634,0.11190370051019398,0.019622869503456555,0.049232426262351255,-0.006320497174383405,-0.0013584953378055098,-0.026443371233223444,0.0025977426123532515,0.007249205304387352,0.3566536011499343,0.11470817430004718,0.03560878982892371,0.035952455377678834,0.020407330321472288,0.03551183603653234,0.02892622053148387,0.06652636518567978,-0.00038274382644645224,0.06251618011708637,0.09853169286965131,-0.004036398438350408,-0.01212993425472692,0.13275008626108392,-0.004954324878347011,0.01015125774989426,-0.0022404359830024423,0.007272595621761746,0.02434933019042033,0.005257079682160953
12,4,12046,2740,648,0.20404338196720878,0.03184074572873512,0.08030336366813481,0.028689948303872104,0.04843580020911716,0.004496172901232662,-0.01295215680315472,-0.05069256923222387,0.001731687958498171,-0.002847730931645087,0.32877172240502395,0.08434667461558429,0.02649124929153638,0.02282306905425574,0.018141857487879436,0.040082733557661114,0.028841435853109432,0.04451886280836108,-0.004407580048225862,0.04485050479059074,0.05783713587314062,0.0015983965428809865,-0.013650381144517854,0.11113632546061236,-0.0007442714135071305,0.001755614157881391,0.0012939469041230501,-0.00026606786570624875,0.002788668963442925,-0.004640816708524453
12,5,12047,2740,648,0.2451156051070802,0.030918776041667116,0.11764153354189175,0.04250659048495634,0.05240982641172185,-0.00013382922644841478,0.0022450182741941744,-0.0017416293107790277,0.005464765712761924,0.009666861030469912,0.3586602708563039,0.11808435276990017,0.045132698365275496,0.033806115543618884,0.028286277929894292,0.04837813165833061,0.03327352881473924,0.06376766745881268,-0.00443020209591623,0.07034067219458513,0.10635601277559333,-0.005013783339418371,-0.005773989313993122,0.13639855081773256,-0.00310249371364264,0.006909059736711532,0.009854759759758575,-0.0066873576941270056,-0.005182828464677869,-0.0027113178805557416
12,6,12048,2740,648,0.22036083062333744,0.017744142322648777,0.10235768784283002,0.025304097214712468,0.043006424217632754,-0.0010095258021700915,-0.018155441457923437,-0.0011738508993374946,0.0032785599586886787,0.01792284007193264,0.34662539851885515,0.11367049528732606,0.025269964559422476,0.03372799940282153,0.02190855857300898,0.050065538814937006,0.025901403342006062,0.05688418093235348,-0.004975089922293707,0.0543320789413428,0.09000931676990573,0.0011873031317235993,-0.015441087237500383,0.12693747090950555,-0.005305553097636351,-0.0015815434027348918,-0.012169734843306962,0.0032303581160373187,-0.008774178335164006,-0.006480802254393514
12,7,12049,2740,648,0.24085433778166748,0.027114853760354225,0.10985099977599591,0.0219762065837273,0.06137176169293686,-0.006607991481782008,-0.013472694820284032,0.01672457529470218,0.006119005837350413,0.016884118887751026,0.3468756236412152,0.10820525179218024,0.02085097908227924,0.033046309211466646,0.013619193182334672,0.031394309495403665,0.013061583261987631,0.05141282804286755,-0.013239548312186582,0.048775827913539085,0.07636591264722711,-0.017056530806967653,-0.018717389597767937,0.11499029198874393,-0.0077313677172905606,0.001132408121446943,-0.006792682945048212,-0.0013301357436197314,0.002156873039470103,0.017392795730415078
12,8,12050,2740,648,0.20873479481891616,0.03804115690906638,0.0950764905781594,0.03231861263325484,0.04444011625262925,0.009606356746366212,-0.017966409689401688,0.010437978634825535,0.006771164125221721,0.007788631304998672,0.3016812231556931,0.08920652856635805,0.035351131217121044,0.02668341376689428,0.012748888225768107,0.04122057683730901,0.023137307932732675,0.058687794099866186,-0.007554931185683689,0.043870907519383925,0.06657980740265504,-0.001490090720127024,-0.010711995751244135,0.0961590854831946,-0.0013453105074334114,0.0036754476743530605,-0.03153855022965029,0.0019658644243021107,0.0008717660382252968,-0.002520184798832009
12,9,12051,2740,648,0.2236687105987942,0.02226169552086401,0.10175271968946568,0.02367218453821021,0.048954895328470305,-0.0017750351412370636,0.010721969902569673,0.0077301014951354444,0.0009532080112031133,-0.02334214782404944,0.3591926190198679,0.09960473193908512,0.03604974707090974,0.043730171867892645,0.01699138553477868,0.0445011566600395,0.042329696485513824,0.052848709264718005,-0.00723111740080401,0.05604837372644842,0.09632609793955854,-0.0030340046784996743,-0.002553610183729038,0.1340636614213997,-0.006873783775450076,0.007323809784957574,0.005166475562722051,0.012554222818331273,0.0009597438810380554,-0.013988876845628034
13,0,13042,2636,752,0.1828647643897016,0.012032513687290677,0.058269809745837474,0.01355233375119661,0.008122078125439098,-0.0093006743168665,0.006140742786943298,-0.0028261386285360957,-0.005795678652308586,-0.0023142428793579196,0.284399860703769,0.07878291812025895,0.010103421080931447,0.004468653458602584,-0.010250922584195788,0.022339449791696237,0.01473144689481066,0.02046554931373363,0.0008425348645550168,0.02666399744333553,0.04111589359510374,-0.0025090808441955324,0.007104750058806547,0.06243504420219265,-0.00047327772149911574,-0.00340330775087157,-0.002428237122545468,0.005945717391058219,-0.0003948466897428893,0.0011125864262963691
13,1,13043,2636,752,0.21295656124813736,0.024791237355193153,0.08151090191012497,0.020646506077783573,0.028728417961456754,0.014357710159007933,0.010488508461163082,-0.0012119962901313759,-0.004956529671121546,0.01268265002047488,0.2843865681818339,0.08695506137597271,-0.0010457675989726466,0.00921809270796336,-0.012851163369212142,0.023589869251173727,0.010077825730863433,0.027871612678772036,0.0012179262110789957,0.01661858371054317,0.028999316673262266,0.0007495159489896263,0.005703963464134848,0.05744953424250647,-0.0004999220488970391,-0.001015771998993914,-0.00541549627134299,-0.0009346599683003554,0.0012797233528625274,0.0009664351810895755
13,2,13044,2636,752,0.18447087238487864,0.01540747106450642,0.060037359908723276,0.002826527402188003,0.018880718638478483,-0.0076419685588908215,-0.012917193228419926,-0.0016601752076551874,0.001377649638638806,0.00304425010020517,0.2822832374056271,0.08355406497448073,0.016647452981594875,0.013220241406414654,-0.0029404485118383226,0.029950997493538856,0.026982533249965756,0.044495355774556565,0.0020128402446104644,0.02683762845291509,0.0466061886489449,0.002467392308504607,0.00904678667593713,0.06113511250697562,-0.0003015793473697181,-0.0024721357490852134,0.0021977960829123065,0.002136029707976289,-0.003040409850322512,0.000548729729609404
13,3,13045,2636,752,0.16539179369286705,0.0035901488902208623,0.04962073647258104,-0.00397109076201368,-0.005023273165006242,-0.003445335079359099,-0.010179417098312802,-0.005467026833776201,0.0030629407118475116,-0.0030349369291576417,0.27570996678576726,0.07015291479298276,0.01347745227999218,0.004187953914246312,-0.006587198006330397,0.023579072057890615,0.01834348150819687,0.02445794372089812,0.002316621111693096,0.02652170643707833,0.02794855313980999,0.0021632811135472497,0.008925967901392273,0.053692026807066154,0.0009817316164771994,0.00044947785002036886,-0.0001279993477455721,-0.007377404841111296,0.008419677757159932,-0.0010496861805939673
13,4,13046,2636,752,0.229778055299797,0.02306981079302496,0.09550526201685403,0.02745770458587531,0.04282314268711655,0.013049404074536562,-0.010466227053994595,0.013749128343171314,0.0007210480864717872,0.017894536366289845,0.27923841527207816,0.08431692552185296,0.012476549876667275,0.0052514910461941375,-0.005531744055600129,0.02173300688052377,0.020158602591893872,0.042917748640075234,0.0002195920473276547,0.02517948537733975,0.03073065622209741,-0.0006983921888660705,0.00582010866559241,0.061365972696949586,-0.00031507181815345063,-0.0028696392891175817,-0.0059198422866414465,-0.005227514818018658,0.003556298999599067,0.007706986635266383
13,5,13047,2636,752,0.1977851748488132,0.0073649833150187085,0.06847715370063095,-0.0008948944958859755,0.023467980680283988,-0.003918578140672399,0.0007185043497272226,-0.001093745055049919,0.005647999102228604,-0.006614903007308839,0.29653412440264926,0.08012421636658526,0.021384427942998656,0.0078056991144467795,0.0007666236423224781,0.03149456424714384,0.028262600104081805,0.032022068631126166,0.001596781867365693,0.025738631153669866,0.040186680808748744,0.0006107086809770124,0.003092148078860296,0.067554782303993,-0.001672410796329299,-0.00040933767880775297,0.008868632466486132,-0.004668640927628231,0.010311980125061636,0.0030705078341662696
13,6,13048,2636,752,0.2082317022316207,0.02590634544431251,0.07572281737130489,0.03723481270438274,0.030946413727095036,-0.01736879471040209,0.012345807766282283,0.01873479148889783,-0.0003567983249206652,0.005491050197107153,0.2844609638873532,0.07893948115684445,0.002575580266985578,0.002100901592248994,-0.010276211649128569,0.028493907001199997,0.01425020167432205,0.035518403936001516,0.0028518366424291675,0.028626430102391593,0.03768623419358148,0.0011142759120018775,0.00629638478707964,0.06922253199520985,-0.0014453031183643827,-0.008016008384271956,0.006025463565619893,0.0004944709638524281,-0.005429653920803268,0.0013890354427359864
13,7,13049,2636,752,0.19236538529008382,0.016886532915422928,0.060162228139032756,-0.0015942621070913516,0.016995920881966976,0.0005293435945664504,0.0020211293658152774,-0.001459977572175783,-0.0012074127468816392,2.497251383886956e-05,0.29082164860111853,0.08013758704097007,0.0030071271647799103,0.012383275199354296,-0.0022627074085676104,0.02273849099733055,0.018853437142478627,0.03388370532419503,0.002054105903298231,0.025437802237776114,0.047427037768407676,-0.002824592758819744,0.0040684405884215905,0.07117097762831745,-0.0015482861645893576,0.0026080812474211013,0.0028248350562144254,0.0028858911179295453,-0.003692479311932656,0.00036618680203443497
13,8,13050,2636,752,0.18754761612204376,0.017583516356999472,0.06044067961786663,0.009634740178930212,0.012807465810180451,-0.00041572877944379973,0.004520655405935834,-0.0024750876118968396,-0.006574729677049954,0.006387631612414837,0.28885755031619514,0.08568236218350454,0.016473678035853333,0.00541251787329827,-0.0005384476873648347,0.024033316222349766,0.027372588093746552,0.02567539538314619,0.0027164455064005387,0.03090751140736798,0.026796438737754634,0.003982860125650645,0.008911443013355908,0.0643409956135034,0.0018571853435327967,0.005423650328697055,0.0027830376143495317,0.005348867431791149,-0.0052453903467862325,0.004355441379897057
13,9,13051,2636,752,0.2167691552207587,0.02993128392293697,0.08199608017490288,0.021750816702938512,0.029068192127451032,0.00671460226154677,0.0037129444323270033,0.028831195159982836,0.009511266042950911,0.016603379730306633,0.27391733081594877,0.08147548148444339,0.005280076797042621,-8.370340464115001e-05,-0.0157969576348679,0.02448255433299676,0.013313297689626755,0.03208585269083486,0.0008024035950470798,0.023181030325485342,0.031901463622623936,0.0023181740527290218,0.0018428765656815504,0.054523939372278854,-0.001057378896683564,-0.00041704627833763497,-0.0013413207439314124,-0.007336257369011068,-0.0008951002417111109,-0.005100346540841977
14,0,14042,2706,682,0.4186505841933456,0.1087238848797923,0.2335414042844104,0.127775330639179,0.14881245272442967,-0.014214710701749128,-0.000502874764096417,0.006089521334541603,0.026242577324052392,0.01793351473674922,0.5307987489151307,0.15384253371104634,0.03187602599863987,0.04985323750114658,0.013420685707179369,0.05944899799559433,0.0666397146081007,0.08580173642708425,-0.0027993960426390572,0.10840466168109775,0.1137594866917145,-0.009898856932261158,-0.008395928629901617,0.17529773402808838,0.0031258805948794154,-0.00022819247752631222,-0.004799866186157786,-0.0038921034980173184,0.0031078846730797525,0.008503553774853123
14,1,14043,2706,682,0.40561195097361236,0.07464874125995297,0.23019608597230806,0.1234314461807968,0.1326044833494306,-0.0016681954688511857,0.006497022943662767,0.0039679798675399,-0.029023840985049943,-0.016116122203837062,0.5374890354648628,0.13006764876668983,0.023213394344477535,0.03176098152104749,0.013278487550345741,0.043431428623768115,0.03627153235973706,0.08626450574900064,-0.0033120082359367033,0.09275474868106195,0.11909041907712317,-0.0015478484367287936,0.004383074424181543,0.18273112902989117,0.001488594106929686,-0.001938094563974291,0.011433508427049289,-0.00024122658910478157,0.004498745490749312,-0.001205894431794019
14,2,14044,2706,682,0.37137880382515,0.05083921018970243,0.1886344179762654,0.08672532829776716,0.10107564656500065,0.005893110923106732,-0.018116830484208923,-0.006684652237378119,-0.0275137335199859,-0.01241345800433824,0.5311148337822941,0.1482494488310167,0.033598509482377095,0.058784344122586575,0.01383007756555581,0.045509501084409265,0.06216260035171221,0.09716896603858456,-0.008271843045167449,0.09803428268784363,0.11074796059092425,-0.005753193355122454,-0.003420438816246951,0.16592933665015677,-0.0015385753441381378,-0.0014895629147175682,-0.0036082127643879748,0.0022752407661406292,0.0018812114065149487,0.003175011839738162
14,3,14045,2706,682,0.46149304960745274,0.1562524322115662,0.27787115484351366,0.14016466219294627,0.16124037504321526,0.02020634636761991,-0.001797023606492676,-0.00875920125516248,0.024736029550762817,0.004437259941772853,0.539539890759148,0.15024831085343043,0.03738473038262648,0.050336668431798404,0.016411900708348415,0.061543274397441186,0.06219615157366798,0.06853113209824786,-0.004553615221317864,0.09799094579955221,0.09551902802647752,0.0025969425827369387,0.004306491748414775,0.18334319360631654,0.0015219929670536093,0.004474078884818822,0.014270963443696428,0.0035787519851736118,0.003570630349163784,0.0017312496950598888
14,4,14046,2706,682,0.3935625657647602,0.09621659981119426,0.2122546772502584,0.12620176570834873,0.14355120113897585,0.003277245925269706,0.01844032111103363,-0.006544386061085067,-0.008829984498328097,0.016033843095458196,0.5107283850439716,0.15936849660478664,0.052741539471630114,0.058381441214953644,0.021697971089149642,0.05423793266036292,0.06341335164280296,0.09388827560362584,-0.012700522042197359,0.11553121372124049,0.09020200145259002,-0.003822494359991857,-0.00798814479370128,0.15988428374721822,1.6179122804160784e-05,0.0016716436659517497,-0.0011904075929369596,-0.0013408056899578357,0.002717208819166428,0.002446041120007669
14,5,14047,2706,682,0.44584510198248517,0.1212822446899042,0.2534325559731715,0.12042990154569844,0.13601559287983972,-0.014894397634909457,0.023835434956987655,-0.013312751324158333,0.02170468774921388,0.025528428730389748,0.5605030976687523,0.1530289032019725,0.028675855079423985,0.05406097125411331,0.022711488320810602,0.04016276452039384,0.03454567098121743,0.05859774504703099,-0.00530317639143677,0.11460040386297128,0.13568277590648084,0.0005144651420147528,-0.004557759386882532,0.18216537075867628,0.0021185399461485454,0.006459615889912185,0.011002594807615817,0.0049491320291601415,0.002297759218193107,0.015474278359990833
14,6,14048,2706,682,0.3916657315517467,0.07918940857108234,0.21775898736802807,0.10329486977441685,0.13186538103560336,0.001210668163989409,-0.0007985854700436834,-0.0019651441581174434,0.0037071485829782815,0.001034988719538893,0.5249601996115171,0.14456179000680267,0.029071552397779178,0.060339065189138875,0.009452143205094321,0.05549839006464663,0.057648455293065524,0.10849905289943448,-0.0057822353997469935,0.10653148786314373,0.117842572301015,-0.004631336747021386,0.00012150852502010868,0.15704334677611284,-7.921099875461968e-05,-0.006918970181544815,0.0023212477768845717,-0.0024360950281521855,-0.0005525736418311112,-0.008655980122684736
14,7,14049,2706,682,0.42000138147095367,0.13444083090205955,0.23453116625683293,0.12195264633789867,0.13637242813236622,0.0341846639279728,-0.010140918293854651,-0.020779173319053802,0.020097816229814897,0.004188334778489971,0.5361492812599962,0.16731433055018552,0.021012764760438563,0.047396641874188385,0.011818772610987039,0.06189235981942942,0.06916948219116166,0.07962881467121001,-0.0016869439266825824,0.07838706847857313,0.09013024918728425,-0.00264424596424756,0.0073889358725744425,0.16486349567191144,0.004170275013159352,0.003249261403073844,-0.0006750949857399658,-0.004890673058951622,-0.007853909600916243,0.0025424949718979017
14,8,14050,2706,682,0.4251477680843535,0.09124861630725714,0.2368878356547754,0.09806898943576972,0.13228005616654695,-0.010974648257721736,0.021918681658747254,-0.013142461273883316,-0.0063311870928745625,-0.02304199493763298,0.5264483043472641,0.16639337094230444,0.02977457366236367,0.057236813559544485,0.011009043201170438,0.06284799503011178,0.03886687788756525,0.06663667534170761,-0.002447916753395529,0.09709638769564577,0.10225781884128644,-0.004696236788311925,0.0007230627866785189,0.17326483035668414,0.001816764045707997,-0.0013667908475915591,-0.0020769812535794798,-0.0028400635230203864,0.0030234288967705856,-0.003971164483512491
14,9,14051,2706,682,0.4165933709571641,0.095370062931433,0.23205436913475866,0.10325927286896948,0.13556822330269722,-0.006911272744506186,0.0037724066933518983,0.012944158007983559,0.0023068345546421176,-0.009620434387126408,0.5420886735563041,0.17208964474410834,0.02200408527440597,0.06624433265887722,0.01852555333887762,0.05341145158890246,0.03695365271185101,0.09846991729968224,-0.002922250806465088,0.10387426299188252,0.10825408787904248,-0.004510118109734451,1.1520474775106316e-05,0.16995593382433075,-0.0008601105995474035,0.01011484422297464,-0.0014625703824942993,0.0030593269397457103,0.005036344204280119,0.004609907491700538
15,0,15042,2684,704,0.2856969516980087,0.022930978195723456,0.14866257499843,0.024417259091125704,0.02758958114116606,0.000442894340633182,-0.005353434668783158,0.001758348918357655,0.011352652509919908,0.008050079340240041,0.46556797333692757,0.12976530135403802,0.015866921460236542,0.016793771469552764,0.03138142445492446,0.040395117246941586,0.025826791547347582,0.027829911112297823,-0.0005820006405304112,0.04501980420360261,0.05788187766006453,-0.006821381983889524,-0.012210192735569624,0.13123996010043631,-0.011270505173238587,0.011147796505057605,-0.009477665662839974,-0.0032484537355799204,0.006292193259432188,0.010906359900281947
15,1,15043,2684,704,0.24859008266475857,0.030246072134902262,0.11552584948047111,0.03557351750336954,0.014159477235120049,-0.00017479108276153565,0.006233423411394279,-0.013781819609045143,-0.013588378079242255,0.0019967092396840276,0.4530895429892107,0.17008373029157914,0.021109987531648472,0.029940159856407484,0.014174685374561685,0.036646980324465527,0.05542862021345133,0.04191795028872629,0.006423502971548251,0.06157684080223271,0.06527463368362967,-0.0009410783864690242,0.008168423050782265,0.12410296820767519,0.002509685971576303,-0.001506014472730799,0.006688837207874382,-0.005755828530287804,-0.010483280134025497,0.001431357761639679
15,2,15044,2684,704,0.28808028546517295,0.02533341069059324,0.1495071198717157,0.04666462168589714,0.03215844510519693,0.0025513420658959673,0.0045317952647993985,-0.00995835169948207,-0.003160848612962869,0.011345262757938412,0.45824426188508993,0.17057906921701876,0.029830843897473334,0.030916488188861203,0.016952862230479947,0.025018019257369017,0.055961075631157486,0.03935547793636125,0.004559929988680073,0.05479642261189499,0.08124100202304137,-0.0034626067887634114,0.012280326200355785,0.10312097829011804,0.004770086598444306,0.002361243161844745,0.010754813979634237,-0.008833009301076427,-0.0023608507658826605,-0.0026995742835369376
15,3,15045,2684,704,0.2857654678056871,0.008287507489509235,0.15335027609965599,0.034177012980220696,0.02924278319013194,0.010065619638384354,0.006347719402973994,0.00029235365980539443,0.006771205006165531,0.005708086886673985,0.45100430832521415,0.15602385154586026,0.048213855501520075,0.028405036008452466,0.015602476381343672,0.050609190167599474,0.03729324273952782,0.05128329775538668,0.0028470312454279057,0.05337882734961007,0.07844621930157245,-0.0014436526871451638,-0.005109038102653923,0.11126060759417478,-0.003015004412727862,-0.0003676510642216524,-0.0037309825709673063,0.007974379316100861,0.006732203355314187,0.00046206051519632194
15,4,15046,2684,704,0.23937413542410343,0.01179726892565098,0.11144031597925208,0.02267172853240959,0.023841866310148264,0.0036959447453215584,-0.015492135880988805,-0.009734038892233588,-0.0010340712993520324,0.0003926007257029129,0.4230472737341114,0.16969917691178443,0.030130625264663164,0.04112881716742006,0.006108996520237298,0.023768352310653357,0.0454964049572318,0.06320885915553096,0.0017583556617474737,0.05718328518889594,0.04988178704897738,0.003520669426016254,0.001366279379429719,0.11907521527082199,0.0019184737576336762,0.0010334832770921842,-0.01428582978392085,0.0007069251220121808,-0.001355590384259292,0.0013386622170317275
15,5,15047,2684,704,0.3039543199718051,0.014728701363241442,0.16147015402010606,0.04128940653469049,0.02151799328156338,-0.009743348416239878,0.007324189942183218,0.004639683364730435,0.023876587666062175,0.007185446028029724,0.4579167084732987,0.14651615253933384,0.050183213753463705,0.03740444949001496,0.01228853326564273,0.04062667018826626,0.05113221270521875,0.033297874197544805,0.0005465656453956802,0.05340843107776931,0.06559070668148215,0.0056810484632760895,-0.008415590234779552,0.11983867387799478,0.0030502492525871505,0.0006544261952441454,0.0028847487259900497,-0.0022384370692046297,0.005565945562387209,0.0012573146026572835
15,6,15048,2684,704,0.2975608152561685,0.034140635096526914,0.1586056445511776,0.050893303794074064,0.02583923361029239,0.015141007231927333,-0.0025351985238386775,0.01562654534084464,0.005178950134687582,0.00874947522601791,0.4642352860769166,0.1645837734989653,0.014718811525311754,0.0469818952610377,0.009241445270058924,0.04248182384461509,0.06385642316488266,0.04132554012283844,0.00416695946632033,0.0668537464459938,0.06884255713013873,-0.003132502681469573,0.007039630430291643,0.12105215940474881,0.0038969968450107808,0.00598685370499627,-0.002710965378167579,0.010572041365619095,-0.0035104511889523294,-0.003923018921914784
15,7,15049,2684,704,0.30912006161398253,0.027530457313416024,0.16985983384804565,0.05172744862305765,0.04121582785197089,-0.005281976216509115,0.012197840664925541,0.009348975702378266,0.009667459467663658,0.00485141311797122,0.4772815539529498,0.1435351563028842,0.018343428350117718,0.04829506902883969,0.029735132718659036,0.03766412676945042,0.041994070851842806,0.04649590795319334,0.0008150905788971763,0.0641400352561684,0.07195859262215185,-0.008684804908360011,-0.00447816172475185,0.13238164932007904,-0.004788964592572187,-0.0001532549287188767,-0.001040033186620437,-0.008395707161126892,0.0015319840245470394,0.00029337973290333717
15,8,15050,2684,704,0.27292392532391985,0.020448383481701988,0.13533149047851328,0.03346264330718629,0.031051386397449077,-0.004514561952365931,-0.0033237575094902994,-0.010823552499508476,0.008371511431703204,-0.007405926459351286,0.45523098701661335,0.156654115056072,0.038337836529463626,0.044084765377718396,0.013506169641836891,0.048878084741495485,0.030373071455593842,0.0296918544149929,0.0015165914180468698,0.06158900533889684,0.05480176424924791,-0.0045348071232148065,-0.012793763936005615,0.11484019162859896,-0.008726820000375186,-0.005113830785704205,-0.0005962789209454256,0.00018323255266290418,0.0034330654604044055,-0.0034796811880929536
15,9,15051,2684,704,0.22669279125811226,0.017488695639018746,0.09344951996288768,0.016004035165066367,0.01821066090327214,-0.024175405491846984,-0.00973623630288425,-0.01099349000281353,0.005683933466872659,-0.002433498017311056,0.4256955358047315,0.14285242666886672,0.046726705480698544,0.03933158264624985,0.019910308599794063,0.036738430869896074,0.05577298601282828,0.03191383025353016,0.003711832573717444,0.05978189256352069,0.06056207103633994,-0.008300525698357663,-0.011165790464281367,0.09503600762582606,0.002791809041966781,-0.008158466635671918,-0.018186713007223028,-0.0009899938861910097,0.004276556904185436,-0.0022614511518992573
16,0,16042,2673,715,0.23995108105124985,0.02548583011342968,0.09378796943207805,0.03559304172553633,0.036694348384764666,0.016821486406892745,0.0035860178753972876,0.01816874698240542,0.007148965042820759,0.01758285898329725,0.3027868478593971,0.016841304016666676,0.013487145693126385,0.013765452626798352,-0.009527932898296732,0.019793290159204037,-0.0006266274978189823,0.029702482335432084,-0.006615419140424433,0.035972545509826315,0.05615795100199433,-0.00662665800384662,-0.0020149416728002635,0.08083923716332764,-0.0023052634020175934,0.014358978281841777,-0.003863271367385296,0.01664247431918871,0.003582639882925981,-0.008337429779030509
16,1,16043,2673,715,0.22691131493232786,0.023937582829323886,0.08686682106293436,0.02801334755169025,0.022239210187388607,-0.006818271231683817,-0.0033362021047178086,0.0012386884530873137,0.020011438605384707,0.0022616535720043325,0.3123132938496291,0.028962625640474866,0.006696781693950227,0.020230546280902796,0.001204513303315502,0.018161231362381985,-0.0017334483373391274,0.022205078042848086,-0.008533296726327872,0.03901587682319008,0.06434091524601852,0.0028308328057624677,-0.005146337354035141,0.09022251662319128,-0.006045467371738766,0.0009308921575045647,-0.0014332155772367682,-0.00699486562224283,-0.00015199649385945203,0.0037505618623094317
16,2,16044,2673,715,0.18831414834776797,0.005421150473494377,0.060073472257553176,0.012678406032743431,0.017867409099881743,0.0010765567851557163,-0.002039254667373036,0.0009593416514505265,-0.0041507529145581425,-0.01764303675548779,0.2867452514241764,0.02040112771033726,0.006814237971064369,-0.005970029538090627,-0.011331816464036021,0.01183708166881182,-0.0004785505003063684,0.01616428990872488,-0.0032397572146796727,0.01960141042662944,0.03608711691698309,-0.0034991335695561897,-0.0014221776792712804,0.06991714306772423,-0.0014159071925462785,-0.013086096889113719,-0.000693355706914367,-0.002888176927495295,-4.8001603108943636e-05,-0.013185151997437172
16,3,16045,2673,715,0.18665791993413625,0.008445002274061109,0.05436153223429019,0.01431932499103808,0.009416942280724344,-0.0190077079897304,-0.0009633889572544629,0.0009127165038603918,-0.008215186700158094,0.0006009306065597603,0.29890571700233703,0.035265467593770375,-0.013960231024389563,0.007343187006021434,-0.010438105045832969,0.007653817836703147,-0.006102615258362703,0.0182377411864079,-0.006752809794465598,0.03432581702715175,0.03945671256703339,-0.0004770775880961975,0.0017284709790548248,0.07805328782148754,0.0037599993820395528,-0.011805801007237531,-0.0015445691943871576,0.005655581779463592,-0.003243748486391146,0.004748868933842682
16,4,16046,2673,715,0.18193319428685428,0.004294869422094466,0.04971016938628377,0.019269192147829274,0.008733030983294362,0.0010352412071391703,-0.010965271273666694,-0.016994812344106193,-0.00960884611182892,-0.0029184420471101815,0.3081207115159711,0.027891730579752933,-0.0012152799687813187,0.001976984045302882,-0.007905642011590447,0.013058372694038377,-0.005755402660284098,0.012381058701376601,-0.002571679609524402,0.047011487678526406,0.05926109269763502,-0.002446648398671647,0.0001443256946157323,0.08788034695681061,-0.005625603301909321,0.004727671446328801,0.004322119134464819,-0.010315795399432443,-0.018957509035184374,-0.0031464213703237985
16,5,16047,2673,715,0.22793251204742446,0.009711346174609545,0.08237451435926516,0.022791113044925933,0.01752870750835974,0.008174008185311327,0.006297151179130572,-0.005903320204033577,0.013846144693615928,-0.013676468762796438,0.3362864060399019,0.03246149750244524,-0.00034491416790716765,0.014602816850503126,-0.00030211763211717704,0.018492072719329428,0.0064393448265465895,0.015887139325060484,-0.0103882083784681,0.03896323697628177,0.06379383848304528,-0.011416852306828706,-0.004872373762266863,0.09896514152932281,-0.009581280173757933,0.009007166038197234,0.006879326610342818,0.0005743668216692865,0.019240316685901954,-0.008862901354302167
16,6,16048,2673,715,0.23690376902458962,0.017567084903907244,0.09733347555131873,0.030490474835564874,0.018799431919847884,-0.011444773307360812,0.014881361497277406,-0.008245466332141871,-0.001042083003136418,-0.00254262945932045,0.3237186273508765,0.028376812424101245,0.011665685274890864,0.021885194966227824,-0.003094610863737429,0.02467698582922905,-0.0025360145407281156,0.034095739850310905,-0.005535942615826151,0.04945290058094859,0.06786118915921718,-0.00038383767848856334,0.00929369767465692,0.09938540003610725,-0.008640817188802885,0.0017990342047287944,-0.0011499059215616613,-0.0006798955329475276,-0.0013376990543790101,0.007462132806043154
16,7,16049,2673,715,0.21404615205670136,0.009562388440310756,0.07867628912723611,0.0268155082571361,0.02117499982065208,-0.0035226570211985414,0.005496234029714236,-0.002444040610638998,-0.0074861956612754495,-0.0034993256167458074,0.31227797369412363,0.0359164352797129,0.018053623482431606,0.021137107177377667,0.004835378533428553,0.021264675777947765,0.00900397709431825,0.02339803734235183,-0.010786599133422243,0.03730437743973711,0.06054130940274881,0.0021296226054920873,-0.0067484900023250475,0.08869619539821508,-0.008529071335362242,-0.00031074326266153916,-0.0007098819426787529,0.009827588803269904,-0.011560717494973288,0.0018495556006823787
16,8,16050,2673,715,0.2539258457444729,0.0286952637655297,0.10492265432664097,0.04361870352168559,0.054187891078579374,0.023109209003914558,-0.008407203470939154,0.015783321081182737,0.0015252059208177044,0.00912031574339533,0.3234865808106834,0.04785650273070895,0.011268015358584566,0.017583366659665357,5.820738454506147e-05,0.02729985503457205,0.020262334984592227,0.015169788999030598,-0.002583774761492652,0.04531187589206678,0.06087549868817188,0.0029370824494622918,0.004393209295706907,0.09724224936026392,0.002927618866665016,0.017716883349822223,0.00644739558228048,0.005086385624942813,0.005192119782453186,-0.0009241772343066057
16,9,16051,2673,715,0.24865358692848838,0.031956056717570916,0.0971266709182685,0.03613225082437049,0.0359250560886209,0.018527793615482686,0.015260637526559226,0.007226512399884902,0.008807256151402912,-0.0065785053780786085,0.3180115287715291,0.02311654071486316,-0.00032398564200096237,0.009616481271711224,-0.007045284598131124,0.012155239614540098,-0.006748661494131431,0.029390558022139985,-0.000793730711631907,0.03590600268702157,0.06551029969342234,0.0022670461363332116,0.008785523369464749,0.09031674085032497,0.00995885681769138,0.01662163725754475,0.00034074558151252486,-0.000584111851302177,-0.0016824818702262268,-0.0005802254145697905
17,0,17042,2667,721,0.14432001799909333,-0.0041743488460388774,0.03215051502348044,0.00046036870778714265,-0.0017065179793753992,-0.00446470668368848,0.0017723545646729706,-0.009404664583671066,-0.01144156260850395,0.0009333792534917312,0.26453419074771317,0.05540339461445115,-0.0026449660968511147,0.009682756507145826,-0.011414543792115622,0.0125427547576251,-0.003011350131153112,0.019058957383590286,-0.0006416542865721076,0.03944349524905063,0.04167379892355788,-0.004359939770299715,0.003400619108775227,0.058805119057601295,0.0016774944832124328,0.003010469376096231,-0.003470924466992165,-0.0028055981147713403,0.00413843197784618,-0.007674052744301424
17,1,17043,2667,721,0.15217208443922892,0.009450854548422752,0.043357529451386115,0.0009760131580175552,-0.004530100993815014,0.002923138531086783,-0.0026924080932195587,-0.0006269112983191937,0.0012872951605595179,-0.008283147036634634,0.2647203049586225,0.07010569556202494,0.017007336987534503,0.013923382422053474,0.0013199383130608616,0.018981914016212704,0.008396882870706252,0.02520105471990407,0.006516196998959783,0.054704345390554576,0.037588761304096864,0.0014810716685650926,0.009765422894652473,0.060980965994485735,0.0011431360364765996,-0.0002760840156510569,-0.009955720495651865,0.002312531526185413,-0.0005055409737148075,-0.001184595455644466
17,2,17044,2667,721,0.1600497120143906,0.002239798820460348,0.04205167589812518,0.008119224704345535,0.004352901449436638,-0.003516879713696164,-0.0010281929107334442,0.0013357679269967782,-0.0037745304071454015,-0.0005724156511742129,0.25326676468054515,0.06473445139984793,3.999986123511545e-05,0.0013875335186007808,-0.005345160565446006,0.017792675132335005,0.005824721474470154,0.030392632606229198,0.011657732253167505,0.04170735737499294,0.041413480429256216,-0.00276862963048346,0.014068579832330032,0.043895894600365984,0.01192613732155098,-0.012137849698664532,-0.0018306419680922726,0.004576165767223686,0.000932591072588912,-0.005622709104476461
17,3,17045,2667,721,0.15559445081205084,0.01260812383343575,0.048876965296186715,0.009694282607691854,-0.0024271199351128176,-0.007276160864596195,0.004619448872264151,0.005795535905152744,-0.010608157026256481,0.003994169975373335,0.25354429811134677,0.06980557397807367,0.010268699480759425,0.011230756874387477,-0.009130028211274926,0.017232914768275206,0.000764294174418273,0.031210560496554657,0.0008149368922190731,0.0374303516838264,0.04215200798109857,-0.00011859795548237462,0.002917163715241894,0.05432732897285336,-0.0022336799348386615,-0.008815385829957157,-0.005216763803303828,0.0053496375966259665,-0.0028436332593317322,0.007638392775481539
17,4,17046,2667,721,0.1712863923923801,0.011348300222836127,0.05588193519508455,0.014551813279566922,0.00351951431790217,3.070604102105023e-05,-0.002237145954560671,0.004668401341632567,0.00049180184932332,0.003379797893314604,0.2771520869813233,0.05885211410466975,8.734310009600454e-05,0.011549012110293596,-0.006977555905898486,0.00736731328462468,-0.005737513735520211,0.018030758135271205,-4.456722079415054e-05,0.04681044880777675,0.046041923882376684,-0.001989613507662041,0.004139986768738913,0.0613328939012715,0.00032814632612869764,0.00928164774825847,0.0017804023072725884,0.0014010855798007927,0.006039747317657379,0.008538123434241058
17,5,17047,2667,721,0.1659406101261853,0.0004833793943866571,0.05166823949668838,0.006119504530358494,0.0061342499636872164,-0.005753202084942335,0.0016784738410832501,-0.0014246963844359972,0.0030736625635287562,-0.0052827820947719765,0.26797086522752767,0.0473744396058856,-0.0017025610325065166,0.00469743277160215,-0.016948360409209867,0.015332047281533947,0.009502756231310198,0.03330319739463696,0.0028917735074890536,0.03617801435823851,0.043000286724120255,0.0020374255301133957,0.012563645128241218,0.06057262619514232,0.0056654064215882205,0.003098497145254159,0.00560854489488904,-0.005992611292220684,0.0016813886251430266,0.0032926381419868646
17,6,17048,2667,721,0.16492713070906181,0.015191253512223288,0.055331152600010945,0.009988403342652868,0.0026183960978636454,0.007096751373702165,-0.002544900877739459,0.007827296351507135,-0.0006882541635658352,-0.010164322167201617,0.27055464856736255,0.07543588815188548,0.013656692178155207,0.026190686456128248,0.004150113501240152,0.02484782243666729,0.013109243814765591,0.0323414012123988,0.004197213734463112,0.055519275684817904,0.050493272295666414,-0.0006876638398302549,0.007624327369184486,0.06394777291707757,0.0036583396130643654,0.0005202383704954571,0.00432353180493375,0.012486302500574887,0.002510941485046775,-0.0035173860853732197
17,7,17049,2667,721,0.14084738379741496,0.00033815692238938904,0.033980909924340115,0.006136093114689288,-0.010329344678448824,-0.012332121402728288,-0.011089811006207142,-0.00907467424265585,-0.001207742705946846,0.0013507775714672737,0.23715901412321677,0.04373155653884221,-0.004683903896767328,0.001173714573015766,-0.016777210143759325,0.005086262738634023,-0.013540576968564663,0.014808088494400578,0.0014801389915535313,0.027492432193526806,0.020979175783654484,-0.0017937866772650053,0.004087453376044039,0.03789404962205717,-0.00044642989423411273,0.002248381492010734,-0.0025043408651878986,-0.01138174426428189,-0.0022516935311169828,0.0001896205557444963
17,8,17050,2667,721,0.1741479101339463,0.020712186290729385,0.06316111222376002,0.01286487110137589,0.006941308611641536,0.0005827093531777516,0.009742739151337807,0.011746362648872155,0.00018557056639808,-0.0029276947145564446,0.2549909630459384,0.05346588288319383,-0.002904744814770871,-0.0029878645075280402,-0.011833225486818182,0.009984178882349148,-0.005219690822989639,0.027217672816310136,0.000752093139563359,0.036767274216560994,0.03055553075070208,0.0028292805510876707,-0.007095423595493366,0.04877145064856746,-0.009475578401393975,-0.00535348962900038,0.001574565404977793,-0.002861728794680868,0.001046028484285641,-0.010694433358709005
17,9,17051,2667,721,0.14879505108131494,0.00923679122545321,0.037251317351010296,0.014058657400604867,0.008080649210860135,0.0039461269461155,7.77914844086347e-05,0.0014611638958660854,-0.008100528111423214,0.0014540762896969816,0.266405762136192,0.07270291130850343,0.00417245419179596,0.008950322770803775,-0.00307278128405854,0.009343310493519436,0.004942042101089514,0.04092425884120886,0.0028542104331977626,0.04088381126286679,0.04117417369395394,0.014520326521665575,0.010180743172129322,0.05998443895765846,-0.002066769607919994,-0.0014708239360122222,-0.0007023393530993626,-0.008222354584802494,0.012616740552093744,0.003886072646846511
18,0,18042,2728,660,0.21594606213294457,0.04331981298919735,0.09356696986789177,0.020702832034000397,0.01440907735522067,0.0049958307245602795,0.0033368974810798896,-0.0002825911521069341,0.007049092044868452,0.024527358913173432,0.26866706668624213,0.0752859767182573,0.029284340474793336,0.00669589723094372,-0.01488656467040983,0.03152574982801235,0.018151821771496785,0.02730389875648148,-0.003648309495955343,0.01918816267099945,0.028774525527985796,0.0023195480796992796,-0.012682392280253973,0.03833379201217775,-0.0008361738582926715,-0.0046245403140095735,-7.402064263638542e-05,-0.00604259725409999,-0.0006013501512219799,-0.004961447598480162
18,1,18043,2728,660,0.18539201401966585,0.025917984515143055,0.06930728376373033,0.01893761531035255,0.007858805874940738,0.008329763645983165,-0.017440336707419436,-0.0008932141463826565,-0.005471259934525655,0.008246406307429075,0.2752437411802153,0.0793557520565131,0.03108468290661896,0.02952987803336458,0.0065644235916389295,0.031905965135753674,0.02729748836941655,0.037120886232848795,0.0021701584772767677,0.028341702806052194,0.042958495347440055,-0.0011492106202223406,0.008136422854599612,0.055666548470792956,-0.0038365985760807574,0.0051087984751225,-0.00856231881623421,0.006133481062769314,-0.008543771646877484,0.0055704356078744854
18,2,18044,2728,660,0.1752022844969825,0.03019745742764639,0.05694016515597071,0.008725362300785595,-0.008721614375719588,-0.00937670922746792,0.006173064861085545,0.0006524428089194012,0.010801017325108433,-0.01290354776542633,0.27969051907882564,0.0670829135595456,0.002122346028328448,0.006918615510008969,-0.005769624007435586,0.0207989719455726,0.018454444351999003,0.0034233823110032813,0.0027054010351366675,0.023277046647286023,0.04364744463506931,0.003413798282675895,0.004984430366698411,0.046655210402306094,0.004682607445289988,-0.004421099097183551,-0.0006220874089942152,-0.003639635278024439,0.009448844310653121,-0.004529517013788375
18,3,18045,2728,660,0.18639461895521836,0.0356481078276439,0.064746265572923,0.01749838885126518,-0.003795575573374274,-0.004086000588923599,0.004359253258208537,-0.008630294287388101,0.011579672079552452,0.009299245982937738,0.24585932404829414,0.05642168657902417,0.0022783365924858496,-0.001762212458063958,-0.020770871080095604,0.019668677799220526,0.004625714024734334,0.02693034267033706,-0.008431466894357562,0.010303856509250342,0.03259480515291733,-0.012843730722752281,-0.001858191724890479,0.0285198338889854,0.0042474734266628065,-0.0027727700467041596,0.0010919465460577037,-0.008957181567428956,-0.0026049351949978066,0.0012371965189614976
18,4,18046,2728,660,0.18081743328669184,0.023263604141020633,0.05669562989901934,0.011005353029987855,-0.00626835935358522,0.009496597836819776,0.005559129351625336,0.004762600787998073,-0.004237816973622796,-0.01208259543176921,0.3027461166173826,0.11197663612900413,0.03951675218031344,0.029269959014551816,0.007441510326856948,0.03791927077910273,0.015885776992027582,0.041749187912942125,0.0024919243158778416,0.0463194059570599,0.06785619166431578,0.0023537189260402214,0.004542264441975846,0.051965748519058066,0.002848466562914864,-0.002008074985650854,0.024669339375756643,-0.0031269069758778746,-0.006251167541556751,0.00016981183220224905
18,5,18047,2728,660,0.17468961063624372,0.0249974698449034,0.06042629426144094,0.015917660852836787,-0.0021171068284329187,0.0014581565573357548,-0.006091777401870233,0.0044324957111504665,-0.0013614772628559786,0.001862702085263121,0.27795712075536566,0.06844306173656926,0.0137331873437431,0.0016844709613780984,-0.006053757560763029,0.02050584105184629,0.02710627156979936,0.02933248515979158,0.002342862299415144,0.026632062253233814,0.03339636222160626,0.006019982403324525,0.003100486529998403,0.041439970748009536,0.004608011100710329,-0.012459731552235226,0.0026937975467149545,3.1704584203429144e-06,0.009279177322049376,-6.875484255117192e-05
18,6,18048,2728,660,0.1767693912264815,0.0392771207420342,0.06106135033613611,0.011124799427709034,-0.009687470600710017,0.0037153092211635154,-0.004780060350539758,0.0003921326278852305,-0.00018280892720661245,-0.015299322452396564,0.28352663274319145,0.08392245678795215,-0.004129934388925493,0.013518809012277139,-0.0025764381363908686,0.02502961534200977,0.013551263654287929,0.041757453628169496,0.0012946642144093911,0.0313769648813075,0.0457479505961327,0.0052014718805057205,0.00682242199212042,0.04008882538020649,0.000695678944509287,0.0005910278892394871,0.002446650912117693,0.006934261373715084,-0.004408950305794296,0.00044161681775632954
18,7,18049,2728,660,0.1848026973994897,0.03246336270533682,0.06354953816578564,0.015797142983418243,-0.007550397569486606,0.005236960990133682,-0.0033982847970034703,0.01438721944853589,0.001282004630164868,-0.0022179538309830436,0.2845446112779523,0.07643072095699639,0.02162145820085199,0.0009647427467984804,-0.005446179268905699,0.025496278321739202,0.00017594474206423515,0.023704604551163827,-0.0036339648982279095,0.027059065470089794,0.04523562895431075,-0.000799457081124988,0.012477877419146105,0.04799273774237951,0.0006581044494409271,0.0019451867902257947,0.0017285803572982595,0.004484618341710672,-0.00729008134146038,0.006776175121839878
18,8,18050,2728,660,0.17412279008684675,0.021936918969287185,0.05494185801917362,0.006103086465041288,-0.007880484630377105,0.0006442076583340533,0.0025836748582468787,0.005618582213446241,-0.0030683147980214015,0.006479974939747677,0.29416542349690744,0.08131039147509236,0.03296423698072869,0.01732867870785542,-0.0006686734988567255,0.021864503317827317,-0.002587468573985052,0.025655614773968948,-0.005799908412243255,0.03505728963105524,0.04489883706060995,-0.0031550180219380606,0.012377161754394317,0.05572339920690249,5.030692060903896e-05,0.0007764720619454935,0.004183178824354266,0.004364098000822686,-0.0034608715054945337,0.016197964079002945
18,9,18051,2728,660,0.1660437684953487,0.021926453035274702,0.05247793049087703,-0.0015269410984031172,-0.011601985889163762,-0.0037827707236163994,-0.009589749060707939,-0.0028634671974997277,0.0037551082103644607,-0.012645362330915408,0.3095490117960896,0.0936992588802252,0.0460740364979926,0.002766148972249255,0.008381833382995274,0.03087385304576446,0.03580404253957056,0.03976201203912217,-0.0010390021619013368,0.03994557240997704,0.05620083017346422,0.002414969369230141,0.006970342710003169,0.06554248698805248,0.0033801805697460164,0.01404996771639433,0.005863872025239752,0.005002986203020509,0.001900058942296462,-0.012904596653435713
19,0,19042,2791,597,0.35291042834187536,0.08583717635054158,0.21879805837637703,0.0892276856490704,0.0870162740555041,0.04843647886372983,0.0027318097166994905,-0.006336398940072391,0.027666952597755375,0.029369681049258207,0.39600936940987147,0.13802789174365468,0.035815732962399593,0.055987736886208374,0.02404287008907382,0.03790776216830763,0.03600743368424726,0.04854973118242929,0.0012552037065903187,0.0696146977983317,0.09035822493993464,-0.002840386364256919,-3.4600235301907035e-05,0.12440028201630786,0.0020284264134641738,0.003908578022426978,-0.003206585751676899,0.005179683102766142,-0.0006809605600282875,-0.003819928982550608
19,1,19043,2791,597,0.319437099012963,0.05880019216326641,0.17543728869790007,0.05171176934093913,0.06632307149351138,-0.0038911875133290307,-0.03877946620838425,-0.0003615935150141636,0.030888313463048454,0.019295001372188352,0.3827877416095806,0.1470155788763058,0.06306446091044202,0.056180261540071476,0.038013245453847544,0.0293879599459748,0.045414600506306003,0.06882297459569353,-0.0038484902477564087,0.06399576148486938,0.08572236771589603,0.005939435650450631,0.008893990365128297,0.11855446864405579,0.0009505293075820099,0.0023776686647469015,-0.021959698493240816,-0.0010656119005199472,0.007600102101971523,0.0046277451199930155
19,2,19044,2791,597,0.29016360294317833,0.0665510068023383,0.15648913346168875,0.02681556827653938,0.058614291837948994,0.018043856602931778,0.007336714114489296,0.00445745980103418,-0.008014831855426752,-0.03229315473403115,0.4020102336361608,0.15935510886384974,0.024757225953626876,0.037788356002756165,0.030582583185672217,0.010968673243959882,0.01653215850465407,0.09525506734179397,-0.0042122885884950615,0.07369304216990843,0.0886265854766933,0.0012660639431766097,0.008744496893116982,0.12525737076725102,-0.005669854766545235,0.0025187624259190022,0.007931280740395629,0.0020151968558523915,0.0022934487142776796,0.003213518574750218
19,3,19045,2791,597,0.3355947183058835,0.09138287196046109,0.20163919348437437,0.0771887433360376,0.08623574191187774,0.020404320514296748,0.025316818964352988,0.05305408317853764,-0.02573667486086682,0.036735598654082956,0.38898835583542607,0.14807073019875658,0.04270294954079706,0.04188973565411807,0.036005169085948974,0.032306154244464216,0.03966913420669575,0.06568975428039772,-0.003478301618655749,0.07624582140894724,0.0786161428632379,0.002810343110451974,-0.005339350449732927,0.12355678256752015,-0.0027288371604588745,-0.010299639973325137,-0.015495202865018275,0.00328248531524577,-0.008597216462837332,0.004223054489310795
19,4,19046,2791,597,0.23509079913462239,0.03232553884128544,0.1135446262149424,0.0268345446282089,0.026481006611796438,-0.0019066605069980702,-0.0011554574750451934,-0.0028174194156972226,-0.00043983354478898675,-0.04952489250847815,0.4136017886939429,0.15599169299216006,0.043543376796958994,0.07626248820028811,0.015597929819463341,0.006852345914744928,0.018682250747855934,0.10512240486460274,-0.009163628298928667,0.08243845361516129,0.09559209714420872,-0.00378881554829138,-0.004972458850327111,0.13296870363254013,0.0008829523149098239,0.015549717463741303,-0.011685763619473521,0.03494397193102598,0.008338331002012856,-0.008878306069988979
19,5,19047,2791,597,0.2888545820822034,0.053790408774696305,0.15036798370362062,0.021790633435694786,0.053623009037865696,-0.0015047714380683642,-0.005992157756942762,-0.018207691240996582,0.006319838064485844,-0.019089954380931373,0.357836398542855,0.09535064559662852,0.01757697390837793,0.009071974058814903,-9.091456757712724e-05,-0.00505491125454458,0.002921821476167696,0.027152417777733022,-0.004353930792068111,0.03628861650289574,0.05679846876117749,-0.0025737040931270772,-0.013816000966992842,0.09457579060911621,-0.008644375411548439,-0.042906786073674805,-0.003266278922171029,-0.017460873239360554,-0.0002950411849052703,-0.0055607635887248204
19,6,19048,2791,597,0.23966258982464705,0.043855665866032456,0.10921715318126797,0.02962002675563239,0.027610317714776105,-0.03642470135999777,-0.021116233033862057,-0.02400421505894327,0.003996981752540582,-0.019834672486605552,0.3962827584076316,0.1450043345713849,-0.00022700811103035234,0.049634068052732606,0.010200238297483044,0.02193634007536332,0.022171545351199046,0.06789008534889099,0.0030185128246305593,0.07060200554874928,0.0825059181531822,-0.005676120148329156,-0.016151410032058063,0.12183130291402619,-0.002717435475126667,-0.00018856597045345812,-0.014346181501849737,0.004153624656569177,0.013598378341596112,-0.00396676516166008
19,7,19049,2791,597,0.27935283007976563,0.059858253190049296,0.1506434322712761,0.023757439693224962,0.03146679360655339,0.0022338211632797087,-0.012273500166096024,-0.013736975540955982,-0.012468249526531605,0.0011407232419605618,0.40326908946233386,0.1433642961790881,0.02294995365320964,0.033326486744598385,0.009752027635182398,0.025721378141392824,0.01788515744678999,0.06049621569306869,-0.012656897512166398,0.05302090633447698,0.0775123295416132,-0.008137170393031195,-0.001985718433394834,0.12620098848279118,-0.0024545928677898897,0.008721912329415677,-0.014284504075668258,-0.005381643188186225,0.004825284733387042,-0.003833096081580911
19,8,19050,2791,597,0.3023969888736727,0.04566052725545075,0.16493866022205897,0.0433176943033811,0.05384202679095688,-0.011173144483566572,0.003768179899511742,-0.003990292559310593,-0.009875406112059887,0.006311938552382263,0.3918317381431769,0.11672682822338079,0.02602944087964777,0.04104981678864728,0.028429907352876687,0.021337536571406794,0.03913989674512427,0.07450507067980675,-0.008863126516540365,0.06388731768982694,0.08844209778459677,-0.009249408561382344,0.0013434055775034981,0.123010917646499,-0.009519800728355393,-0.005275608396612719,0.0013553354981461763,0.002005369395671308,0.002211812164213406,0.011549668025168386
19,9,19051,2791,597,0.31065701863769896,0.07448493990020835,0.16588677887468697,0.047737254120101456,0.08367765689042425,0.009428924267652277,-0.0032302933808821487,-0.022787985815335234,0.010507994842767144,0.030000388648264913,0.40565564636560425,0.15912440680437887,0.052193882336835126,0.05390721369000808,0.01960541587338959,0.056940565585959654,0.02662576910980809,0.07089687757948912,-0.0025252752395138025,0.058764068830463013,0.09495150942074877,0.007275269076520763,0.01743257453092109,0.127733915973565,0.016891489462753186,-0.0026127739529586526,0.016393424342544354,0.0018621993419598193,0.009890222297908046,0.006096505706097715
20,0,20042,2672,716,0.19237269398194215,0.0024279549841468516,0.05551558503509302,0.008016493038514821,0.021671844098901175,-0.000786997607807291,0.0028257014289696015,0.002318327860148242,-0.0010348427180068287,-0.009438944403732646,0.39399654689202257,0.046670994500562495,0.01025934895432637,0.03279967264928417,0.008480787009545677,0.005613689119248966,-0.013424746481682449,0.034449624971212386,-0.002225858986348683,0.0653248297975334,0.09603948036882262,0.0023396966412104424,0.00779855585957131,0.12456534643500954,0.0016143609365693369,-0.0002869698862370873,-0.003078382516499073,0.0012655790241057785,0.004656451419340219,0.008042855527877413
20,1,20043,2672,716,0.19770736443843068,-0.007802583385656365,0.06062655877047511,0.006993632027861807,0.01410153776351444,-0.003518539213631014,-0.018201534812230708,0.005617551774457827,-0.0017271618033732005,0.0005484948109946069,0.3676452844831487,0.019972312001122476,0.005410467690744253,0.019246800411322023,0.009370041717573885,0.0038255882869680236,-0.007735404928750906,0.02704712797237755,-0.0007842002858714725,0.058585825673584925,0.10146515335382715,-0.0027935874647925796,0.0017387029611641458,0.11063109289699784,-0.0035754757423353658,-0.0016664342811335664,-0.005881965705089726,0.012760748911431002,-0.003945276966374078,-0.0027764898986881005
20,2,20044,2672,716,0.18747880460971586,0.01841752056766792,0.061220626513278545,0.019428086543658973,0.024584845584193698,-0.0026979083686175603,0.0008043122071872439,-0.0007001631822046245,0.00017684787992012507,0.0037444640689442447,0.393193259717856,0.06657090482465927,0.014696552194059787,0.03118251777531214,0.013177729443741959,0.006913228665656829,-0.00972606261153271,0.04916877818601877,0.0006546379312636852,0.0666328536844845,0.10271598622656261,0.006401264089378017,0.007415421282665308,0.11959331931826125,0.004331681780678681,0.002175469888215975,0.003250422552130439,-0.0038537569901195613,-0.0012140992195135702,0.0023032535508477336
20,3,20045,2672,716,0.15646810011251738,-0.006337997535750578,0.026360396043405798,-0.0008541802638741908,0.011924295359627014,-0.0012922290196593993,-0.004370135131915151,-0.004878076031582657,-0.012527101614769526,-0.008025568382354872,0.35942461980396867,0.04888641109057237,0.00023127121608774727,0.0205757983536272,0.00951205743677121,0.00986039881381609,-0.009309596144000305,0.009946689427297983,0.0018041519225910074,0.067240074400893,0.08990224630490254,-0.003354018102018591,0.009065733244015235,0.10103433195088748,0.0024519319123499526,0.001902857314649431,0.0034365922814622307,0.002537931226682405,0.001486504368105984,-0.012885541067452367
20,4,20046,2672,716,0.18796945100353896,-0.0029343664117542217,0.04721937990174391,0.010480580530446006,0.028560891193995776,-0.010485846634103296,0.0005591765803767939,-0.0016808570286595992,0.001340823875732955,0.006159472332685859,0.3676482018995021,0.01760019378220063,0.0033781437748055367,0.025304555161088704,-0.002733537522670548,-0.0045069368241230645,-0.018338127693481705,0.020579151303857762,0.001036275141155174,0.06480285858944704,0.0860303149885985,-0.006006455081551098,0.0011769227030178353,0.0976739248615509,0.0016611712486761742,-0.005654579560060763,-0.0009159985899814982,0.0031669157353441,-0.004217651632367226,0.001620652819524837
20,5,20047,2672,716,0.1903398606902489,0.011420635012595576,0.05766499960029818,0.01550745132932064,0.02101501504220617,0.010437266422311797,-0.007528290245988498,0.005129962537364999,0.007410968530263501,-0.004844359808692711,0.3895011061544998,0.0040085573873109345,0.013687980845729485,0.026848392821548644,0.012754996971552413,0.014009471314123357,-0.004859264681781728,0.030693472541726413,0.0019476559051722852,0.07641488852676308,0.08841209229454869,-0.004915926651123814,-0.0001711904506336126,0.11775468028431946,-0.00032530129160420195,0.005214095406255709,0.0046437532487425106,0.0002578695372493833,-0.00031919047267158217,0.0026527635345449385
20,6,20048,2672,716,0.22093201973304954,0.017552883891011086,0.07927722905645704,0.03063022877189271,0.04402451150215017,0.009551475653120752,0.011407603736485358,0.0194799564971856,0.01906436366332253,0.010714920991109883,0.401222409807466,0.019426999917200434,0.004082114111078466,0.024496269092257706,-0.0029946245297341354,-0.00040895137258901146,-0.0032319159526878415,0.02870123536302737,0.002618946639874875,0.06579298165552855,0.10345557470582674,0.0016515185942615473,0.0011351191774794712,0.12539316472574602,0.0020468875728182232,-0.0008667912226980213,0.006068763627602214,0.011714307836473403,0.0047109336069598275,-0.004234348967024415
20,7,20049,2672,716,0.21610929330405054,0.008100134804628085,0.07507315532643792,0.022679697604244906,0.03986326072165193,0.010189247140939162,0.0042219098329605576,0.013315117392602601,0.0028012424497042138,0.011176491238705713,0.39079410976445783,0.027627866953036345,0.006528534075458692,0.03835183928159612,0.01819760010103983,5.6939210715784006e-05,-0.00991462040851972,0.014470475755165912,-0.00229385942820749,0.0769543817028721,0.09473439698078782,-0.002800842398084835,-0.00214584354543314,0.11092428395913936,-0.0005902934990141939,0.01091866699152036,0.0030958688696599177,0.010393925698152711,0.00742194769407441,0.001921493388174822
20,8,20050,2672,716,0.21688186281469493,0.019564273900261164,0.0808805778136033,0.02702598171199746,0.03916112051468738,0.011481435514836538,0.009915651244471621,0.0015709899958197076,0.0031742298735335933,0.01058801462951014,0.37876744135376345,0.04290365520805588,0.017523842832037912,0.040800265368752774,0.0011837252656960173,0.01526249389343839,-0.015230670509062683,0.011951904249287127,0.004973014094766914,0.05995812547480221,0.09361800253897011,-0.0009472505274796649,-0.007259169209745564,0.11098036137864989,-1.631586481231073e-05,-0.001494213940406447,0.0017714604029955671,-0.0011745028751440289,-0.0029773270450235644,-0.0031472677063613453
20,9,20051,2672,716,0.2003445090475852,-0.003923829539041093,0.06383934615521414,0.012733093531900769,0.01958484099449192,1.3601897378159866e-05,-0.00956734189604128,-0.002046489291231868,0.0024720433770725747,-0.0031105889672996103,0.3789379834297651,0.04936129393391334,0.0005785119026501861,0.018841618290788103,-0.004721624313459028,0.0022487642833979747,-0.009806510079997782,0.023216834741921922,0.0009289149961513865,0.05707039694400147,0.08669586498954925,0.001205219952522829,0.004216613097844363,0.09034604524570214,0.0013622781320285382,-0.0036004074662070564,0.0006378451492040415,0.008870401185984773,-0.005684185420302801,-0.0024463396848527553
21,0,21042,2738,650,0.36576646024816606,0.04880824114569582,0.21257250941603348,0.057491848486823184,0.08158073222181186,0.006762568528983876,0.014530949414868061,0.008383665950279656,0.01183077690016333,0.03884423757264161,0.47935661843899313,0.12091425639017514,0.028191909899651167,0.03428455130593999,0.017894837777416385,0.023430518647188602,0.012318897853752281,0.041549753922052915,-0.000726651658386096,0.061640992767295566,0.05449597281685168,0.007873196399269334,0.007215850896033454,0.12677476136108248,0.00947794822642028,0.0029025458040926712,0.0013357003724458528,0.003199852294869582,0.014086548579560914,0.009000765530085747
21,1,21043,2738,650,0.28599776788895204,0.04491438524053407,0.14470877671396845,0.0382035546213509,0.04458954801018065,0.004137085759374192,-0.0060742336906334906,-0.00588087392780613,-0.0006077877068767834,0.003874630734308565,0.46972499736699885,0.08446550667663265,0.03862697856067436,0.03861651062526052,0.0207369610837278,0.01598412949846733,0.02951138221233452,0.03924051458637502,0.0038022978891089744,0.05299098264380993,0.04630897158552859,-0.0037595655931609573,0.009454994661301619,0.13364689924303658,0.0007934873353374894,0.01767676142263671,-0.004197391224476349,0.001962617326729066,-0.003438528392041096,0.0026731846718532513
21,2,21044,2738,650,0.31679111216649114,0.05387651001903075,0.17477348658304778,0.05449895328774075,0.05643369723755829,0.009809791301872978,0.006839549304957254,0.012362839316036883,-0.0037827864796134924,0.012265721148150976,0.46440846914119815,0.11976037085116809,0.03468239092957075,0.033430408277056275,0.015262347322099079,0.02096557761626151,0.026245040696537037,0.04293601351627479,0.0008011241832163896,0.038628608878817625,0.052026461926307534,0.0015517277315582722,0.011327068721466587,0.12805029195519516,0.0027367678266148276,-0.003493608075298893,0.0026441042582851515,-0.00012676600613695244,-0.007209899385166868,0.0007210672379032279
21,3,21045,2738,650,0.296417509093045,0.039660072125390466,0.15780777567054272,0.03972191156169559,0.056556488574023754,-0.008000371168681991,0.02257601411954157,0.010135875976778319,0.00656379381493763,-0.011687525927525793,0.4739190766058796,0.12759261824030552,0.01287265537549594,0.04564531667682319,0.01191713525030067,0.016523395286653596,0.02276975983058917,0.07387136226502146,0.0017560427364233689,0.05662974917993293,0.061218550387348546,0.004674374785519009,0.01248782080145791,0.14814062031562023,0.003808682411064135,-0.0004830291349054716,-0.0016541234986871488,0.0049132455844117075,0.0071610817732804645,-0.008280639680051027
21,4,21046,2738,650,0.2775735305687113,0.025069754427230757,0.13931260491395037,0.0313852144722112,0.04701888097806743,0.015227354765794255,-0.016208107655754478,-0.0190081034332584,-0.0010128431498307665,-0.006524472871819648,0.4522302785612885,0.09525188099792606,0.015379128068574843,0.026802268157888137,0.0036042347221403094,-0.00046992501082219194,0.0028549641786909997,0.020431956277056147,-0.004653527758412779,0.0290419199146875,0.04483054545728192,-0.004072226964784176,-0.0007041025398172973,0.12199949666012691,0.001005651294095611,0.0027731283651488527,0.00032891950809880164,-0.016729623559557472,-0.0056550431062996395,-0.0018084516667937756
21,5,21047,2738,650,0.23104363572962114,0.031387614991844004,0.0985791190294733,0.025092534745421096,0.01915584775611747,-0.00463655999733161,0.0010004536767357047,-0.02325129092834065,0.0016501163165537735,-0.019146153889041975,0.449393067309579,0.09802882604304093,0.03014006814581389,0.027095622594960234,0.020198883694362197,0.021964592901329478,0.024248373982248585,0.028221826248624272,0.0009462769537950833,0.05923177263423067,0.051709934548273495,0.001092465512647417,0.006515684279262463,0.12375362540770549,0.003301533366034964,-0.0009939100450428006,-3.55816906619455e-05,-0.001372408928712432,0.012107381131577704,-0.011309949951465125
21,6,21048,2738,650,0.25711723920246177,0.03174117191454044,0.11331350373480387,0.02907899932658753,0.03883284887491271,0.004799354837785643,-0.01715872304953895,0.004879651251608441,-0.003891991291130764,-0.0013624984402091477,0.462912196396043,0.12973710128312166,0.02572091757374394,0.03396394757339356,0.016482164864029574,0.02055472711848173,0.01724920171424838,0.047925653085655044,-0.0008805961528349171,0.056048564567209705,0.056226356449192536,0.0014943596046563424,0.004057445596507286,0.11436214779503891,-0.0008271237336091696,-0.003828252573306301,-0.007009079907821947,0.006723525760566934,0.006284159726297156,0.0010206683036982466
21,7,21049,2738,650,0.31183373708986045,0.052814010925563704,0.16781262990950246,0.04805299524268369,0.049743358830643625,-0.004958983195436273,0.018294353771293514,0.016385078666887782,0.0028317904577015275,0.008920289360598771,0.500566671116766,0.09836505310107736,0.03351203855898399,0.04869069019029837,0.02383483335520738,0.021946425372331397,0.021481757806865415,0.047949565416467485,0.0044993773953669654,0.05394319781507011,0.070147758796731,-0.0004621223172967204,0.008576279253354612,0.1482934577895882,0.003168008935000888,0.005154469347132868,0.006831798963250724,0.012058698593599603,0.03370285557210935,0.004628607187141398
21,8,21050,2738,650,0.2762166768375833,0.04102742422623799,0.13912031349031823,0.03778277197479399,0.044725964566030715,-0.005383248148876874,-0.010910102919101827,0.002220077427166989,0.0012566567419300344,0.0026411381212562866,0.47430589681407725,0.11103651601219244,0.04171847360270908,0.03300247750431495,0.018810267491428067,0.02414165524446732,0.024888227394484746,0.05014302359868961,0.002699436817864803,0.0656462452943672,0.04747671726221284,0.0025424285057430106,0.0133655622058808,0.13811423836296405,0.0031558945446598487,-0.002154150108591485,0.0006524475052697487,-0.0031670061832671957,0.00816596818211877,0.00777655134904236
21,9,21051,2738,650,0.24036506368220606,0.039513024285691714,0.10789839282575849,0.034449280497088064,0.034609502164693565,-0.020197659386184674,0.0037614041755825943,0.0004097814986618098,-0.015978095066024538,0.008801548921917101,0.44858198352970086,0.11261371748907842,0.031954240817030695,0.03287619894796048,0.013327794542210437,0.019926652556819857,0.0325492834064049,0.05628126632280859,0.0004347491671777448,0.03838252132575774,0.047171149001342026,-0.008166079962992585,0.007846639016882173,0.1221054847876399,0.0051796637485482635,-0.01634392421308885,0.007472068314759206,0.005001858816548388,-0.0033829556823588014,0.0038944971638321447
22,0,22042,2683,705,0.18638056503296457,-0.002394077787120036,0.06332223606078567,0.017307609232119905,0.03797862852209639,-0.0009429119069756714,0.015111276052371734,-0.004098095569569349,-0.005070682345438912,-0.0030572516308811693,0.25544619405896063,0.0024043437299755637,0.0015465948914588745,0.023603432991478365,0.00028908742953512035,0.004515295113637466,0.004605231288355849,0.012768503726105222,0.0006528996385023689,0.026444736670321538,0.05155249352423193,0.005313251777468239,0.009004463616347002,0.04171349190048597,0.0026420050846089394,-0.0004533239453352239,0.0070487906694531675,-0.008376786663761921,-0.0011377778730326583,-0.0013299708363247674
22,1,22043,2683,705,0.1518911310160534,-0.005271275621968755,0.0454709532210778,0.006604793255913777,0.011042938595664221,-0.01574572561205372,-0.006664683699376256,0.005394200010406661,-0.0043968595712693265,0.001042459578726501,0.23261246101176783,0.005157813987421439,0.01420551284216954,0.025085001154295804,0.007977004455069884,0.00977368182346817,0.013605500855601286,0.026061806859244585,0.0035500122459230397,0.030744237437493094,0.039626764062561465,0.0037792645370328974,0.010718676911856689,0.03597423490492034,0.007718053032283271,-0.0032943410270961843,-0.0075343919531871695,0.003217455283839865,-0.001961561720163685,-0.004314926809186515
22,2,22044,2683,705,0.18135097475320944,-0.0038614492177835164,0.050459289723422764,0.01497062598465074,0.02394403643069239,-0.002766424311759011,0.003895001985615651,-0.008729526928287264,0.005314138737782301,0.0010141930854435405,0.26558662025151064,0.010122555278058314,0.010877312487517077,0.02978732694656307,-0.0008110059524439495,0.004490076751106553,0.012190775039252416,0.02465452948376664,0.001848503210075242,0.024173602842562453,0.048811578392837576,0.0001235395401713413,0.020399367960150967,0.04797476011270805,0.0038767861433810615,0.0012431981712886398,0.0022996096616418995,-0.0010569332387056097,0.0053762743139342956,0.006803179362695489
22,3,22045,2683,705,0.1825837726580914,-0.004885487460316873,0.061036595253819034,0.017814759945808698,0.026441934597577543,0.004656371031924303,-0.000839826266335278,0.005456987675841846,0.005752004229016417,-0.007528942303729566,0.2729433112865444,0.007987283679698146,0.010866885707129143,0.05363454333679647,0.011457351990133818,0.01840319653663216,0.026843802704424574,0.024310983437430954,0.002514502246577066,0.041434964500572394,0.06716224888157055,0.007752275563497812,0.022254487590702574,0.06429032895146156,0.003484738751439792,0.008996501460472539,0.001834961704523974,0.007833281599970137,0.016817806539389857,0.00710591985857163
22,4,22046,2683,705,0.15429197221521568,-0.009872543963244124,0.04687521739072309,0.011816048350515005,0.01936042745089047,-0.0004892041954563803,-0.013505543157781597,-0.007204761626669579,0.001485235389488479,-0.001763771738713793,0.23841616093541668,0.010392107744535287,0.024665634449802458,0.0293563952869616,0.007768257313313371,0.013040538210881327,0.024628856934620046,0.025928323728422697,0.000809948792971632,0.036609618336832586,0.04256028926697767,-0.0007872063181559502,0.01795075444023482,0.04546470658873593,0.006392823545625997,-0.003475284557700714,-0.0021592641650074406,0.0011246443254186139,-0.0017176876484153642,-0.004666207562978014
22,5,22047,2683,705,0.16039631367134827,-0.013173810756854847,0.043542721701426146,0.008626094459677741,0.012159262483977026,-0.017031467700364615,-0.00662530753426786,0.0006525471490641061,-0.002319569830434873,0.011772922741593389,0.23024784995343295,-0.0015035722543919217,0.006104491127836958,0.023581800933734166,0.0002540233133512093,0.007802675229395303,0.01388868694405522,0.02031926854308076,0.00483482622344523,0.021187681123744192,0.041590847373072816,0.000412260363272246,0.0149846197757418,0.04110242575019699,0.0063720617667379995,-0.0019085910452677295,-0.00332124867846722,-0.010293362158468631,0.001939735518092009,0.004022511599606584
22,6,22048,2683,705,0.18767309012805747,-0.00271464649143692,0.07192462087557236,0.03188385329146578,0.040357240234582606,0.010972339980908121,0.0038270469533367296,0.007048057085394044,0.0035045199802348328,0.00048335686957853564,0.2250412066318211,0.007950841231004096,0.003816019182920083,0.01757426118511462,0.001867426245070486,0.00889340480447245,0.01801784229250094,0.01774778757265393,0.0022569540280874766,0.0198690273120189,0.037804664385296005,0.0005869450757438694,0.012278619630419407,0.04222070421253062,0.00738502335204364,0.002697486171806154,-0.0019961997468711107,-0.006105808230872259,-0.004551148633296814,-0.008891464664673384
22,7,22049,2683,705,0.15617649401645203,-0.016849613479415146,0.040683367755538616,0.004442839368603688,0.014980771635578958,-0.01038412005864359,-0.001279530574304369,-0.0028885801478476083,-0.018914697792926392,-0.00888513592302837,0.23563682478863407,-0.006095900314410552,0.009449241452177884,0.02274545637737404,0.005789921287183625,0.005944238381787997,0.011417447339645437,0.009570687349636472,0.0030220998878600774,0.01903566848493566,0.03944925981201129,0.006364708665652216,0.014333462603313965,0.04031705349858013,0.005370844254283569,0.005049299735079701,-0.008409352874169945,-0.0020744860879133185,-0.004059279629937662,-0.0060872276132932805
22,8,22050,2683,705,0.19355725644335137,-0.0012299670083538439,0.06642288991435266,0.024380335753628586,0.03544448594752116,0.0030426236509899117,0.007239223917742535,0.002022433077752067,-0.0010117453038785724,-0.0061880762559771985,0.23539119440471695,-2.3167077511704327e-05,0.008208692691620575,0.027283412095159998,0.007076023978952123,0.015333522374887215,0.013419784486306124,0.016530622276128733,0.0030448656985183923,0.019304391279754685,0.04070347356284912,0.0036112089764393507,0.013519092863576884,0.039928309664207885,0.002733116634082086,-0.001243900751994592,-0.005135623157242322,0.0023342509501076913,-0.0004958747817034731,8.883377680852234e-05
22,9,22051,2683,705,0.16354698594557912,-0.020962214206455054,0.05069505035340266,0.012516809008673427,0.0176252246106355,3.4565131081040755e-05,0.0023431312078976917,-0.004367960171922503,-0.0027590323362865154,-0.006546212596197726,0.24618897360172348,0.007066864824046273,0.010749734634806649,0.030254924362673345,0.010013105102604863,0.006098848090469905,0.03347263324354548,0.019430497134345227,0.00029396856703536314,0.03128901665318512,0.0523906920131624,-0.002265481829828331,0.01525816028434295,0.05227715950549831,0.0062161096517723445,0.004402204132920265,-0.00465942490322159,0.0016240909349372473,0.00020592671781338723,0.002145136606537637
23,0,23042,2689,699,0.23534251649325544,0.003768631848614007,0.10392971037445045,0.023237315541127828,0.028568933067424952,0.024610119509611186,-0.004359845335971562,0.004487571465276452,0.006597938608372991,-0.0016951382121930647,0.27107864365009215,0.040148798066834815,0.00348542750307147,-0.0038693465440005014,-0.012458787914825197,0.008109762544645387,0.009154404255916354,0.03262416829534559,-0.008117881703290785,0.024657758014676654,0.028565460798639176,-0.0025196072547333526,0.004941643300317322,0.05473704330136779,0.0029070460926904017,0.00630192006517255,0.0021878528277171016,0.004994069742102392,-0.0006989282221661674,-0.0006995783487243224
23,1,23043,2689,699,0.1958884651739526,0.007406056341358133,0.062241254270194245,0.010948307010151032,0.011948507058600996,-0.007507249518447487,-0.009785063955055517,-0.006261486689591142,-0.00034798649393937285,-0.004523507988895448,0.27935530756786775,0.05749296493396524,0.007608294602300447,0.005533067225964011,-0.006026468076862007,0.02252287206929349,0.011082852037830831,0.03407889521529125,0.0005127491182505828,0.02644318194539518,0.040444471729129405,0.00026151060178239427,0.006972565189613478,0.06112660614082086,0.005670686793266283,0.008756250568845703,-0.0012732173777419032,0.012589875447687793,-0.00879166633927107,0.00341467780993982
23,2,23044,2689,699,0.2019024092260922,0.0037668579577023213,0.07110536369937254,0.019600767867551643,0.014066348514519749,-0.001945155621399111,-0.003093616371087138,-0.0020465279612736087,-0.006787474917074016,-0.00010856860255220313,0.26523052259296476,0.05383116130934236,0.00635366556922422,0.006898406090525356,-0.008583194299491146,0.02175065285648977,0.0034506012623654906,0.029578208262161308,-0.003680983969428053,0.025176635473020893,0.036366601343101816,0.0007890101769999103,0.0057179197061555335,0.05274129780752625,0.005309434996962442,-0.005113855593059024,0.00031211052656687777,-0.0020523177728924815,0.0014894152480259993,0.002589288061412931
23,3,23045,2689,699,0.2267159224399595,0.021523208759111935,0.09550653796750293,0.029303562946375226,0.02989054673911869,0.016605894912512666,-0.013390908182230724,0.005600735613296678,0.01453916487247153,0.0043627543144522715,0.2662566469482097,0.05543774537528712,0.010215299413525067,0.0037929446171698885,-0.010789113893689672,0.0093760647657791,0.006952355647413871,0.02893003848690646,-0.005318584036162738,0.019625319232112675,0.027765455718286113,-0.00099770835665694,0.0042231836689911205,0.05239124393364246,0.001587315197855138,-0.007811673950569109,0.0010858805802266003,0.0007472399107182282,0.002943221105425803,0.0011540251347367026
23,4,23046,2689,699,0.1875506522772948,0.006954120301911409,0.05911573140621849,0.007094195237768494,0.008977787770438048,-0.0036150546403106833,-0.0025153455698159522,-0.01201095959209544,-1.7925548190428352e-05,-0.0001880685698041118,0.26704130584408364,0.05235028054817805,0.013608380377234946,0.0006431040698841372,-0.0064806265793113105,0.0225393975408912,0.009965947789047584,0.039832655207555766,0.0004682612238760764,0.027700511237200055,0.038929392541770746,0.0008213840736564171,0.0039668163908580245,0.04996737450295345,0.0009347335609973806,-0.0007302921666940965,0.002671781266929479,0.00022673951646696167,0.002781197315497036,-0.0013029236148621337
23,5,23047,2689,699,0.210045210950188,0.025431816044878774,0.08402105072995329,0.02346887838844963,0.02368623458350945,0.000636715645922506,0.008390943976181389,0.00041906793880746863,0.007937543843380784,0.005800796873498082,0.2882377230159527,0.07019130548822534,0.006815661119146682,0.011320032661134039,0.00438687811812275,0.027653103798737578,0.012527663740613912,0.044947282677005575,-0.005878697747917866,0.040213503136890025,0.04968707625240082,0.0014313243743836524,0.006610713262221341,0.06779554832908692,0.0015044095480755471,-0.0034538101724385763,0.002850296773780725,0.002921153044163638,0.0022149143741970025,-0.001146398286752548
23,6,23048,2689,699,0.20725621511387465,0.03012617006160881,0.07045662488192188,0.011823230380433513,0.026768312562875162,0.016807969536209173,-0.005058753493558074,0.00782149359397718,0.008782502567365364,-0.002888713094526227,0.27608645663092946,0.0637338614700299,0.01403257058772217,0.011253819088885609,-0.006536591333958436,0.029023780923120173,0.016341294367189958,0.03399582773148788,-0.007784238225118057,0.03259362010154966,0.036837153724807295,-0.0017133939259089015,0.0023998987108826255,0.06003116876908935,0.0010997936188955671,-0.0007836248459213602,0.0006166093823759434,0.005178857748480131,0.0011796204736011118,0.0022967065891666694
23,7,23049,2689,699,0.20295174377369415,0.012883285462173141,0.07781338692253055,0.011715931308401184,0.017780864206368922,-0.011444274917353042,-0.01293726354413626,-0.00012039946107851029,-0.0006313849793118581,0.00790297534568368,0.2703797082819603,0.05986831703298816,-0.00022704736038725026,0.0017871423489001282,-0.010819328666973094,0.024687231539926868,0.012868110434407692,0.02972511183992967,-0.0063068645195811564,0.02573918052554556,0.03257151321305668,-0.0015692131108340501,0.005955578432562081,0.0559974009392854,0.003286103666355905,-0.003896916408279155,-0.003022600637622336,0.005596227173212148,0.0011157257157603851,0.004894390627261569
23,8,23050,2689,699,0.20334932044311282,0.0192257742493676,0.07616052259169402,0.028535472336445745,0.023003273122899803,-0.002881765220873858,-0.007674012369325886,-0.0007604989969811155,0.0029109980018087733,0.009581893281984518,0.2773240193996306,0.062229211055735215,0.015217637623554603,0.011946071843796738,-0.0003422945948268308,0.02233057006403078,0.016411663989429053,0.04114413346851549,-0.0036951201608628635,0.030050197937730394,0.050733999957796115,0.00433009435907245,0.014102497606075237,0.06492241839787877,0.008615124390238676,0.004289899794004159,-0.0020611694232487766,-0.002098244000935068,0.0009060426955293244,0.00028096625954593943
23,9,23051,2689,699,0.20805059607821325,0.010795409937744364,0.07514117554029422,0.014664939091277526,0.020721949392042242,0.0006627929989715009,0.009303356835219604,-0.006032217674107948,-0.008589624857752155,0.00465005415370445,0.2924251080181742,0.07963257669269816,0.013997866264194298,0.009168343122564848,-0.004100116356209921,0.028601781631446183,0.012626808287007445,0.03961834317270903,-0.0007528525811143216,0.040326733047334966,0.045732502210898425,0.001458611108242669,0.005333515766679969,0.06744956055644333,0.0024779376338650238,0.0010211677596908887,0.009838842454002123,0.00024775646181927067,-0.0018388866307515184,0.0023165892535146893
24,0,24042,2742,646,0.21803250773263283,0.021887221293892076,0.09877106628798846,0.023166448348731612,0.01499826460025982,-0.010935128830527486,0.011635923634489485,0.007109680760657369,-0.004417156911607281,0.003836050287267251,0.2828250014225176,0.03871007013618932,0.022790051555503937,0.019886117613025646,0.004193092613955496,0.006257809949154258,0.012547699152495564,0.019965024495806515,-0.00012606876106265874,0.03212100355856533,0.037907498669463635,0.0020763376846863633,0.006592835324308421,0.063275206664457,0.0034200987899263625,-0.0023780675687099075,0.001902915065398836,0.0024884307316191514,0.0037164235469544114,-0.0005970147819427674
24,1,24043,2742,646,0.2316590519179474,0.01682551986639726,0.10672839321148708,0.01756038840951464,0.020093852527554447,0.002369967886766569,0.006974130726854613,0.006386330174115542,-0.004015366671048859,-0.0062180143434181654,0.30278850432030957,0.04491003052276786,0.02308389570176501,0.025685627066674772,0.010649043690546822,0.009974065273534827,0.008981249477634502,0.02580437663359621,-0.0017501604230344026,0.051310646238225045,0.0539331478705908,0.00439539604820704,0.008147936083597169,0.06337097056436633,0.002580117366876039,0.0033102232534784836,0.00713099402026311,0.003857318421129108,-0.0018640511714265618,-0.0010713076573175661
24,2,24044,2742,646,0.21608487917612598,0.020052502264723597,0.0880041008093427,0.01951730765277543,0.018760290405140344,-0.01794387932878391,0.0030697919759188593,-0.008818866868735054,-0.0024037726183064297,-0.002241077664426222,0.3040591787070054,0.04317913143403946,0.004191871778921269,0.023567690927855926,0.005623570541573591,0.004221907386878565,0.017770140963555076,0.03574184972185506,0.0006795944063418713,0.04503766326857618,0.04399171936277846,0.0008975014783788981,0.004048131987975578,0.07133006855289314,0.004259152871844913,0.002187585270010922,0.019980731675895987,-0.003123503506467379,-0.00012847020259563747,0.0020412420300985725
24,3,24045,2742,646,0.20024215085561675,0.02273037809801181,0.07933036527968193,0.01845531735772358,-0.0029479881080941906,6.077724747411417e-05,-0.0014866969078650872,0.002273173238462814,-0.0037989100296942496,-0.02194272951301487,0.28491225918984475,0.051190938210891865,0.017534854852438185,0.018547149060612212,0.00367732835852172,0.009531984819620087,0.008326915194252282,0.017779988679430054,-0.001647206050367883,0.038055872251619195,0.052002075149107305,-0.001173418823352279,-0.003414962650213327,0.05424416091832869,0.0022529123433856434,-0.0094120560943045,0.0017842579129729308,0.0008589338103094979,-0.001890252138988502,-0.013914736952752027
24,4,24046,2742,646,0.20557744167267544,0.020486118447534236,0.08363541251451741,0.020379544501804844,-0.006728976301959608,-0.001519463140103805,-0.008022379257029966,-0.002249146230108767,-0.006081272298612356,-0.007648002913117918,0.28589109868791907,0.02291952441932773,0.006565460848058741,0.015261667470353837,-0.013853920716950829,-0.0014273243626161003,-0.0017618936865918477,0.010130590460219713,-0.0015649794035105468,0.027204129101271474,0.05176752039122978,-0.0026056632442842064,0.005012965428357552,0.06303610532813042,0.00013228047652290574,0.0005017433866850773,-0.008602252362596203,-0.009708021735351019,-0.005701760374324299,-0.004388270917051201
24,5,24047,2742,646,0.24099022739681517,0.03137643726636798,0.10617395046029827,0.020446080064108856,0.026822536779725913,-0.01005895021333133,0.007386354485957483,0.007274134771685967,-0.00020467651911651729,0.00581185009344416,0.29298846552611796,0.04611387977271229,0.025190759824568178,0.02830307561614125,0.013478944212224248,0.012128109479023041,0.018295451656298038,0.01804460680241783,0.003034843859209141,0.041489576425256657,0.04914195301533615,0.0015539966793671923,-0.0007023894473506265,0.06346990772481918,0.0028792263199405145,0.0043159374388886396,0.0036140080870333546,0.004508145310645234,0.0036674297160933234,0.010509675671873931
24,6,24048,2742,646,0.21459348549239385,0.012256322273719797,0.08662816429907297,0.007878978412038839,0.005789747581799276,0.00423804810198695,0.0015041515170836016,-0.010119925536506355,-0.008577380339451476,0.0008279275406830628,0.27076572702219925,0.02741356400663699,0.010638411927039784,0.020926334003679298,0.001273325616812379,0.0015710831782227818,0.0076796170814921825,0.007067679040075941,-0.01505630004527415,0.029041953087445237,0.03937616287335521,-0.0036618004643338585,-0.004149004291199615,0.03721288801367839,-0.005799181309483359,0.00402271427760017,-0.004223175746144609,0.0029239748408659448,-0.012443392920618251,0.0038226629297755444
24,7,24049,2742,646,0.24425773814638072,0.032957607646896966,0.11922429653931817,0.036688986578960456,0.02942402202947223,0.00864951868604109,0.015162791879763188,0.01162533675749738,-0.01372925291169851,-0.0019172230888427732,0.2927964611520914,0.05041689987033924,0.01281406889412543,0.017598830757326912,-0.004417893261443084,-0.002480867902083217,0.0075556789175962365,0.018068044657037974,-0.004852442893437947,0.025206055604867817,0.040151648733120215,-0.004480080014637916,0.010459475788869355,0.06085413030545813,-0.007534004070522055,-0.0014227019456501567,-0.006271126705469898,-0.0026386488831844244,-0.01084950614804649,-0.0016694433682639842
24,8,24050,2742,646,0.22250300309353202,0.029876926832487993,0.10155184040998386,0.040273710639249595,0.028577806296531404,-0.0004577392182275597,-0.012587747779959548,-0.011007717538368916,0.013387091722032188,0.007581449919546857,0.28503719516208115,0.03798808484911561,0.018704335776311337,0.016592878521904147,0.004097956682713832,0.004475875185843287,0.009304913620265786,0.018811937043730787,-0.0036570194396754797,0.040138557045434654,0.04583387920538634,0.0017201310022681437,0.0032181306681379695,0.053016627483637245,0.002834335543700889,-0.004263609870942991,-0.014071332293104954,0.0033400702481257314,0.0009776893318376445,0.00013059549476677758
24,9,24051,2742,646,0.2181049924302472,0.03258250221719636,0.0984406052121069,0.031073620756571996,0.012797156233218216,-0.008341507680509638,0.0010115746585402097,0.00028349872232694416,0.006885033196828383,0.0030622824395201446,0.292398238519238,0.03298849833970081,0.008601476789199225,0.013360003196226506,0.00464240430895001,0.004112025177756556,0.008636048577856515,0.00946324441071041,-0.01002165811723652,0.039673451995149975,0.05200441738427343,-0.006411440184548723,0.0008985829412953728,0.06438777979509298,0.003799968758712724,-0.0054004206969829,0.0035377128367989953,0.0025583351645267483,0.006255294215577878,-0.008003883527959093
25,0,25042,2736,652,0.2326012608525346,0.04168659186279785,0.11840358103720143,0.022230549603535477,-0.006989744819460334,-0.012556550616547802,0.011903255531251499,-0.002791279488842732,0.0043845586565869924,0.005054432387002245,0.4637154409413136,0.1743419297085897,0.006842278577014688,0.05537270576350697,0.002320406681882248,0.049935784208425774,0.0756346366398806,0.09698660552474754,0.003554321243039965,0.11786277953443314,0.16406839641806076,-0.00017228675338185618,-0.0017951966776646121,0.16811117110544038,-0.005284363314050866,-0.0035253679264271864,0.001391666771408734,0.005357193901323554,0.0057429698129263795,-0.0008743704262610564
25,1,25043,2736,652,0.23246890442600557,0.037386336181269075,0.12042690445343782,0.026427511921118786,0.004631172785355103,-0.0011168265560011575,-0.004658600704173291,-0.00477909367649553,0.005944297660503098,-0.02873094071021055,0.4640782808018046,0.20215221588502574,0.0538915784828823,0.07562501592477651,0.02918324141347579,0.0753961839748751,0.07904156823937605,0.10247827640149203,0.0064615194058080805,0.14309373902620043,0.16777212155914992,-0.007187208985217119,-0.003248860226962086,0.1585803726227558,0.005450404056897573,-0.0023392649938824895,0.006097688479930213,0.008995910371951498,0.003937821111252998,-0.0015239286680770292
25,2,25044,2736,652,0.2642493305785544,0.05123955750134197,0.15565153577453686,0.03293211081050147,0.021975501166246414,0.0034405459506280573,0.0012323879755962552,0.009580295152283438,0.023189717376631985,-0.00048219528864033303,0.4806850789372769,0.1901206590589794,0.0664085436603673,0.07089287764101232,0.012402551393918503,0.05517590096397451,0.07386035667593718,0.13368295599207453,0.0044341818694661585,0.14939710847635074,0.15880349294253038,-0.017244560780225737,-0.018217642927460254,0.1695672168402841,-0.01268752952480296,-0.0009679891410458774,-0.007986576525328531,0.0035369991510369623,0.013255644268393763,-0.007086351537592095
25,3,25045,2736,652,0.18415626932067014,0.01954154862077099,0.07573078235138617,0.021921740976336576,-0.009823603277948942,0.005324358576244822,-0.002906893151189152,-0.01394060903437858,-0.0006436327618508126,-0.010798496273880947,0.4539673333716117,0.2227602532308383,0.049873451227932256,0.06125698486298673,0.010490267242946567,0.03970756236465643,0.08361153311161758,0.10232609223044023,0.0024860976495161614,0.1320680621487566,0.1456902326753767,-0.006526511547372771,-0.00992742860558211,0.16213104529273162,0.0011033907185680758,0.007726207849053585,0.0052974538684696145,-0.005011895612070344,0.000500976836696737,0.00038126842978431494
25,4,25046,2736,652,0.2028372920118488,0.0356433275368415,0.09232586243346583,0.02673595647349449,-0.02317916419799322,-0.016559956326780027,-0.00521742085301469,0.0015200024753461105,-0.017154413969416388,-0.017101205073542253,0.4554155401419663,0.19451191964912376,0.048346067375416635,0.07703585408233046,0.025517824128933702,0.06614540529618082,0.10841792875688523,0.12054882690943618,-0.00045868632471799954,0.13288260497463128,0.14966208661443597,-0.013708560458579867,-0.006135544553110633,0.15786622081644291,-0.004294569447643354,0.003182364108408464,-0.006397226999731881,-8.729099817797459e-05,-0.004966366804224576,-0.0009460141574471004
25,5,25047,2736,652,0.2668106394279475,0.06526961623105484,0.14732834108643636,0.047068993083620884,0.00806466036097912,0.010402020758357167,-0.00022295137053175983,0.004943568833460743,0.0014160269861507424,0.00407015090525536,0.4556050160099111,0.1902603771313281,0.06714284645492309,0.06124747837943574,0.020883488587165787,0.05394283225194383,0.06536708369704271,0.07710542871746563,0.0011247023086022878,0.1375247749382595,0.1427024008921024,-0.004701845250910502,-0.012272716496727098,0.15834419339470096,-0.0025701381394637236,-0.002310622042962218,0.0033750477055805805,-0.0032087286170102702,-0.0036168130789246853,-0.005137826299677045
25,6,25048,2736,652,0.239721717423924,0.047674323900633975,0.12977125275663487,0.03927356861744713,0.012424811063961403,-0.0006557842182461221,-0.016471679124724605,0.004397262966658949,-0.009807283778516673,-0.003507732415583589,0.4433129213151583,0.21008510079696893,0.04598259744650262,0.03691150884215212,0.022183786749923218,0.032475658151041475,0.04932727318197757,0.11280789165779606,-0.0018215617014554152,0.09609699272769039,0.1313520478713116,-0.015579630361525154,-0.002188886871851997,0.1422174924273248,-0.009335474070751765,-0.0013075507352419246,-0.006875228333797412,0.0007182070495968418,-0.012007413224273294,-0.005579310250854541
25,7,25049,2736,652,0.16985441106857194,0.009906326817451006,0.06481155194809368,0.003567731937254495,-0.016768792155166707,-0.001894490915713251,-0.007202969479819449,-0.03201760337262257,0.0033152575900783745,-0.004928894434203893,0.47400906465794135,0.23134866394685064,0.1186316894707831,0.06766332206872439,0.010982422372401612,0.05259923110261784,0.09354015392897096,0.14056561286349772,0.0004786795098768004,0.12337325259211393,0.16985884619745517,-0.004503779574686467,-0.002839988985372688,0.1694239895712034,0.00017206411294164447,-0.0032727329123918127,-0.01848118262637206,0.0014372612328985902,0.00458378308904196,-0.0006172273148869368
25,8,25050,2736,652,0.22965022281815567,0.04007814303709234,0.1191958000887374,0.02364112659538411,0.014775954239177214,0.011410361539022616,0.0027720463498752458,-0.006963661796995821,-0.0020893994865053417,0.005357261197645855,0.4511331703154303,0.19532448286168863,0.05331824452792722,0.06615433895375204,0.028886494726363898,0.05577523491326738,0.10087803175092439,0.11460183451280885,0.002437516950408003,0.1267238908331191,0.15418257686039416,-0.0011405145487685786,0.004504139674584251,0.16130410879517348,0.004304886226923032,0.0021590238234377723,0.001137106811606986,0.004777245050594542,0.003844134534457999,0.00449928274303592
25,9,25051,2736,652,0.21019448982421596,0.03630560539090009,0.10140703290536643,0.0324870023413113,-0.020203096411311974,0.0036774050295224044,0.0010221017265758998,-0.0008009116499939212,0.004378967715021068,-0.003569588407917243,0.4727725435752759,0.2039972353980642,0.012444217696770888,0.0427271279696694,-0.0009837819030444506,0.039192890196217085,0.06536268002783849,0.07817232523124609,0.004372911037326316,0.13254060161969536,0.15224496636729148,-0.007660649509289863,0.021099966972848484,0.16243855829095113,-0.0030303846989766015,0.004606499540911496,0.006703723190304422,0.0038898613054480892,0.002893883007951159,0.0013402934568497228
26,0,26042,2743,645,0.31104331716572553,0.08966427515822614,0.17820149494810833,0.05241553047882848,0.05970295656829163,0.004068145866534961,0.004365631254363078,-0.004350889188887435,0.031044698083235567,-0.007897877704489792,0.5248228174641536,0.18048920309872013,0.09733532711824894,0.0945214202690005,0.014099826854744434,0.04129791799612881,0.06805043938716523,0.0720557654268502,-0.0021095333809186935,0.13285825445763963,0.11896497969391455,0.0028342052251675185,0.019141920299907522,0.1879891151779695,0.01122399702855823,0.009215314988121458,0.0049871695767236155,-0.004411763648807743,0.0029020818615501653,0.003957880796991264
26,1,26043,2743,645,0.38335269201949584,0.1337149554136029,0.242470723679271,0.08262313078323195,0.11071046049276922,0.0001778701139817651,0.011361061568590259,0.0018940586337180265,0.020086019222693215,0.018717791093611456,0.5304154375219529,0.1548811891741159,0.06708114155953664,0.09376679709802974,0.020105702770958765,0.03449070544602407,0.09175196852678925,0.08095441494855202,-0.00461429701365349,0.1179015188977085,0.11961003088866118,0.0026884080929641895,0.014471501413315335,0.18067751318237193,0.004210531011701624,0.003177746183504171,0.009120097636107105,-0.0016629339180183832,-0.0021593723671238575,-0.0061296065066926645
26,2,26044,2743,645,0.3861971615397839,0.10117927660091675,0.24359065836799765,0.061624538354970226,0.12681144993275956,0.0016929975393027597,0.01729986379231217,-0.018450243917700983,0.011273382720248937,0.012059172266423352,0.5489678544296501,0.19748391697550766,0.10857429437853867,0.07739955191885108,0.014426604556913103,0.03837790563221981,0.0828828751558272,0.08903411692028522,-0.003935388409781537,0.12305057080134285,0.13176551243673,0.000420318534173858,0.007770691237917659,0.19445771647789073,0.013914215634592175,-0.0007022655701077407,0.000671958317882948,0.0009903608970640797,0.00012573630753582866,-0.002311768793448388
26,3,26045,2743,645,0.3577170482070694,0.10084646165930682,0.2119403419008296,0.0748201386019292,0.09730988070326203,-0.03369500205976834,-0.002710676470666967,0.02263178647384826,0.002447843806661537,0.01498048323374378,0.5350726388377037,0.16942635271359713,0.09383215551400768,0.05139776150660933,0.0028011640886532628,0.04003200784907572,0.06848195794568215,0.08463641029627281,-0.005064530864942229,0.11471337908635112,0.11424944545245905,-0.004959744077058981,0.011904035694015403,0.18158482443239327,0.00417836414662186,0.0011174085196334672,0.0030554724004388857,-0.00020488525494996023,0.0022927500715036685,-0.0007443190777418396
26,4,26046,2743,645,0.32517127018089603,0.07459141655354243,0.19702134716228245,0.06550387399467386,0.08705779686373709,0.0009414702571804267,0.0293535318349327,0.015533536154585298,-0.018658150963677612,-0.05064351377785829,0.5312726735283846,0.17377297651043708,0.09204741498508454,0.06611204995034237,0.019852296147499206,0.04417180169146649,0.04970254200983971,0.08738364188097904,-0.0062725114183603044,0.119417271260885,0.12714865602232234,-0.003989110758536285,0.010039259741812944,0.1728463786225751,0.003979902381707823,0.00011136675062859425,0.009747344241898104,0.0030096912264929833,0.011601886506175607,-0.001163478901216175
26,5,26047,2743,645,0.28230540887398814,0.0475549429136723,0.15573448489729447,0.04376226972238816,0.050139426245644304,-0.007225735369945929,-0.001742362596275321,-0.015810614358298787,-0.03383597764611951,-0.008164332722878632,0.5177954410208605,0.19669397329591468,0.10011871176709497,0.05896366694471693,0.01065777977366692,0.05226777200519579,0.07933721433007523,0.07705724035524981,-0.009302604924707247,0.1272120226416313,0.10225067879427363,0.0025065260049221827,0.011507700797238053,0.17398983433308152,0.011700486813599198,0.007224863304314105,-0.0066325283996357285,-0.004936481241920321,-0.0003974302706682309,-0.009427234683591279
26,6,26048,2743,645,0.3278279409798132,0.05956325545952901,0.1873441631026756,0.059255081522427734,0.08034355582519767,-0.006514502976578257,-0.012796846564369085,-0.009679291517752675,0.0029884387870461994,0.0032275704546582797,0.5527516324741014,0.17677546675262304,0.09383593047353625,0.058233294687334757,0.01266428642112628,0.044355045769225894,0.08585148974129056,0.10687145682601437,-0.009661971370814182,0.1221805344221013,0.11610910931925464,0.006040696918871902,0.010243859713135971,0.19016164015363046,0.0070699529637032075,0.0021152798734569655,0.015411657028607084,0.0016572087721561713,0.008621541667956745,-0.001738009804383056
26,7,26049,2743,645,0.35631893277895377,0.08394919351473944,0.21979086201435818,0.09515398373346297,0.11112299052224776,0.018501349860707637,0.018746057189832334,-0.001472862022792648,0.026329760017955468,0.0005410703997849708,0.5156146362972476,0.19196335597682848,0.12010935779095097,0.07065980698136029,0.02159332535690551,0.039893867958960445,0.09107834701204676,0.09318336679195556,-0.00786507946470264,0.10352769037125908,0.12200138193343688,-0.003026805585893888,0.005206545562636555,0.17268506954336688,0.0005476741617210679,-0.0033927469110469955,-0.0041908026665122946,-0.0069994331868498015,-0.00264003610388715,-0.0054450018609331075
26,8,26050,2743,645,0.3426589612720195,0.07335638532042858,0.19391016005642597,0.06859626200635574,0.0753952813426372,-0.040642094009724086,0.018867364245508954,0.003872427969283354,0.017814185885271762,-0.01140912083538766,0.5413130796918422,0.1774966239225943,0.0701069129351899,0.06672127865131441,0.006123945487971771,0.05322227425973149,0.07668393090358577,0.09901360337378136,-0.005500564619984149,0.11442975730956777,0.1280671130242821,-0.002983886450319895,0.005521277454881945,0.1885687457668364,0.004210675493253524,-0.013909786467466578,0.003128297834798277,0.013398452631385237,-0.00349729408087589,-0.00355836458604446
26,9,26051,2743,645,0.3394666148940125,0.0650734044906984,0.20420200262482774,0.05112669107536234,0.09534592596726107,-0.038942112795523044,-0.026648291318635407,0.02912145421297805,-0.0058548284978745535,-0.044101636006126994,0.5127026352088778,0.1546184443189614,0.07533386917070886,0.041135144643701896,-0.003497958007107016,0.04089037940492658,0.06989408303943472,0.07996978873580858,-0.0013386993707855677,0.109777418394566,0.09026732515063059,0.007563116417896398,0.01344022892522651,0.16949411769735226,0.010052794141345245,-0.012970272368949909,-0.007280569647573731,0.005552956439073759,-0.006636609906334101,-0.002970118235948516
27,0,27042,2701,687,0.2340636336745334,0.025815248752087926,0.09419433045364958,0.011187619001768265,0.0011737055703333998,-0.009241217673717711,-0.004850461988260965,-0.007777776715597656,-0.0027516714899856907,-0.00696005525599763,0.4185027154088115,0.12104309846998743,0.03622096861578589,0.0158726742778538,0.017767513321413315,0.028375576500851412,0.03681950273171597,0.10017242351753572,-0.0029679931652343895,0.08943463494062162,0.10848872220417927,0.002426562241888308,0.013142537776493369,0.13431756076809825,-0.0007563653226208722,-0.000552610439357637,0.010811756218856527,0.002125108861194136,-0.00021545247667259515,-0.0019645567134512765
27,1,27043,2701,687,0.197896742038486,0.002120036860507221,0.057914485836636775,0.012088854088764315,-0.008803238780293168,-0.011204820108863181,-0.0015548524212899983,0.00022411204433201438,-0.007111650757188032,-0.006912575728876394,0.4025999822306523,0.14097987736005355,0.05636537879249296,0.0066746264821716025,-8.64047552329883e-05,0.009393705290418686,0.019387281833697416,0.07910178916239045,0.003156951878304981,0.08070806468314728,0.09917895317931408,0.002033137115896888,0.015484708927842789,0.10762473089623396,-0.0074593998987040385,-0.002292769539160677,0.0023083465024502535,-0.004078602358933719,-0.003888771291358484,-0.004075113284612547
27,2,27044,2701,687,0.2318148586707767,0.004523167943489978,0.08957403870610572,0.02162769005425868,0.01087470850153533,-0.00031707447071797624,0.0016336694220921931,0.009717729871025507,-0.003894599467458129,-0.00920297209181733,0.4639172073764681,0.16537023612968463,0.04625265900752712,0.03543750361653614,0.01583278859498243,0.03807726663614808,0.03580579527668762,0.09446406163609115,0.00019778640545337623,0.10003569826335727,0.13496886167583175,0.01164018374311505,0.013258916703350481,0.15183600581465712,-0.005548242260465669,0.025287518935826925,0.007153540288176563,0.018155361467189556,0.01779733251141045,0.008575761392289433
27,3,27045,2701,687,0.24527461105626905,0.036102632125237864,0.09278936380456634,0.029089974155023113,0.009128062350764545,0.010512318497847017,-0.007959285622455917,-0.0010968102076348075,-0.008305146238334832,0.017052742571353245,0.42948405748583707,0.13928278017849194,0.07290313810129799,0.02789236106607364,0.013740126106485895,0.05577533992917292,0.038352809863073704,0.10368025690906324,-0.0016427506868574194,0.10760403534406764,0.11250191633113409,0.0024857481650689406,0.011856072897378089,0.11893337718461108,-0.005276612579181933,0.01777496061429944,0.0031198216652785827,0.00325358208075448,0.011068512507456284,-0.0035341468003022847
27,4,27046,2701,687,0.23168502503261768,0.03296065467047213,0.09263373402262066,0.02280231154352781,0.018564078962985182,-0.0010500755758906188,0.001244351174702399,-0.00041329920868863614,0.0072045203549012836,-0.009305301874208685,0.39164305728751825,0.1340082992639581,0.07422400958880597,0.005125587747892757,0.01345281176870176,0.02314091141824478,0.03506003195487935,0.0817532771260425,-0.010199945858860925,0.07242746593301488,0.08255632367223098,-0.009341423794985265,0.004835589327697043,0.1030270717614814,-0.000421961996057052,0.005111573003391279,-0.012853829728808636,-0.00318690142056825,0.019587225930505065,-0.00586275171525783
27,5,27047,2701,687,0.23279703489699421,0.03387266072393582,0.09603326185129639,0.01856357336408161,0.011753064824267218,-0.009514465941091088,0.00018596402080712783,0.009148043677075718,0.006893768174618398,-0.003721138854042694,0.4042000114586011,0.13817908135182727,0.06542874047233205,-0.0010155361385546958,0.023361562425703315,0.029642781833148456,0.03174017728052144,0.0796972042368956,-0.007116564461010855,0.0753344745908111,0.10507397825432299,-0.005107384764891865,0.01217182951003155,0.10476947124491691,-0.0021843420854286864,-0.0035698859331123544,0.0017976254734999753,0.0023699143081687577,-0.008920372831668693,0.005183610757520834
27,6,27048,2701,687,0.2254150414968483,0.02861774895363829,0.09228289464168929,0.01709304272381167,-0.008985999958209487,0.004009338193618345,0.011188776482022617,-0.0012653098339134305,-0.012422313325004894,-0.01576597869007998,0.40611644451416,0.1220907566375872,0.042458727599059665,0.002187428870736341,0.01335190827578191,0.016860562246375076,0.010862521941021363,0.08366149723587042,-0.002992581806875433,0.08705982109726704,0.10546133621362341,0.004181691151261491,-0.007150938287278441,0.11839141917814648,-0.004775361339754908,0.007710791216402358,0.004042352175552599,-0.006327097908385998,0.003688926933436881,-0.0019308260779267894
27,7,27049,2701,687,0.2260431211957488,0.033988232079167534,0.08049376535838429,0.033005342040907035,0.009807890662583299,-0.00209178210082909,-0.000238179219833648,-0.004307336797168468,0.0037142225063886173,-0.008827018917043966,0.3972323690672368,0.14408631732199442,0.04105332987593435,0.006643473987562559,0.00466020140550501,0.02576668882136764,0.009694197112742864,0.054160456469842445,-0.00440659779426561,0.07859388139940028,0.09477252605453272,-0.00959651621170956,-0.008456699897197245,0.11398553466270527,-0.001297436502692062,-0.00866279085851505,0.0056163569037860185,-0.005441202035046888,-0.010842922036426356,0.00620818156307334
27,8,27050,2701,687,0.2014948783890849,0.023838795951627113,0.06613479683810156,0.02281205208723628,-0.0033111549362604075,-0.026186131805076805,-0.00986454024998044,-0.006569408130315235,-0.009514379502537956,0.0015762959059695686,0.39410678981933295,0.14338213445637385,0.0681480316099122,0.017524087531728155,0.026389662068222637,0.048689767838131615,0.04325333084920603,0.09811559639068583,0.0026286518120007206,0.09744930196911399,0.09509408140224503,-0.0007249157630491221,0.003595784331413693,0.11054957801367844,-0.005788572467131781,-0.024044611656759307,0.005825885398780978,0.010663256886509136,0.0020950722254013342,0.012865023407052456
27,9,27051,2701,687,0.23988305955470876,0.0327230577652865,0.1012180337774666,0.02578498446556283,0.023204697118684812,0.005499819515682405,-0.002888913396886683,0.009976012790416742,-0.008974487439597756,-0.008878157704888843,0.38736887355672245,0.12970107707377804,0.058700282258535165,0.008586469993824375,0.012915300715031958,0.02045396475041959,0.022801996766440596,0.08719058682004785,-0.0026532655947991922,0.09197487084370522,0.09581370448725911,-0.005730568770429762,0.014095667270065514,0.09574013144449962,-0.024585619324372067,0.0006772558730935129,-0.00445320757248151,0.0018496764514503773,-0.008265361994119374,-0.004291734949996806
28,0,28042,2751,637,0.19844868886489295,0.04184310554487082,0.09726767015555646,0.009704832014358724,0.03243959544488785,-0.00582357308163281,-0.01934893993433532,0.0009442782167932012,-0.06396397878282384,-0.0022323678144900772,0.47354986598749216,0.1731444089289155,0.07990254063804252,0.04558806335931097,0.039118074676836576,0.06573838888333312,0.04208389380495808,0.07648123287799438,-0.0006474223961657089,0.05021749716681545,0.09800268274086146,0.0027117248545250163,0.002182531203619531,0.15584373246583114,-0.0030561166775521344,-0.00549316052906948,-0.003033127862170393,-0.0008102973299217775,-0.028365526210789842,0.008546488286573612
28,1,28043,2751,637,0.25171350620226873,0.054656186659946,0.13779574068578562,0.023055593511667354,0.06298390704212577,0.000290009315194667,-0.010664431906687708,-0.006958760853309409,-0.015636356486255172,-0.005956657336174701,0.501893279651073,0.16626047152071338,0.06838489480938947,0.0347241605221873,0.013242443122862418,0.034915553177159914,0.0562949173899699,0.06192733374813113,0.0017699574767834681,0.060311757684726186,0.10606235681730984,1.4661847413433015e-05,0.0031808068070899643,0.1836707345404264,0.007124607613655626,-0.0005827316812491379,-0.009915786454801196,0.008018706865384678,-0.005355488536953906,0.0032360395322965476
28,2,28044,2751,637,0.24042303819457134,0.06856713123491201,0.1285779359783745,0.03871910322775013,0.05824737708409894,0.012686391881460451,0.002970796585440688,-0.013845268164250402,0.007389397632628645,0.011144008653353665,0.504563883362329,0.18877731774395518,0.05391410254444372,0.036226060742762106,0.022278127771012145,0.054177229803262714,0.0394121522426429,0.07791974415116558,0.0008630745971584641,0.11049796255724727,0.11177764466254289,0.0037855239281580134,0.006367243612591761,0.18045502901889465,-0.0007630073376511226,0.013827816134916775,-0.006593412333384502,-0.005834891219036509,-0.000142354267734901,0.005112268848977669
28,3,28045,2751,637,0.2203946499727682,0.049551876124061714,0.1180441029187215,0.017440602770437106,0.043296390411008065,-0.011241460445148663,-0.004852509835805288,-0.028144462948772986,-0.002557146647929884,-0.018843270631089697,0.4649749805313889,0.1472216494900735,0.042033256824027296,0.0020555614222014405,-0.007375177168172825,0.03957971345658189,0.016577927777395106,0.056241446314180155,-0.0097543807785272,0.036663422540890986,0.08877253222009676,0.0007923568611426457,-0.003108309008428245,0.15606582702399063,0.0016639533226924298,-0.012674152207353583,-0.011267341192951096,-0.027263600269724353,-0.008253157464299615,-0.006932758883216405
28,4,28046,2751,637,0.24484148195226837,0.05861290784409219,0.140459336604649,0.037442231234757074,0.0642741405872929,0.00857181913217491,-0.016826444795739644,-0.003969648040331406,0.010015966452395216,-0.003883642298925119,0.5184926684135657,0.18628754776891165,0.06643868529532124,0.039125159492600994,0.028990948620812883,0.0703583168876106,0.05667120208306109,0.07817697356751421,0.0014836903444574224,0.07821875626646932,0.10379688661928746,0.002954485963491704,0.006049942028028932,0.1860153617733436,0.0005312263610750878,0.0066402382681292225,0.0010793078737047156,0.0020745087708614607,0.006908304308471979,0.0023682216835459345
28,5,28047,2751,637,0.23118604059465775,0.04883437715660821,0.12059454472831506,0.021521053246525833,0.04135326345100464,-0.03602223540593101,-0.009976763663867228,0.0029305982971125633,0.00033321401322912447,-0.006721302101845986,0.5200486725295819,0.21914074200681308,0.052581937792135956,0.05408315406287194,0.03408810455763644,0.06422732346427941,0.05376887774921759,0.09238489096163591,0.0008621484477541852,0.09461717606048717,0.12005044451472094,0.004259018374238999,0.0035262346865502668,0.184456295282258,0.003010429780818524,-0.003794960271965886,0.004097503436901984,0.009161145086742317,0.011044954711847276,0.002672464677366293
28,6,28048,2751,637,0.24471201260145348,0.060979244844975765,0.13164672273060626,0.021345152957573228,0.06291468166102301,-0.018142849139050787,0.0006671767874081247,-0.0029050756063858487,-0.0009491458387677343,-0.007952155725888843,0.485171366944807,0.1722393312594001,0.05332591580368985,0.02095734303111784,0.01657365372863246,0.0474157449657803,0.04832033744766472,0.08209548477912085,-0.0031338856692699037,0.08084981619190326,0.10066997166404434,0.00018307642685764792,-0.005331202371741039,0.15610802217247693,0.004682242022156585,-0.00834513856550989,0.003288008903562195,0.003964852807005886,-0.0008996161171702155,-0.009452809901480197
28,7,28049,2751,637,0.21532785373440025,0.04126274890343893,0.1160994955314485,0.021584274222208027,0.05078667681400495,-0.0166568547768866,-0.020082134379250542,0.00020696670049494547,0.0022982657018886105,-0.009871244558173944,0.48771309185231465,0.17860300919031527,0.06514734262313573,0.04283233217262128,0.014828451186144332,0.05247707925332856,0.046922473592301915,0.06923817551974289,-0.011511393480795112,0.07393616514233955,0.11023737951144641,-0.013345253713177675,-0.007947861131251576,0.16646094513937373,0.003041927226451008,0.0005229937519880545,-0.021616259840428774,-0.003970962001704987,-0.013923682872255084,0.002036894141962703
28,8,28050,2751,637,0.2756590959419565,0.08052631342092867,0.15390774190818657,0.02163576542396941,0.08017400388958987,-0.009175813488255857,0.0032343361027530938,-0.0040735382483765795,0.013582075820103293,-0.010077155163418654,0.4955710793072113,0.14894932550177317,0.04548061422382659,0.01132356437444056,0.007173127213330193,0.054288657558624186,0.03029117596013466,0.055315941854796866,0.002704841057548735,0.07020620964339871,0.10571789489304995,-0.0001735504897360074,0.0019609737629380343,0.16084129214766202,0.0030434987859744855,-0.004089913201866691,0.000539754341404014,0.0030480399630269605,-0.00013883259512106338,0.0016946354445829758
28,9,28051,2751,637,0.2361897895691255,0.0495938575984253,0.12606313508330108,0.016269850525729095,0.0567554192533473,-0.012264215131360143,-0.0025938598593657465,-0.016101716327288462,-0.015173201067735901,-0.005063242550746569,0.499063206388741,0.1781958886710225,0.058695498053083786,0.03190737617730615,0.02930392061588246,0.05696383535064724,0.062166360852088286,0.07036266658550934,0.00865371120925516,0.05585460300067215,0.1082828609473997,-0.00025258917699678697,-0.005833866499767465,0.1762000407654108,-0.003168507218819017,0.007982985042578956,0.00808915026728238,0.0031700434454315697,-0.0016213598734239997,-0.011675897787977785
29,0,29042,2656,732,0.176544356641534,0.017807053978076685,0.05620440178324421,0.014461008801491825,0.013389784858521441,-0.002718355579395787,0.0037737939741904953,-0.014907133797036417,-0.010206713548216922,-0.01028159353281013,0.24211222249331477,0.03928935216624112,0.016554082049883765,0.018162327574546406,0.00599414560488713,0.019152544942769502,0.0233780941776265,0.0325257888506135,0.0024537496647817013,0.027869279361659217,0.03179704411215963,0.003084898761749927,0.005671989279194542,0.0380258748767213,0.0020367489407852267,-0.0018391208189309032,0.0024829008783031877,-0.0056035753179128536,0.003034724476959244,0.0033235608594266997
29,1,29043,2656,732,0.19222737565317813,0.03173056392681507,0.06497911305028559,0.03370364113371108,0.016759147355296575,0.011683580139587518,-0.0015855363211532108,-0.005384437321468744,0.009917560726585176,0.010972623960752792,0.23366170968697966,0.04241507957886488,0.0010445472486238616,0.016432518367814033,0.009661954197036771,0.024429536133185596,0.019777156851179784,0.016853476192203305,0.0012275004683369646,0.03278847546877175,0.033100299636057595,-0.00239858152774603,0.005946014672017885,0.04132960096933787,0.0035199682328321573,0.0014943467262380993,-0.006265014406148103,-0.01109762632642929,0.0022956353905670525,0.0014835048932489658
29,2,29044,2656,732,0.19550430693305978,0.02306940073970422,0.060081256079458877,0.019547849928200467,0.018389132977562336,-0.002821932233786434,-0.004930780978475371,-0.0022935404887537173,0.0060280688751322975,0.00038821263018467,0.24750176500381393,0.03677007887869976,0.02114531590013463,0.02931934368413879,0.009120657131192339,0.018858864962729645,0.024770322190199208,0.022700277912962023,0.0033560574471066945,0.03422287870562577,0.03449099932418044,0.0008992807141183778,0.009165460307959455,0.04284337595677873,0.0027602843253650366,0.0013243029727932122,-0.001728151555396243,-0.0008642493396881195,0.004326198380725091,0.003993285231456733
29,3,29045,2656,732,0.2116308930710746,0.03702181940678115,0.08191932728566248,0.03568100666479955,0.023730977230840146,-0.00631076310472993,0.00293614989678207,0.012385941981346859,-0.004876253848459336,0.005685964670999658,0.24665310868398588,0.04078332560345288,0.011122369405829047,0.012935378225579497,3.831165487892252e-05,0.01613858767383971,0.026602636241680494,0.022715290164278257,0.0041899650230751515,0.0279445732430738,0.03310359829028646,-0.002029516866462228,0.0016305809980745906,0.05312196753123784,0.0018445371934337402,0.006819726423847361,-0.002198051535384196,0.006085196697766452,0.0025204376034332703,0.000821503263386883
29,4,29046,2656,732,0.20402895174854138,0.033635645994060846,0.07493697704356066,0.01344576156157468,0.017254027370496534,0.004732162008828348,-0.000699087723529801,-0.012858560991225268,-0.0019964688953463816,-0.006068724526315053,0.2467723390645119,0.03730427532344695,0.01044189545727596,0.02346912860004977,0.008634852743898988,0.027184803259173003,0.020329090683980606,0.023456559142336905,0.0045937767275890246,0.026323602415657628,0.03432558899646984,0.001868288435811319,0.009406902752217597,0.045874477441009094,0.004670610911675366,-0.003838733726528004,3.463457185909069e-05,-0.004431979072806569,0.0026537399405581336,-0.0016514600304128602
29,5,29047,2656,732,0.2093941286651911,0.04347885425239638,0.08083690781509636,0.028472708317176087,0.02084732512565416,0.005983841054090969,-0.004904210215638019,0.0037833700419495327,0.0019167030349171916,0.0035816197313328106,0.22983667784689066,0.027674376526619672,-0.0018178697759258095,0.01741674035895251,0.00401921708941898,0.019200117832201186,0.02126290390817742,0.028191038231305386,0.0023010426205697402,0.03193508770582696,0.023634948584872785,0.005439090866979102,0.010759239326051346,0.036158112288480024,0.0024798571270699702,-0.0013420720322737556,-0.00196326170909574,0.0023188902456426964,-0.002880316731860963,0.002625798078072833
29,6,29048,2656,732,0.1890605512374838,0.022840568374429635,0.05852190378622646,0.017727593301452065,0.021413158190314464,-0.02441007070789341,-0.002524933396106466,-9.822835951131814e-05,0.0021730219870139205,0.003199198133839823,0.2539323805723067,0.052812382091626545,0.014843717243937671,0.01496168882178701,0.009813508125158622,0.024766559240959055,0.02559236856567738,0.030295858538842924,0.0017492428032740482,0.025371938884890484,0.03597700994590995,0.0012773478662042397,0.005288284533568943,0.0542867750773293,-0.002216073127196477,-0.006494999000373353,0.0011330965805460614,-0.0009532992911925553,0.006673614802873057,-0.0001431424174228424
29,7,29049,2656,732,0.19762387150497057,0.027239420252210333,0.07056689632348825,0.016719359664330524,0.023182135278109906,0.0002526413784730286,-0.004095768084588547,0.0010505002212320203,0.009821901165716232,0.001787915404382287,0.25487003051746326,0.040343764564919435,0.012284571678113665,0.025240584225266028,0.007508164172454257,0.029548225087105,0.023820955264946656,0.020820221883327137,0.0035133261537521887,0.03895084578918723,0.041826037463081854,0.002081444394146281,0.008287299066102455,0.06018961090066084,0.0031451659776434494,0.0018489950860144182,0.0028454701206282766,0.01092076448458532,0.009125485688983923,0.002946426162471416
29,8,29050,2656,732,0.17954480065234601,0.02273741746044524,0.06015445713846088,0.0012283656136035047,0.00802997694027302,-0.007545821051417129,-0.002182557456426351,-0.002567986360912733,0.0023240344942195347,-0.006619881927573371,0.240859978670153,0.03829048305736613,0.002339827855381496,0.013007456674731164,0.002558009860656146,0.02019741113787846,0.012914671463749746,0.01601582366156236,0.0007347853803484544,0.023500817866620886,0.03195437290491295,0.002140642354603842,0.004762707145901349,0.045257986096061895,-0.0015759181000657568,0.001389861381521637,0.0012057376393388663,-0.0006844242507878295,-0.00022331860086116095,-0.002562988605252095
29,9,29051,2656,732,0.17303458453347995,0.01566712660969543,0.05438227108151215,0.01196179850283971,0.014559302863543566,0.0005474859691831174,-0.0004443371656460554,-0.007691072049840283,-0.0027491563748473003,-0.003259013198550942,0.22652255052618883,0.031130987160872713,0.012294392508836568,0.01901282557480886,0.002667551768882709,0.022947440065832856,0.015908369262298213,0.022342726790694833,0.00043417498241098693,0.024698406164642236,0.03040682718864801,0.0008613308810837522,0.0004584034220541794,0.036757778051189544,0.004622600944132702,0.002940347399166471,-0.0026752511826812044,-0.005576925988998127,-0.010753064164757043,0.0036419082784714674
30,0,30042,2698,690,0.2192415968518813,-0.0064710883613819685,0.07938964507916892,0.012089922399402842,0.02824793035964024,0.0022971590569183576,-0.005972894489646103,-0.002463469364270124,0.00599997667473307,0.005389015975964781,0.3561019168039262,0.06950210805250709,0.021655474733473283,0.03398420471743937,0.0013408145316296028,-0.0001712177911184942,0.007611062843434551,0.04437878405641644,-0.000457578968922423,0.09615432880751291,0.09682549981438097,-0.02302811343441836,-0.01785463301670987,0.12430010514963237,-0.0031167947019900555,0.0016037102980636763,-0.0032708140630233196,-0.0029795721422586964,-0.010931415019040502,-0.002997215263419212
30,1,30043,2698,690,0.22345112371571085,-0.010791891046394681,0.08166675060637432,0.013708058978964183,0.026113968483021978,-0.0006879307258892631,0.011534154913764217,-0.0007435765106568321,-0.01128171728760018,0.007504807796901161,0.3373752793063263,0.05252261317248062,0.015892380499824766,0.027124525282854223,-0.0043712420849091,-0.0010568247478412896,-0.0010541754578198836,0.04181647902945277,-0.0055499620987983275,0.08645413560133311,0.06794449335092936,-0.02738274510023391,-0.028872471044394516,0.11077144188821852,-0.005212060014589537,0.0010280148924355025,0.004795943661404322,-0.002338333566656331,-0.012175608298135692,0.0036896653649996004
30,2,30044,2698,690,0.20789775113973782,-0.015218754493129408,0.06106684810280273,-0.004536100138974516,0.010511250969552613,0.008358083768061172,0.003669644690242968,-0.014925799462929521,-0.0061123103050974405,-0.009207162473385978,0.33655170725524325,0.0791579202075236,0.013579135237240681,0.0247431496512018,-0.00303009206888577,-0.004922297838979894,0.004725931899697189,0.03958861738283747,-0.011866209156889091,0.07345472280429766,0.06970682201390488,-0.02941975376363905,-0.0205897130855326,0.10583450610850405,-0.013979990547226134,-0.006527255888840261,0.0010585492671936648,-0.005819454523816675,-0.006995880429107637,-0.007258114805900451
30,3,30045,2698,690,0.206283156920484,0.0027466552305296767,0.07497257678647003,0.01964113827129653,0.032077109907113585,0.010101999274347231,0.0001399840297335364,0.007878601734510613,-0.000332008863913974,-0.0029874081484147774,0.3614567542458412,0.09274328876794344,0.018164633228585553,0.04004570524704025,0.010232806752897488,0.007791497437523376,0.016700035756842924,0.051515668922542425,-9.859164368825057e-05,0.10926876325791908,0.09641144597931806,-0.017005202648630962,-0.020527026563341655,0.13384659768091428,-0.010514513342614457,0.0028302015006495705,0.00029275962334807115,-0.0055557340115122145,0.0039169349000425565,0.011773611985111598
30,4,30046,2698,690,0.20200648283597947,-0.01995779046623876,0.06351319386041891,0.005473461547174744,0.01545613706243811,-0.00479463143161408,0.000351051601178573,-0.010877901247203456,-0.006641528206912095,-0.008797705699033237,0.34836471928104895,0.08838926051372477,0.011086753145269069,0.0321610143755873,0.01370205061500831,0.005322039755956997,0.009657640301860415,0.051587524584438896,0.0005938620633616943,0.09994780569280862,0.08296418315416762,-0.02506983916387336,-0.027301502195194904,0.11796176271980545,-0.009642564035859719,-0.001602073402413129,-0.002579012941620057,-0.01257850772133754,-0.0036518822943534977,-0.005837785937470086
30,5,30047,2698,690,0.20655698194126265,-0.0077679853777163745,0.06620234390490472,0.016621168028065673,0.01566690359463657,-0.005510666943593187,-0.002598472923565237,-0.001737605552673055,0.0004940979781682314,-0.007930750289761826,0.3366526491567371,0.08039900209682568,0.01022765023195078,0.03705038418810195,0.0036064429459241377,-0.00041040381076866693,0.017077851559164164,0.020451529707663545,-0.0005338691323596323,0.10031131992216746,0.08122465255364483,-0.02842762503354578,-0.026407862844968454,0.10364005677724726,-0.014061480450017354,0.0017115519498036081,0.0028035986596258444,0.0013267158706000482,0.0032114963245442607,0.0004065539369462412
30,6,30048,2698,690,0.19487164686030342,0.006106541215612516,0.06556789820244427,0.012533465719296236,0.026754319602717114,-0.0002787859493021849,-0.0004325628388653968,-0.010238337180525702,-0.001822275022507014,-0.00032772166065972994,0.3253689311156618,0.07412309918846038,0.03786560048402725,0.03691011707700785,0.008481738819119834,0.015110721668739651,0.02198607901523435,0.04628857972413837,-0.0009294752506936565,0.0923376799195526,0.07244014192369108,-0.025380219387075215,-0.022999426133295958,0.11187606764049467,-0.016823447486913296,-0.011570624638135362,-0.012134408273176273,0.0018195417487489706,-0.0079386878101886,-0.00733158338274546
30,7,30049,2698,690,0.20071618517960882,-0.002916117715332281,0.06008140018949175,0.005126062618611546,0.019334113948995493,-0.0005236468689339662,-0.008816243644125952,0.0009153832863067757,-0.003476591290529682,0.0006869767576340252,0.34135819801824546,0.09133613432697232,0.037178410375307565,0.030347288267534477,0.016243352475809814,0.020740006573364646,0.020868132675251123,0.06301623171631077,0.003962518478307831,0.10102740874404222,0.08746552431495457,-0.02090436334495031,-0.026289912810997206,0.12049764203174582,-0.010664701653049374,0.0011056462756289353,-0.0021728792758976658,0.002571281985997392,0.0032498812708995407,0.0017985280733563646
30,8,30050,2698,690,0.19819678938240728,-0.007641477675084482,0.065131005161666,0.008593625481296736,0.004626698800963442,0.003506850841734874,-0.008496737903128234,-0.014693924118036775,0.0007872495285251024,0.013240847963254306,0.3316643122107855,0.07799056250896205,0.02486622892223307,0.03203276687606403,-0.00119408340832175,0.011955727532203447,0.0020210319009267563,0.04324049127636409,-0.0005622028115903954,0.08623497350155612,0.08165195703654303,-0.015181998206293146,-0.015391123669558703,0.10273217929924816,-0.006779129267775097,-0.0017216204489726495,-0.004087475475095808,-0.013072965366679517,-0.004790728978782505,0.002431901042575885
30,9,30051,2698,690,0.1789018732185794,-0.007263096821457604,0.05200448496600897,0.006193133830062189,0.007874357389506486,-0.009263311835425772,-0.0019938772528745484,-0.0074878261347730455,-0.0068664440961695135,-0.0014486317510402247,0.3432524000902111,0.08430520402087285,0.019837477103667744,0.03919180213155805,0.01445747829160624,0.006783778510437277,0.016180757648182796,0.054883043919600236,-0.005334565279299536,0.08539226821061241,0.08386020984920114,-0.01727286566545478,-0.01799440116189835,0.11456250798180793,-0.006166839323408052,-0.0006767267083454375,-0.004590658737563452,0.008478163334840676,0.00535626306796011,-0.0018247368568839572
31,0,31042,2756,632,0.20400953467839228,-0.002059798590399067,0.0877706587510925,0.008233777251930164,-0.0032938235715226694,0.002453717976071515,0.00036623017518273295,0.004992392470751536,-0.021011216220003657,-0.03164431896758598,0.18099903655672273,0.020425889066792793,-0.005705437045491105,-0.00304283180142407,-0.0009510399166164196,-0.005824903866330564,-0.004257572215692046,-0.004411153793295755,-0.0007856074241115729,0.002679944999575745,-0.003977526771136858,-0.0006293296407001659,0.0006576077896286198,0.008309034153401978,-0.000585415338094819,0.0018519650369174078,-0.0006281288720435957,0.0030897567120363734,3.528199325180115e-05,-0.0008058684891658424
31,1,31043,2756,632,0.2681665321461622,0.040019649848862124,0.14290751034677412,0.04820569740145856,0.039520182398667926,0.0043453819402661685,0.001784938809748443,0.016708802999117013,0.02332443857338662,0.005116796166942239,0.19951231101593203,0.024653491474224437,0.008498413551975673,0.002302083278707759,0.004284352485927259,0.0024143733616483836,0.004192214116578999,-0.0032187625123339973,-0.003826067354922147,0.012628488372768407,0.003951998897451398,-0.003905709422784237,0.00465514402860874,0.014403482627568302,0.001937284942383094,0.0013161116350972502,-0.0022456286838001965,0.002575338660621598,0.0011761249479186082,0.003630605073742815
31,2,31044,2756,632,0.19036119355366482,0.010442159015447008,0.07712794275096188,0.012790687206234375,-0.009256808495703215,-0.011817681266429306,-0.00427667188789293,-0.007377855381948456,-0.007088887269273583,-0.0008902139989016178,0.18851238015536279,0.015358046990819111,0.0007622444209362311,0.003516136199394923,0.0024319008400023297,-0.0011697758272627423,0.004479928841898101,-0.008345243385126174,0.001674917279135782,0.010415222129730353,0.0031723231667712347,0.0020032175555273813,0.003925664112715768,0.010800687047300611,-0.00027980753763193753,0.001246134819102182,0.0020370895676396854,-0.0015204388253565182,-0.0004173742344366543,0.004159439719918704
31,3,31045,2756,632,0.23955032711444943,0.022008364773850073,0.11579560849046848,0.0378036379242694,0.012121456726918486,0.011675058146135963,0.008417806852413983,0.009453745621866011,0.006441592975263771,-0.0008217651960480493,0.18810365163511314,0.009439367283587612,0.0030494836381729008,0.0029394590269074842,-0.0011004640620493888,-0.0018464772144904135,-0.002378123707358257,-0.0015939673063153081,-0.0041855088144741506,0.012935668515135163,-0.0067053725559743675,-0.0025112717632572944,0.003633560606734751,0.008129565369215674,-0.0015886024737034403,-0.0009370633134550638,0.00263849046797634,-0.003704182312532425,0.0017766724979215664,-0.003423468774375485
31,4,31046,2756,632,0.22185414394902916,0.029344897807690173,0.10383860198000905,0.03435473331374669,0.022986824745446992,0.006326711224998541,-0.01622692553220908,0.016127895507827082,0.012245995273917737,-0.01893436591978359,0.18710682798951833,0.015588331819001761,0.004761403929316352,-0.0029952613896310487,-0.004978419272900275,-0.00323336649017156,0.001989420345802834,-0.01069393023023967,-4.935051458335726e-05,0.001406958218208737,-0.007045194387951032,0.0020774830068962884,0.0015522938855665497,0.006705441862088832,-0.004619676781058113,0.0006908606783835563,-0.00048578241734773263,0.00020749729520488924,0.0006796463356126325,-0.0026668785492746346
31,5,31047,2756,632,0.2171857365496836,0.029115219635697864,0.09492317307104425,0.027797122860129687,0.005285558187651707,-0.012387897359255962,-0.016816532483339745,0.0018825685771986871,-0.009815166708470144,-0.003029614865310876,0.20146322706792702,0.020617360287927725,0.010646777190632103,0.005630630493605562,0.0018202653964769055,0.00035144443039041294,0.005199115390049006,-0.008109127929681806,0.0022008020098629733,0.010975744241136298,0.011220866293449084,0.0038652224878321178,0.007173688245769766,0.013813563800367312,0.0032636612397963895,-0.0018619661575414782,0.004038229472810078,0.007564080858089248,0.003883470149266069,0.01054944844642502
31,6,31048,2756,632,0.20598169822890666,0.0163224094265972,0.08872427307191175,0.02019193608457408,0.0048529911342962365,-0.010194436856989814,-0.002170197902261925,-0.0006443380451313458,-0.0014819365480086388,-0.009997104952490963,0.17521145599738827,0.012336186355851122,0.0002736836614710747,-0.00037999295678318166,-0.00795153563775008,-0.006604934105725624,0.0010358344861489566,-0.0037170197646384045,-0.0012702286927585682,0.0038898895119093085,-0.006759506444835861,-0.0007037172000430303,0.00019921454776678505,0.007280087728010082,-0.003790504216469509,0.0007008506264828435,-0.0005013949138969881,-0.0022462836086654366,-4.754990806065118e-05,-0.006505176373841337
31,7,31049,2756,632,0.22165854977314675,0.013247600239517779,0.10192993066504999,0.007606442967957839,0.005404645533433547,-0.005394493095512973,7.148375769409631e-05,0.0021621893663225727,-0.007904487365667586,0.008506931639120863,0.19036078100110143,0.018508093010119693,0.0033939636468999306,0.00851044207344997,-0.0015646226775875433,-0.004239534130505129,0.00012871586539997537,-0.0024576281842846963,-0.0010477729756389804,0.011533335633740599,-0.0037527576093540848,2.8564887332629963e-05,-0.000644477091198617,0.009440565987187306,-0.0023848151065911567,0.0018662148822418095,0.0033830980399475546,0.0009527205339305456,0.001530401463548234,0.005663990574101307
31,8,31050,2756,632,0.22261734164387384,0.02584846163603861,0.1115233634862661,0.03908225789570857,0.018949938180627356,0.0141228734926015,0.004591454201746936,-0.002168833534647771,-0.0028737414198372222,0.0024027900946371693,0.1779191749949207,0.013256993013031926,0.003654068495000129,0.0014355535035347256,0.0013811972191784816,-0.001280912829416167,0.00016337625932669742,0.0012631644912119739,-0.0029578752523758607,0.00805388789058693,-0.00734089579220365,0.0021922836055837972,0.0036603746058023025,0.006524932144548093,0.0028033121607918517,0.002977773181251084,-0.0029099941465078605,-0.00016005049091542546,-0.005407691679044505,0.00017731959161731425
31,9,31051,2756,632,0.21453207743129243,0.026979516854250006,0.0999339617827328,0.026353200947033452,0.010581338301853089,0.002226595733991682,0.007225330363537325,0.010800601666235834,0.006361893960208934,0.000992069368083401,0.18160656504881725,0.005396227431316391,-0.003825630180351311,0.0011362429722677398,-0.002344151885296422,-0.006149917337708424,-0.0014413400595267966,-0.007827657183185533,-0.0065416894896018875,0.007649685914085313,0.0010027541856347162,-0.0016357435339112215,0.003136817568989911,0.012659233138547518,-0.002500963059877415,0.004409289423352253,-0.000811561496815244,-0.004201630085780517,-0.009898998739898777,-0.0042943042241164
32,0,32042,2696,692,0.23387407841102337,0.0018834860748495525,0.09153228122957827,0.019222994396161534,0.033003099535007484,-6.595025098155016e-05,0.004456079196008611,-0.00187751397511291,-0.001461191667947656,-0.0158537923316621,0.2711662930810082,0.020172038924838983,0.012397833072186842,-0.0023879981233883908,0.0014211519377555215,0.010228279174100874,0.005261692596452755,0.008150998738491733,-0.00016575197640827377,0.00773829239435502,0.019023217416331627,-0.0003387581206687196,0.0008757243691067118,0.03459658253148639,-0.0010326997170338858,-0.0019930952339385077,0.0008075215908456667,0.0006983766668779701,0.001022946720016593,-0.008976162128607901
32,1,32043,2696,692,0.25205749923701887,0.013777849704576526,0.11616711551769184,0.024733974376699476,0.043730566222479415,0.0011033426662014206,-0.00023480087997347076,0.003236941197782392,0.00911131932728607,-0.004363552307652669,0.2908310390008818,0.03287052329879921,0.018736585174644615,0.009290862558188673,0.015156098109820082,0.02751541311470724,0.011030397690089077,0.01846188071281169,-0.0032704914461555877,0.0219960721920817,0.03149538309243648,-0.010777164124056226,-0.00746297946405935,0.04242338350377707,-0.009894556865127524,0.001898148656215387,-0.005012029388436368,0.0026541929109760885,0.00022462419882249285,0.008927863879848003
32,2,32044,2696,692,0.2313944485013951,0.0038242420574875202,0.09628023065174374,0.01949897067110073,0.03439242305614123,-0.008636094973414162,-0.0058181901539774705,0.003381286506753764,-0.016200990751689147,0.004907929236653013,0.2788836499175838,0.047691832657874175,0.016117700361823018,-0.001337169809250699,0.00460614293041457,0.022798998259513283,0.007401516838990085,0.01712785185370076,0.003038744969696633,0.006354527977616686,0.024626347685326556,-0.003086286469809485,0.0027185030494802807,0.03304306210902559,0.0010956025155966,-0.00042696388391724185,0.0003653658264719861,0.0044833716903689815,-0.0012253818693438057,0.009580857346254412
32,3,32045,2696,692,0.213985915436532,0.004627567166894356,0.08930177143953272,0.01199156589932036,0.03276766524364268,0.003526715918227186,-0.007934675703402186,-0.037114467302512576,-0.0029819623881659958,0.0016683592273235182,0.2597395649104327,0.02955242655351962,0.013988667985109823,-0.01175984697135122,-0.002975336391088687,0.007356082680109602,-0.006082061804689953,0.010925022111938968,0.0014865305056498746,-0.0016666743947397645,0.007013957963942894,-0.010581265687663165,-0.007856049367972101,0.02742221756968587,-0.002213298423721055,-0.001820328499763013,-0.020789827617588415,-0.005863029265067887,-0.01333122519534936,-0.0034227684894468867
32,4,32046,2696,692,0.25462332043595215,0.021832211979416347,0.11238167540986799,0.024478932127562268,0.048923586026598874,-0.014579665750299804,0.008864641466028417,-0.010627679927449668,-0.012100229308596583,-0.0008951114916761538,0.2819339947161244,0.030192275489583077,0.005760840448967569,-0.0025980983602216234,0.0032575504473243587,0.010407218073501295,0.0013902046601972696,0.005936297171077604,-0.0015868232264458326,0.008869600004539641,0.017043108647823747,-0.0018725107719879063,-0.00188746836554326,0.04194147057898411,-0.002370804465034404,-0.005026971113231105,0.008226237365907135,-0.0040257673415438735,-0.008623950829875182,-0.0009951356256733268
32,5,32047,2696,692,0.23258294668758278,0.009832064852413145,0.09701400120101272,0.02124803201058851,0.04195962412781061,-0.0018348490497629767,0.0038811900481696858,-0.002539594269075146,-0.009029303221763277,-0.006362971417525634,0.2894658462126827,0.02767227744551587,0.01753878629165146,0.00021665791188947293,0.006163854901510474,0.01742861125292905,0.006531822696767969,0.007879137931027088,0.0009882590416802062,0.019345509161758343,0.02731660709416217,-0.0011116297341942083,0.006124994697504232,0.04074108593979586,-0.0004858592253913996,0.002269744682935165,0.0019150410078804414,-0.0007487251607894985,0.0016950695468439636,0.004017297385877078
32,6,32048,2696,692,0.23600957464837827,0.007903334625055127,0.09591006130679411,0.020638146916600045,0.04083479147083967,0.010465238559463904,0.005631180817786618,-0.0008758662836548525,-0.009606644582178924,-0.001969227171750687,0.28126896461804657,0.037749642287712944,0.01620609508072344,0.0007367415116667969,0.012638566628881034,0.015142389943586607,0.00862282529306591,0.015420016724359008,0.0016260685377382956,0.015698811883858625,0.024902649802285782,-0.012773826598186882,0.00029195504951167183,0.03745325584893085,-0.006683987940267611,0.01586761162163139,0.0006832470721789607,0.0001099493716045341,-0.014552116202766214,-0.006113704983265605
32,7,32049,2696,692,0.23405421457170617,0.011334079109821284,0.10348898063546463,0.02064756002702632,0.04502487530901376,0.009674097725928189,-0.0058129421558345,-0.01002148488585978,0.006100402288958096,-0.005462452770418602,0.27206876536024843,0.029518014323586576,0.0121905944516292,0.0010657093524169131,0.0072632724621788545,0.01099410437269319,0.0029293845662163864,0.01423708997548748,-0.001435921117799366,0.006543931018115801,0.020344784592701576,-0.0010414892219770655,0.002294057951959605,0.032286450548087695,-0.0010661567468926714,-0.002895719409864389,-0.00162649320924102,-0.014419886189188935,-0.0006359010440651957,-0.004925655558006309
32,8,32050,2696,692,0.22938440048875777,0.014111701651239145,0.09865086774300794,0.019356931968489824,0.04314996405110237,-0.011827252278926148,-0.005413121287342249,-0.007134163801892151,-0.00042716325999995477,-0.0036533352428952367,0.28920183588048787,0.048089550358169024,0.02756721924201989,0.008196650877687717,0.017336627202980036,0.024473173256459636,0.016868492523743762,0.03224832180433608,0.0024210384724302814,0.027060699207627263,0.03736483160698224,0.0022320156621927325,0.008350036680680123,0.048816627915670804,0.0012825108055365298,0.00622058528877939,-0.0002656442353855315,-0.0014200353590060888,0.012988963935883701,0.002144372751396112
32,9,32051,2696,692,0.2462219917762543,0.014814935761268605,0.10540212589293807,0.031617825458991076,0.051701234841471155,-0.0007226064907108809,0.005624387404534276,0.017481402414571585,-0.018898715137986015,0.003157791562372117,0.29013125972457443,0.046948355227754514,0.04020282547974809,0.019488122246326896,0.022276701304369192,0.034841215862542636,0.020889169400969586,0.028476710128207045,0.002420531597701764,0.03161859318628644,0.039362089650757257,-0.002278642403424236,0.0023021928846571394,0.05063508264787712,0.0013707055026846715,-0.0007187819210184409,0.00942353022139178,0.015140879685365965,-0.0013791394909284326,0.0020829766489416034
33,0,33042,2771,617,0.22437457822277934,0.02091255296851422,0.09722340119501487,-0.0013403944044414694,0.017503825781600115,-0.0036957677568083018,0.008566021178593503,0.002411551684237773,0.004766422126625952,0.008646224935301827,0.45199288613840893,0.17551060627668763,0.022091935316354384,0.051221847037162774,0.03346908866009215,0.04599931071643917,0.09755025267883331,0.10167595194074353,-0.007746847942724571,0.12343805979572187,0.1116614694753425,-0.010649179975597528,-0.005493201828731198,0.14431985359788935,0.0021040062455742192,-0.0032017054991586523,-0.0008096607778038944,-0.0032302110130357107,-0.012851939678363483,0.02099947417741247
33,1,33043,2771,617,0.19971943891111874,0.02849830886731606,0.07146962867127502,0.003140012281795604,0.008559875722105884,0.0024621829334841444,-0.01243327570717812,0.0004927586716022448,0.011439879033295164,-0.003989018631609437,0.47643988941035836,0.1888774260737932,0.02506991946003374,0.05095860746267802,0.039325929670472416,0.031453635866120974,0.030474055383743426,0.101516597556467,0.0010381377049192286,0.12114176711894638,0.13250241452479608,-0.0027185183854790684,0.004255053898088268,0.1533261009838187,0.0012232619865749418,-0.004025357055933543,0.005784050907276151,-0.00492980942711862,0.013025680848142606,0.0013031525996255954
33,2,33044,2771,617,0.22804833800678453,0.031117419327965034,0.1054876302252283,0.016537249327582413,0.016925578959507893,0.006940867745090606,0.01438803887294833,0.015224968875515641,-0.013179575013970445,-0.0019281668057986867,0.47743111207852795,0.12961979298009357,0.03367713971276762,0.05008773125072084,0.05484771356494913,0.05472006519108219,0.06387310392380292,0.11374833704881944,-0.0007382703135102309,0.12865017651665336,0.12031536203374815,-0.007989086969552838,-0.0015637315182696176,0.15479284882899755,0.0007921644731193556,0.0019997769019503065,0.007000384805944465,0.007007484172441114,0.003674371880812244,-0.002809458361283218
33,3,33045,2771,617,0.2055625251433019,0.02922321079468406,0.07729446306559122,0.01969582370858066,0.024624148736683928,-0.004076986579220537,0.005481156566176706,-0.004260586999699325,-0.017896817345610046,0.006505734301132773,0.4673232370838106,0.11992501108947269,0.019488085782093063,0.04377605594461758,0.04364900473169078,0.056134443730456715,0.07272235195576096,0.09418825063929798,-0.0036879450391097525,0.1538869189398081,0.11658928728462854,-0.007534700596137006,0.001996071876111999,0.15814702646281814,0.0035757889416544396,0.004503836546835038,0.0014504219169136912,-0.004592536932195185,-0.009065154938050119,0.004342488185357202
33,4,33046,2771,617,0.20183163780684202,0.024703783888766893,0.07022882856554358,-0.006097171962331846,0.023923716263764296,0.006036070917623512,-0.00236437563570919,0.0069134541626352545,-0.014528036464643648,-0.013940289708261217,0.47358673312678595,0.16567149809335951,0.010958578379595862,0.04562361905611033,0.03801728028644767,0.03323768933380939,0.03163011939407882,0.10020932126929763,0.0017259112088642502,0.13679741700063516,0.09675492324592935,-0.004309835929391081,0.0016537622829090437,0.16199488068060058,-0.0002601323328193184,-0.000492052072579785,-0.000648049481293389,-0.0008832212012544027,-0.0014306649667679028,0.0011468191267188844
33,5,33047,2771,617,0.22541764113259086,0.006308124743135015,0.09572343959882806,0.014440817550034355,0.029807252947343876,0.006777998791938031,0.005261428261589216,-0.01374342638739478,0.0064212795988739715,-0.012962908723349414,0.471412574405086,0.1677482954885497,0.022648016359261208,0.06718015741691659,0.045468101239194474,0.05821001040183268,0.07698748281032793,0.096097000891647,1.4968258993147688e-05,0.13269801585734659,0.13917037112625832,-0.01760212126531297,-0.010764779188686669,0.16929353602841554,0.007703312970081921,0.006035239368545842,0.0038218026536129546,-0.000162857946579098,0.007193633018670109,0.003691027506188527
33,6,33048,2771,617,0.1894253279487725,0.011156199055420837,0.0609546222176362,-0.005521621187888332,0.0004106053863707548,-0.008449227057158535,-0.016377459011524938,-0.005824787733070308,0.0019533890474241256,-0.009610803437972418,0.46806991191017505,0.1768962370884443,0.022455773306306527,0.03774919211060826,0.031637725611296554,0.06078198616442253,0.06819585886391709,0.13584872794884087,0.00033151959433188607,0.1335085576657769,0.11718969373633151,0.00017396956922433038,0.005836630601607612,0.15151562873279384,-0.0008422734026855283,0.004543486532633817,-0.003795359517436203,0.002337289466567477,0.002449903528387631,-0.004959973007381918
33,7,33049,2771,617,0.1876294691731097,0.01126325992532945,0.06223231516726766,0.017848130363542332,0.012955750189787696,-0.0068676523699487705,-0.009064086968660595,0.004010116705007702,-0.008970376898001934,-0.010795649153336886,0.44424570470299013,0.1551849252035391,0.020757997220453645,0.0392301258257095,0.0404945086972719,0.04818004642486482,0.07134562064766115,0.12778073571977272,-0.006359083860597209,0.1327366094467602,0.12533471138724792,-0.008387757147814834,-0.003600917603190773,0.14190105824762864,0.0010323207183875027,-0.005779103939565616,-0.006631725746396144,-0.009536788502456373,0.007946639275085154,-0.0108647135535134
33,8,33050,2771,617,0.21187141095489792,0.01968434922141456,0.08323804362774397,0.002266793109200166,0.02150884940728673,0.014166402122372485,-0.00866326608038746,0.008829030020901091,-0.006307208889550451,-0.002907510708288777,0.43831932135845775,0.180269202403542,0.029293270010571908,0.04649825334104233,0.05170414122443292,0.04330401660290479,0.06870747927297796,0.11691528995115726,0.0007448765398930135,0.12487103436247897,0.11662891181349941,-0.0012788667265743736,0.01022333838027747,0.15436594060797318,0.005771292918417592,0.006642975783225447,-0.004167729460557873,0.0034913882728259014,-0.009516191131319912,0.007763658491970532
33,9,33051,2771,617,0.20269350314166568,0.024339792749675473,0.08140291748954374,0.010839222172488405,-0.0112406202118359,-0.004871470857247898,0.0013276285219731647,-0.0020634430597764376,-0.005821716223279294,-0.010392685207037422,0.4574919834415568,0.15384915723030793,0.013059605524118546,0.04617860223375973,0.041435329210228314,0.06984283122841942,0.07577973777226171,0.09582333042795388,-0.0010206397939316104,0.13043756302914827,0.10400811729708734,-0.008588002113927346,-0.0037020811261168464,0.15138603585799276,-0.00022053204968161544,0.008268113397365145,-0.010583440010473639,-0.004382766754349237,0.002149469663905912,-0.010621603742524476
34,0,34042,2726,662,0.30441741925492816,0.036000503670885434,0.14519636783237097,0.027913716330831284,0.06415912624989839,0.030508648322635824,0.03642871727237833,0.0017711076304881446,0.007355102348948766,0.002107820703794333,0.4074491019429434,0.06354488634486928,0.008476719082578165,0.013341042271532988,-0.0209342132872245,-0.002706791738381087,-0.01030605211259883,-0.015119714711400684,-0.002545369361848471,0.027111597448788348,0.055544836024744394,-0.007468858024269248,0.0013127936790559124,0.0912094259023086,-0.0033375880943292855,0.007983034711289366,0.0014407638771976761,-0.0011814534958143551,-0.00966214494197607,0.0007093906463055966
34,1,34043,2726,662,0.2425409896193195,0.0006323057656351466,0.08698687875274184,0.005742910709002088,0.038600169456156,0.0021575031312732864,-0.0032309174343554264,-0.012657344918445479,-0.004563954588123453,0.007835549848993697,0.38586862283651174,0.06674788905318157,0.0012705215364762269,0.00035903174166708186,-0.026041650437049924,-0.0027033587054469677,-0.007904429240214667,0.00252603049959369,0.0018967827327829312,0.0279603599374266,0.05767299522594036,-0.0021899332927960537,-0.008540079462590371,0.08459266479609931,-0.004750166336170869,-0.0058121474693784815,-0.013233970086560054,-0.0009719314932416401,0.001969747650484083,-0.006157874209858788
34,2,34044,2726,662,0.3021853703673592,0.02766266682438681,0.14243777231024063,0.04306678242027222,0.06646353337915697,0.024208337706003853,0.0001505556059664126,0.01187443891369934,0.008156303032668982,0.03357602087019882,0.4183060256537606,0.07851522989787818,0.014526606000522701,0.009846462267976747,-0.018356593116999203,0.0004933965902474413,-0.0013042156512267145,0.0072432249656426305,-0.00016342315146705144,0.0196516018358605,0.07383513606275342,-0.0067778823866146976,-0.012472214392251612,0.10157079084750764,-0.003244104913703233,0.002976574011683719,-0.0003993964676453077,0.010918579931786932,0.003181015053385178,0.009773128173675604
34,3,34045,2726,662,0.24762558534615184,0.008520730586418867,0.09673993817856849,0.022888426336015393,0.041208889576294795,-0.0209292928530705,-0.0017016311020349284,0.0012848713637454074,0.007470125839095362,0.008164571482412022,0.4090748268656306,0.07321572808535567,0.006788269001529912,0.0197162393584684,-0.006854129152797333,0.01191886552608421,0.0035813595622764204,0.03213709689828003,0.003938582057758877,0.022069190030067985,0.07158249046603382,-0.003239858341033297,-0.0005610869457816303,0.10319833137695886,-0.0020370397622429203,-0.016662599350437023,0.002798742195021314,0.003024782988130914,0.0038346562525908958,0.0005360179704563817
34,4,34046,2726,662,0.23797566192823824,0.0016819278333156744,0.08814959126503226,-0.004673981097730579,0.02283029055980936,-0.0005217571768779766,-0.016854029569049498,0.0012706649811835586,-0.012325734038654047,-0.005995316349594876,0.4173991652428076,0.09441229497667095,0.0004418560475193234,0.013799861024345,-0.0020833208794866333,0.00569035233277222,0.003650360772115624,0.011838948738619454,-0.0010048087987261367,0.022384689254282865,0.05444528803290173,-0.007823214156636366,0.00046629639273463306,0.10837228642152082,0.004400233842739526,0.008045744809522271,0.005520527531975289,0.0012020514279577842,-0.0014355931000543498,-0.0048855568751743515
34,5,34047,2726,662,0.25304755019746134,-0.005167554601135641,0.097960364960511,0.007844484355817184,0.03243275669152272,-0.0052053884716750124,-0.002774290166481408,-0.009387795025983641,-0.0013204230392439814,-0.01138062059073639,0.401543841098464,0.07136990615097133,-0.00018572459517248173,0.016970490720482696,-0.03050501274886404,-0.0029981983824656777,0.0021923890387297307,-0.004586078279338273,0.0003975651241752587,0.02179914223599174,0.06822603901803076,-0.005626109114808963,3.600516804913578e-05,0.09448344193798988,-0.004314789013608844,-0.0009136059735749436,-0.0008238435397513843,-0.0025818749796437833,-0.0013995538693681643,0.0001945655927185097
34,6,34048,2726,662,0.28121084195492,0.01564961092616801,0.1234706205890685,0.024628275089180494,0.04842758059414455,0.02247293861764596,0.002718220873765048,0.004224311441978041,0.008315162645931845,-0.002455681192914533,0.44283021662076966,0.07538486158276289,-0.004439563615127878,0.010053199437180771,-0.016310414243646106,-0.006283402690431555,0.003162683945498562,-0.012728401257158383,0.0008933473588917217,0.020586414456990464,0.09632185393872116,-0.010452839012063859,-0.01442271227121148,0.10794368833030668,-0.007126090193297474,0.028441758235261978,0.0014751607055122685,0.0035130494477297602,-0.00845521705786636,0.010214586530705455
34,7,34049,2726,662,0.24873189853236483,0.011598483030676673,0.10980254146717527,0.015134453367533754,0.043488870648519674,0.003964407034109954,-0.0010687551644240957,0.008343276751734754,-0.006694139597348334,-0.009858477360257186,0.4081983323536383,0.0952118000715979,0.016876083983237665,0.024794200975949938,-0.023133232373707863,0.008598738976657716,0.0017631600228667776,0.009808892451865486,-0.001661969070046121,0.0420076173394643,0.08494960437549315,-0.00017252911479109234,-0.005130273414157338,0.1013031326186303,-0.004034508148334037,0.001744629538888398,-0.010572601912500984,0.004098085489824677,-0.006729542147286649,-0.015836682263045593
34,8,34050,2726,662,0.27530270497510156,0.021027053536049226,0.12013545601182032,0.04054975498327576,0.05048263190767564,0.014243837563224518,0.009263226541051823,0.015452145862437094,-0.01644452990031358,-0.009772636027262905,0.3855404879556039,0.06257774837285565,-0.0001533535333571534,0.006946181828512132,-0.019205251943873763,-0.004514129779351167,-0.005446997926541503,-0.01869700190118625,0.001667305890073606,0.020836848543929004,0.06301970443693868,-0.008387598989778516,-0.0016443161245157933,0.09743201649184688,-0.008504272542820124,-0.007700658290937806,-0.00723754614089554,-0.0043801320067501535,-0.011451910741344823,-0.018933483160727682
34,9,34051,2726,662,0.26748112443837335,0.010683264330065223,0.11780961500321248,0.014481560408695106,0.035626646845149185,-0.0021440020477264234,-0.002127410257831419,0.011273438637538125,-0.0039709301735020965,0.005258388689874899,0.4078655510341488,0.06526946891228746,0.004594121287078418,0.013867340179342408,-0.02164300596453863,0.0032846474413807335,-0.00715105655330206,-0.004835871491210569,-0.0010680783849755903,0.015068741389980994,0.05876338879324742,0.0019485175618949523,-0.009809120429536045,0.09542756927727261,-0.003673783969843897,-0.0044918751722212045,-0.005194099362934501,0.002465396999139369,0.002872494553055904,-0.007789190928827539
35,0,35042,2747,641,0.20330421297904358,-0.019567948198875994,0.08562132071196242,0.023424864093442417,0.030846445768185134,0.00571920441300143,-0.003942547849154235,-0.010445212824641479,-0.007075962559595886,-0.008106171123695946,0.3466568440912612,0.05811899896093002,0.028900410906326123,0.03719731678456094,0.019933813187538722,0.0260576935243163,0.005074917680684998,0.056469908783261726,0.0023880452842001574,0.05887821121769364,0.09645168804272733,0.001826315946425211,0.0008373908740796576,0.11095581042522626,2.341714209231349e-05,0.007791303810987899,0.00493210867419831,0.0051709870149850064,-0.0009301507351590299,0.004155635448667527
35,1,35043,2747,641,0.1892697580844359,-0.005302920652113796,0.07849523453826932,0.013385703715635027,0.02084828449866383,-0.0032999485717909423,0.005302994344151768,-0.008314580563990948,-0.024861346391839,-0.0028630217220524832,0.3258825846528177,0.08347459107558344,0.02734666717610565,0.03172642447124761,0.01069445350391951,0.022767424503798945,0.009452519966826733,0.033016410902492854,-0.0009102141139877117,0.04323861901260003,0.07958086930517927,-0.004553177436894762,0.0013384885680210235,0.1088126520910481,0.0006903770819575328,0.0006403048866548189,0.0015258599421462792,-0.004415934810907745,-0.005279669830137968,0.000997278314602601
35,2,35044,2747,641,0.19170735535534347,0.002655348812138919,0.08188495736741129,0.00824077439509498,0.021803619404040193,-0.0015154074811635694,-0.007858431142200759,-0.002383805953639656,-0.01039762246094604,0.002656771620695422,0.34318736106199577,0.03997642182074591,0.03060540153831353,0.036645553406862576,0.014249822583881532,0.02099442125415832,0.00880291629774264,0.03699097743468819,0.002055797113605623,0.04456765846354791,0.08641629424172474,0.00040949888875327356,0.005267819769380183,0.11634226917129384,-0.0025687759017785305,-0.0032011760908916553,0.0023219708318128808,0.006397609533708387,-0.005808636171862075,0.0036214766166472122
35,3,35045,2747,641,0.20893154112931683,0.0031521420712394693,0.0886325897992751,0.029058577129735873,0.03746747922067149,0.004115705765837271,0.00853571272639218,-0.011989879370850911,0.011247765263554874,-0.01396573089967586,0.33399901820776373,0.05277403110887484,0.0268030862740251,0.03823826544759493,0.005577584511826455,0.016604094255677253,0.003258795326796615,0.04436756680441566,-0.004117092548515095,0.049042875883837565,0.09344553620152951,0.0016684928896246066,0.008355638582818303,0.11001872742191292,0.0010988002743614889,-0.001025710556385917,-0.0012219126785847744,-0.0019216891196528307,-0.003221536437858824,-0.005359215845527043
35,4,35046,2747,641,0.22069528274257966,-0.0061158198350035635,0.10257427907865116,0.01363400818576288,0.030445140763034496,0.005185616885304864,0.001627984154516257,0.00397238199687103,-0.003743944233339924,0.006410249428168949,0.3432644070369073,0.08111951174657708,0.03251670579410183,0.04288147133140334,0.010351383460345653,0.024307105111518318,0.01940973243373546,0.05398509375524396,0.0029052079368702965,0.05700455087445013,0.09341293388557408,0.0004204147001345859,0.006548474593914144,0.11796321434641159,0.0017526228009936418,0.0033287471962105573,-0.0014569646224029842,5.5248325224060976e-05,-0.0015160054649423881,0.003241097318356395
35,5,35047,2747,641,0.23091855704166142,0.0240273298722204,0.1187305315252408,0.0474973524628935,0.06114388130510865,0.009750577081977555,0.004533527015047878,0.02177863907220689,0.018405046971011446,0.004443368362599706,0.3295373949994071,0.06815634925414664,0.029256125769413728,0.03783636968503724,0.011523732563655575,0.029887675447994266,0.013995548922202717,0.046310983866009986,0.0017767508667508203,0.05465489774314007,0.08745771957488058,-0.005189197886857394,0.012365315071890948,0.10128851511287443,0.0014143780132950645,0.0005802941647835569,0.00022445626315320544,-0.00954968645929477,-0.005846504565388278,0.002403996899474009
35,6,35048,2747,641,0.21727966526053258,0.0007155730573563307,0.09702091381859687,0.028030157526995725,0.02328181904406312,0.0010002767138085344,0.01506999086041555,-0.0020713545068112905,0.007721802746237963,-0.0027087799033620437,0.33174395087263836,0.0567906911915369,0.02501977576915975,0.023350284875830705,0.014008567170176756,0.022279446557031936,-0.0031155465782808367,0.03228442876429754,0.0013022250161852933,0.036636962162101806,0.08193636085908776,-0.0011819294186719953,0.0077254402718882455,0.10587815927214976,0.0004892776330719162,-0.0049530139882519916,-0.002212374843702175,0.006495587594143243,0.001360863797759615,0.0034267282753636776
35,7,35049,2747,641,0.21547878398941936,-0.0025045498109665274,0.09226891231016057,0.014372042217131226,0.028609022136879457,-0.009264184529383688,-0.0035499282440328017,0.002391196337624582,-0.013914428401331932,0.008205023638291817,0.3405286492931254,0.07506049465604184,0.02852665581011602,0.032531628208256745,0.017014082641343808,0.023855938815779798,0.010313763038765694,0.041517926903653087,0.00013377383361602436,0.046218354422634673,0.09317767067717822,0.0023986490959814976,0.010833908250581326,0.10498129142890171,-0.00019079739113695427,-0.0030682023363483024,0.0022415006349684576,0.004948886001368974,0.0011629269145471965,0.002042436351893745
35,8,35050,2747,641,0.221603253160864,-0.00571685915076523,0.0990093722269146,0.026966165971905535,0.030366255226324974,0.0022164380679321554,-0.019624115752935295,0.003735081999367798,0.011070153353791638,0.010190426461989274,0.34971355955865574,0.0803839312932259,0.01320600509828403,0.04088663038148009,0.013292567304593272,0.01961767075484606,0.012255409340068097,0.03954217245078409,0.006844893582785128,0.06152095069371218,0.09758634609053068,0.0011977847789929053,0.012510160568685914,0.1037953449833419,0.005210818448788762,0.012429459786714081,0.006634009561664661,0.0013320057958683574,0.004068907193799887,0.00559209615402525
35,9,35051,2747,641,0.2137803886071864,-0.010653173323364,0.0993978690561027,0.008665822167068325,0.017547254410753995,0.004225892196575093,-0.0077997648399587395,0.01057883126763117,0.0016174383463297998,-0.00016972008911234903,0.34336142955803367,0.07287783016169139,0.02890850763728141,0.041235959063592245,0.007728723873681359,0.03196663263753355,0.008900443005784681,0.044299821635249426,0.001553415886171161,0.06440567189946103,0.09405688222447761,-0.0008436322428133136,0.0051855485627656465,0.1139905676099892,0.0002040783335965357,0.0009578220187329345,-0.004736116211893021,-0.000494962586738018,0.0014299894231868781,0.0023543017033821447
36,0,36042,2735,653,0.232608543314965,0.021505796359552295,0.12599723629627296,0.04354010874412952,0.032530925662758295,-0.0001289576115539398,0.001470287614653537,0.0039438318825294,-0.0054946287896091295,-0.008493529436137726,0.3429444990734828,0.10675937266315565,0.022823077972558104,0.031028074780923627,0.0014378884642983203,0.022819175710883183,0.046704998658678956,0.05591165597453376,0.0005105028852737947,0.04228775377557708,0.08828791215411062,-0.00550093243366811,-0.010042500246997132,0.11571311860847988,-0.00506038648521942,-0.004945473680777385,0.001021893499617532,-0.0029257980522816806,0.0031699653890170042,-0.006665454117692704
36,1,36043,2735,653,0.2661605048652261,0.043233627492766755,0.1603416586101906,0.06332715137254814,0.04488467230915664,0.011916509508511799,-0.0022160441769830284,0.011134610610126758,0.0018281180405468277,-0.0008523320930485856,0.3491986502096999,0.11277275667071066,0.022666549891831467,0.025470828665300517,0.003447328847109199,0.020468960570512756,0.029642779022389664,0.050392010935943435,0.0013691316986516656,0.05127593955592271,0.09715453604294083,-0.0037528497721454335,-0.010041129475385286,0.13593322075092787,-0.005698430399764476,-0.0025288950230550724,-0.001273171988541716,0.0009101319363215177,-0.00010656327245992526,-0.0068915606954818905
36,2,36044,2735,653,0.24856410361961345,0.02953295226866993,0.14472797899127116,0.0540131800552325,0.0404014435843444,-0.011411330750626397,0.008205434049131788,0.010214330409811886,0.004947148160674833,0.011329609513319327,0.3634685465819233,0.13413369950294904,0.028108935218697357,0.036784362445973225,0.00478654876559198,0.031091864932635226,0.048833751419805546,0.060208881321480855,0.004640744233170085,0.0717100239455279,0.11033692861883533,-0.004440253792538052,-0.016195464220996814,0.12744385564218538,0.0009056194984734978,0.0038745555312514777,0.00472666601724972,0.0053171823423059875,-0.0006673267707400787,0.0038759747762642295
36,3,36045,2735,653,0.22808824306687364,0.003816491020935328,0.12106647383175662,0.037161742477348596,0.017088840016866374,-0.007985966472233558,-0.0018236819008548206,-0.0062375410190497246,0.005193373254465844,0.008577111816391994,0.35370412567683385,0.12006676116618886,0.04332303113489965,0.03813167773161412,0.0064658552794249645,0.018263779480814812,0.05264817658595132,0.051079869812258295,0.0010813870534352843,0.06269475658501203,0.10090519789910461,-0.0017154635308722298,-0.009718891032635974,0.1344627822430407,-0.0033942959602656585,0.0057398743810945065,-0.010170229095070671,-0.0017783287214789667,0.012958711048278337,0.007231622419955469
36,4,36046,2735,653,0.19838223673128239,-0.004027244758857412,0.09122011415283594,0.024269017510807605,0.02216104102877539,-0.02216055310069951,0.004216948092917216,0.004859370053670292,-0.008579312105981224,0.002822865393323845,0.3375415391464704,0.10899956875747956,0.04124110436831412,0.033867985008071186,0.003858361329792159,0.027731013885952466,0.04036936838420073,0.041767548042744074,0.004412322544937564,0.05189308572843676,0.08736150897926816,-0.00574064679900182,-0.009193717095116977,0.11697147071006402,-8.234086780712358e-05,-0.0021222186682733845,0.0008222234824671326,0.002377052717631456,-0.0019555740688926683,-0.001502149868641406
36,5,36047,2735,653,0.24099765725131225,0.03075194482421883,0.13615817663366264,0.04178833066761365,0.0330415040202303,-0.00541919728251547,0.007872893067022782,-0.0074606547002661425,0.011465329859630367,0.0047682396329085715,0.3503881707690647,0.1263230896681317,0.027553289614296865,0.030015123454781058,-0.003048710440724439,0.01972052214308596,0.0358447440121077,0.05631973324212667,0.0025317299232443745,0.050708081908325486,0.10230237974664606,-0.0009821261281406368,-0.0043101921097160045,0.12069715467540829,-0.0010026210266117941,0.000966831331624346,0.002504373046831587,-0.0057567864306677765,-0.004297043463853378,0.00558919017554152
36,6,36048,2735,653,0.2276359992967097,0.025079579962381505,0.12052381420184159,0.03476427053763332,0.02353025399978094,0.00906051030561312,-0.007294793218252516,0.00868210078272334,0.0023534583216915927,0.002890327304602455,0.3602354891088594,0.11363157642807802,0.023594437120655808,0.027963710343391755,0.011547329434999854,0.02607265268356914,0.029702295589510368,0.04431837891020477,-0.0015656302205223848,0.05389282724866153,0.10418689642367754,-0.0022307000217830775,-0.021759795103507062,0.13236270226322946,-0.0019165158145251714,0.008329543400814376,-0.0036689326507570452,0.00045044487524665834,-0.0030023734956463877,0.0020199721691551375
36,7,36049,2735,653,0.2029988400673494,0.004010954405871995,0.0989647764789938,0.03466111640685992,0.0016831786641122338,0.0016481189763967257,-0.008191685812114397,-0.0019866429210429306,-0.007895337055911122,0.005552653019432205,0.35626904890898503,0.12182137762254401,0.03796663507336007,0.03753646656406196,0.018973184748133715,0.030271363878219625,0.044127819177376106,0.05700397297770867,0.0035457072558941873,0.062990387367337,0.1041406530141443,-0.0017378673308525272,-0.007651155405301785,0.13072985589592542,-0.0009321687852885563,-0.0038402682285170685,0.003927629223371654,8.466038211258908e-05,-0.0017950755778803173,0.00038172169518015944
36,8,36050,2735,653,0.20454287771493573,0.03530854582299196,0.09958420419515711,0.03195430569079942,0.019993112101610526,-0.018442450249760264,-0.01297695656318738,0.0021316596458827277,-0.02092386875949969,0.014025068146297314,0.3492279160717823,0.11245306768608025,0.008641523420598679,0.020416707198276512,-0.00947921123455192,0.020664430563517043,0.03756434370119337,0.03752945754993471,9.931403171912767e-05,0.04860688988654453,0.09693655627660268,0.0003238636030601594,-0.020633112841750078,0.12558509037879184,-0.009948244222031994,-0.009039208014188577,-0.003048578040394073,0.0014311333735881281,-0.005955384294518651,-0.0017258739498525854
36,9,36051,2735,653,0.14945604015641517,0.005533422747129998,0.05768588368314165,0.010176117785069421,0.009271511484535425,-0.007629086431847195,-0.0520913362926283,0.007253029595964536,-0.0042153032389600385,0.0018672664332502198,0.3436752850200133,0.12033336335569167,0.03341439658734624,0.02993737007393178,0.0034067676477101847,0.016740990692103237,0.044970725573659553,0.05255220943710317,0.0004862323495960663,0.0599943546271207,0.10289296667167143,-0.004177648845727589,-0.01508640415833824,0.12834278664920573,-0.009901726466401545,-0.006363704510258672,-0.010765674471397807,-0.0031966982022439026,-0.00031053548809752975,-0.005406981638038428
37,0,37042,2763,625,0.17072540535714734,0.01619875331732673,0.061054069664181476,0.011643282797603391,0.02487836174916253,-0.011623588715963012,-0.0006456369202108986,-0.017894702741528306,0.001081038533260284,-0.00030162203521137134,0.31081829601333005,0.07748566773686852,0.03742276926067118,0.03373686368215193,-2.951052748763616e-05,0.0014266483625143545,-0.0002940873770465757,0.005547395110156733,0.001173046214399398,0.026447964590312883,0.04388508415399944,-0.0011445099202331498,-0.009893238639384632,0.06579965966696091,0.0027842694150275347,0.0016753412185257443,0.0010469449955313737,-0.013250720347758333,0.0018995149026238335,-0.003183541972137838
37,1,37043,2763,625,0.2032828443276436,0.025710125081375223,0.0898997043673765,0.024026397139787915,0.02221410676966377,0.0027903266387466013,0.001053226763234702,0.000564749290371272,-0.008817632929635753,-0.0008688977685157529,0.300086933683535,0.05147585229989414,0.013662249674066212,0.015652652948961898,-0.005760415319757945,-0.022950737372505674,-0.013597159797860508,-0.028431501823154792,0.0006879482720061558,0.0037024618142166067,0.024171961238104632,-0.00594229404417751,-0.010221409042067664,0.051904754790594775,0.005432157521654391,-0.007511975771339158,-0.0037709525201194303,-0.010535411535423145,-0.01783387724594212,-0.004911202199607551
37,2,37044,2763,625,0.19030939576563816,0.032084210636969666,0.08206132746882588,0.0351722319486083,0.026494307220120576,-0.0023841688289904044,-0.0003128814037797967,-0.0022678691210830495,-0.0069804632327636115,0.0020507302942565668,0.3230351457344416,0.08752130064379435,0.02849653455396652,0.043253738987231304,0.012354443067001652,0.0030391614072832252,0.014153504490944435,-0.00835619411951779,0.000980302312832193,0.03337874213616324,0.03968014487356058,-0.008017679306190361,0.0009421852481015514,0.07451099391570745,0.0006306401912086312,-0.003309613422918506,-0.0027308462934865886,-0.0009179121056964335,-0.0024711107473736004,0.003903930007379419
37,3,37045,2763,625,0.21959685105483523,0.03202252285298059,0.10103860817421098,0.03720078906614767,0.03519660435678049,0.0036858727609691637,0.01386499438324314,-0.002089398033028053,0.010070772456980437,-0.002441592794764277,0.35425476545821927,0.09744103930765795,0.03346528185208193,0.05185420634776126,0.014063858685391872,0.010885835558664625,0.015941346224475312,0.007421045097765944,0.00021872134383492116,0.04194678015636073,0.06477530045230001,0.00442502357643052,-0.0017808515834208227,0.09771307333020099,0.0075318693080686895,0.011219385902138506,0.0005389512459049117,0.018405272503507576,0.0046713938930847245,0.003079213203729764
37,4,37046,2763,625,0.22385325179337626,0.011638953093914151,0.10980102182349487,0.0356377936520515,0.035084925208219576,0.011609837461985151,-0.00831291004536241,-0.0013869073517049247,0.02221527082752208,-0.0025671659462512346,0.3208729473492162,0.0797594880993037,0.03477264050356396,0.042192038761332554,0.017332661403066506,0.005897880985620096,0.027258148828877404,0.009260215465344335,0.001226884791762678,0.0319443344496877,0.05355222813932194,-0.0015820965256266085,0.000726449517739114,0.07838679940866485,0.0009568479171247867,-0.001577704566233673,0.00044433041431328203,-0.0036366154900580815,0.007778513500152445,-0.0013156109186925058
37,5,37047,2763,625,0.20283786413285193,0.021191351689381722,0.09152987407463524,0.026314613382623208,0.022186894651060305,0.007180673165784465,-0.0007251304678882936,-0.004759906513514292,-0.001831686629338855,0.004304606785379575,0.29329664869735494,0.057681021342606484,0.011183842723344318,0.015594726086655852,-0.010927904242754128,-0.01563760594793916,-0.009746874113565746,-0.0301176282935069,0.0006983846286045148,0.010555523813906106,0.01978477804023257,-0.003937170727643285,-0.0017093903389727772,0.060894797696486036,0.0037548663283909324,-0.011960803405572307,-0.005197155373026147,-0.0022488822223783677,-0.017350865040290535,-0.001324537388710223
37,6,37048,2763,625,0.2209764107313784,0.0022980742897884708,0.09153753343197191,0.034915927264010826,0.015307435287507323,-0.004739643485068323,0.001864898900555309,0.01396762787016366,0.0025010492130346923,0.004349968374208335,0.3302977742326617,0.07474591421620994,0.037502992384637314,0.03651533551005895,0.002529217485847457,0.002829364387540062,0.013150018353044978,0.011424781717768968,0.0009698419329553399,0.03177182550291521,0.045191476845653465,0.003464986739061637,0.0036642321099706774,0.07414908151193958,0.0024827944744244767,0.004420004840686548,0.009605612557235965,0.006430174200462113,0.005132803126447516,0.004209921764625352
37,7,37049,2763,625,0.21325867577766314,0.013508723996656067,0.1033611806253835,0.026604868657719483,0.04094213563150459,0.018395980488994584,-0.022391046612256053,-0.006301137444971458,-0.01577972223954805,0.0018351724584821677,0.3025071769059905,0.05737097208042835,0.014786196912109289,0.014751333067377404,0.004087224467632672,-0.013090755549677785,0.002853206069802988,-0.026237841902404357,0.0013794286229873221,0.0059118904257088375,0.021449423305633757,-0.0020481049517437067,-0.003999231022405564,0.06531583193417276,0.0005265001277898196,0.006205955358094345,-0.01988065208498447,-0.0020257047698376386,-0.014098789920701859,-0.0007431741550034288
37,8,37050,2763,625,0.21556807940656453,0.03543924890788921,0.10151378907606387,0.03295067394254679,0.027453321608486535,0.003379355487016045,-0.0039629691115948135,-0.002621091917992682,-0.002333105801244159,0.0005272219963595559,0.3172219363393847,0.07743726268551535,0.03305467735249122,0.043077432926120256,0.016347353022572973,0.003657937605994166,0.01692541976135767,-0.015374333119474953,0.0016949260045015957,0.029371222681041215,0.034989201296364576,0.008264510441513962,-0.00048815534659212847,0.07531186188760189,0.006989784418872552,0.013328831656413997,-0.0009883268219254171,-0.0042286944161194105,-0.0037349328464693133,0.004431402291306985
37,9,37051,2763,625,0.2108993151141721,0.03500411919028377,0.10299131841519085,0.04366562580146781,0.02628036464813609,-0.006400543740702147,-0.001022513227116953,-0.006470972174207524,0.005853042202915651,-0.009117929538887588,0.3152550441866556,0.07110161832235655,0.02058214367779687,0.03316654718282149,0.0011555899528628178,-0.012697941478924214,-0.006834788616830151,-0.013216099238874901,0.001964365450052402,0.008973119686330166,0.03025927885024924,-0.0020043393304636616,0.0009472951590077383,0.060002948310458507,0.004596677449320663,0.0005105910654833512,-0.0017867962980545437,-0.003432585543248523,0.0026458681003193874,-0.004979741388920522
38,0,38042,2713,675,0.17801514709807204,-0.0012114501248769948,0.08635475710313086,-0.01381702726803358,-0.058529778539634966,0.002159204982363744,0.0016884947813617796,-0.01585669728172418,0.006014078704628364,0.002395504728475864,0.3849350002740223,0.13477054945367103,0.09607728551045931,0.044794593581619795,0.0011535090667902314,0.04370805419313149,0.07529376091496884,0.04856701421977353,-0.0012853938704747935,0.10887860333837299,0.0864496319042374,0.0036990417235414743,-0.03376961126518277,0.12894696400596942,-0.007619790253531389,0.004202006613078385,-0.011486900731566257,-0.03258958673070695,0.00307135954814452,-0.005087288590715472
38,1,38043,2713,675,0.20523043185474057,0.022172409932869917,0.1156507277820195,0.004927296232667277,-0.02452434884149417,-0.014284601712975284,-0.028692441232416387,0.006861258240271529,0.0008860564922004932,0.0090365547541023,0.4221971138040743,0.1729519445145813,0.0685644817526411,0.07211713858042208,0.02956879875315937,0.03445169435597385,0.048348421649849434,0.09842925230222062,-0.016576803650414994,0.1169869784643196,0.12003717378279868,-0.008399262304143378,-0.055440205628630654,0.17236698854141405,-0.016208005045780672,0.0061104174999444425,-0.003539956799646632,0.002724934050741895,0.0016811003913562994,0.02859177995273997
38,2,38044,2713,675,0.211631526991183,0.01784075633230391,0.11755779463731279,0.01900070121619462,-0.02080099810293555,0.013436039082151149,-0.012177608297012107,-0.0016901816698859067,0.010208758084349245,0.01806563386348007,0.42685951537283834,0.1525907812537372,0.06847522026039443,0.05703494761495289,0.010487510897360063,0.02204943070805923,0.050834211256342174,0.0677148761462138,0.0001571481254378282,0.11320863458511121,0.1269491673169521,0.006222471683401565,-0.04369032335172558,0.1491360520176898,-0.008512995899271231,-0.0013781734036661885,-0.014443478118280489,0.016177481666726178,-0.0013478238993603398,-0.004523740710157792
38,3,38045,2713,675,0.19663486929317778,0.013486114640138594,0.10459975664537902,0.014167296862547137,-0.02875561316450174,-0.01982725805011167,0.00745377255106901,0.0050467943556150915,0.0009503859116517827,0.01753654411912824,0.42124599628329357,0.152279375595295,0.018803302609037415,0.022793514931241727,0.012149379770177876,0.03166767753953122,0.06730128968728595,0.06115622339074565,0.00906715744659325,0.11710468519404198,0.09772220951426952,-0.0021689780793186842,-0.032411314145382605,0.1579827803786136,-0.016401099709862976,-0.010074360152341838,0.006419403749650577,0.0005433002443899603,0.010031258484412414,0.0007558847115409828
38,4,38046,2713,675,0.2112690583256053,0.025418724702983238,0.11434336436411166,0.011797819113261252,-0.028330365728718342,-0.010788760723076562,-0.006451296902220918,0.011969733901513452,0.009463530441606628,0.004567473775435524,0.41694881220125946,0.1394644802581126,0.04561368203319139,0.046570970688897276,0.008790992997931058,0.02748404721941693,0.07789619626802624,0.0647508139550557,0.0036885457253752864,0.10194699410808843,0.09931713628181121,-0.012692556207177635,-0.042133532869524135,0.1460159554691998,-0.01230405683928829,-0.006649636045617041,-0.010593608736828335,0.004106619651868504,0.0062651560688946565,0.004950730889415028
38,5,38047,2713,675,0.17042892776900045,0.006465295714836836,0.08266739474424577,-0.00279379448621854,-0.04566599795971672,-0.011817934890175014,-0.0007971090310088496,0.0021102790910691007,-0.005668237709033605,-0.0066187690326350804,0.41664406679528615,0.17602834329271905,0.05573239430574504,0.06208838606180145,0.02108663463146889,0.040050372671946236,0.0577156406573089,0.06278848334877729,0.006601766431053308,0.08529726859533093,0.10047505033200639,-0.005388913808440793,-0.013405490661897617,0.14864333896229598,-0.009549928364902366,0.003395103271681782,-0.006981445325481656,0.004165840353716121,0.0019458582456733764,-1.713048590322175e-05
38,6,38048,2713,675,0.17242655605917923,0.0002691914393617073,0.08319803147203567,0.005076760135134117,-0.036370284444778904,0.0053203080295276955,0.00034452540070252226,-0.008136541480922086,-0.036398654226288615,-0.0028061286560973784,0.37558178982255525,0.13204547479337037,0.041035189850635014,0.032898278807785925,0.0033780750501149147,0.052302783398698406,0.08810300400403506,0.010041615994821012,0.004147227557321514,0.09046872461268554,0.07890677374323546,-9.333113415425088e-05,-0.038665617655457465,0.13518480895038693,-0.013971551751898431,0.0012041587344465588,-0.007023556488881461,0.0028760295709006735,-0.022700461979935038,-0.0017000446194028796
38,7,38049,2713,675,0.21692696693848995,0.012116946613148483,0.12305024636147184,0.013243798661320166,-0.05902379881832657,0.004951889891122929,-0.0010715634593717383,0.011582414359071614,-0.027694955750486232,0.007832224898036227,0.41486089300428475,0.15869649644542802,0.040883994569158505,0.04123757574956522,-0.006676561550372356,0.03231815531188598,0.07931777202065682,0.03428501543054434,-0.02014535776100798,0.11372072350048072,0.07715013854345447,-0.0027500186409098295,-0.04984020640618323,0.145307534157674,-0.03687671254943102,0.0010832552545294027,-0.007082780441500697,-0.008059776887759823,-0.03363617562953342,0.010750163556849796
38,8,38050,2713,675,0.17255601887789332,0.011707847590732734,0.08302066100544096,-0.006189947067609197,-0.0722498235872366,-0.016111677063425575,0.00038528465150492743,-0.022497401555147314,-0.009936179730487363,0.0016141422089728352,0.38907749808531505,0.1564122172281525,0.04651499515855959,0.04951906346037118,-0.0030352309160235403,0.03441008139996871,0.05862064086381702,0.06772261263986244,-0.007295258700673701,0.08232164597427195,0.0866231968171737,0.002291022304313356,-0.0031985968994473037,0.14671082944194067,0.003204218738604664,-0.005640801687937858,0.01964633745796062,-0.025449683098961656,-0.0084441810411662,-0.0038003647307929267
38,9,38051,2713,675,0.19493937597457636,0.004000248043467833,0.10141633938051046,-0.004934082302761903,-0.0335361902192949,-0.01790739699736383,-0.01185171133629771,-0.009329129720402249,-0.014411590033531405,0.00271029140708996,0.41101261679919887,0.15887242996560533,0.05537607433510785,0.0594577938569939,0.019078957629203842,0.06837620034210282,0.08734050870426009,0.0735408762490769,0.0034708390266753155,0.12429687179958329,0.08336380711561023,-0.004694328759140831,-0.022991666156564554,0.16211066122660578,-0.010301105751674861,-0.0028484887069435806,-0.011152008059931513,-0.002372524695427131,0.0015045120103421906,0.005676568857931335
39,0,39042,2807,581,0.23023739750882039,0.0049825168312918776,0.08459341989946143,0.032613375388994933,0.04044271675976961,-0.0016080453922973,-0.005393277999334714,-0.02170177787977131,0.015528593640430901,0.0036617341751430275,0.27003872607265444,0.007020029016494495,0.011564584954008483,0.0288358387561534,0.0087807971814955,-1.404039484309283e-05,0.004349938046861257,0.005826373998946424,-0.00871701203162717,0.01944976716747635,0.03682654738317982,-0.00687606705040929,4.4359874373556266e-05,0.043270310485890764,-2.9660792190183695e-05,-0.002464790675422984,-0.005239533469906338,-0.006209981919021934,-0.0027003521855283818,0.0024178320004200836
39,1,39043,2807,581,0.23119815084323345,0.02503792728936527,0.0807054888784177,0.029128645948485722,0.050882493173121456,-0.008664896840619071,0.0005209176155410028,0.0005933327144475364,0.00614289252079179,-0.011902693560094223,0.27632757122742085,0.011099145596044028,0.017285293213084342,0.033222206999103304,0.012567460032413583,0.010457590711299498,0.012037471935592441,0.01585386344291268,-0.002925020486030344,0.028607863781665167,0.047279782396783904,0.00724353084478746,0.008637936321478596,0.050161904728794816,-0.002601837002992219,-0.0053683557194054154,0.0009645130699922289,0.0029840389369674867,-0.0017462135733860907,0.005068356193795043
39,2,39044,2807,581,0.22710163257452534,0.022444301320004183,0.08749475450896818,0.028960730623687803,0.058189091958272265,-0.005279897822929991,-0.005552282341533865,0.011636199823873867,-0.00033997378152643697,-0.00486949871115665,0.2560521296191753,-0.0012788934636555644,0.003118165525921121,0.01766853838420037,0.002618569978671098,-0.0008693625736546279,-0.004166927321240091,-0.007094134815113609,0.001295959847985756,0.007743060801597359,0.02710748224897443,0.001928626973569697,-0.005339230428227598,0.038622960008297694,0.0019731436233174386,-0.019845827902175872,-0.0019426768250812687,0.005322931828823851,0.0023429847066345046,0.005730275684788039
39,3,39045,2807,581,0.22424491966343998,0.030019223829886033,0.08948126405143689,0.0268937152370951,0.05304761285310237,0.005223124951473426,-0.0006258190602871555,0.0009428847377142974,-0.003584985692720985,-0.0038277728514554466,0.2649000578288555,0.015488892088694372,0.022447641015343904,0.032767049759058406,0.016764846112105544,0.014863442897731897,0.008842602946921236,0.018149405625584668,0.0006400800760664682,0.023180719911792363,0.0395578681980058,0.01142631387732423,0.015369604787835691,0.044169770195363875,0.007070872610439383,0.006829211798469512,0.007228686821890112,0.0032068119680566222,0.003595194780568195,0.003985528747642603
39,4,39046,2807,581,0.20151236939870182,0.01597100594480398,0.05809915335559075,0.0115371578499393,0.030544735085090514,0.0002666862165424361,-0.008789946075681085,0.009169144384922718,-0.005690568616102615,-0.012617317300853168,0.24716721969776767,0.00575598172700495,0.018938853382914254,0.02281207692089545,0.005740932917323494,0.006839573917566719,0.008119112380873733,0.011351781119155616,-0.0011013125561096654,0.017608148303913086,0.021784178063071126,0.00026142507128151804,-0.000755338640844419,0.03122741946801797,-0.0004733090830456754,0.0010729451903538495,-0.012163065315572718,0.009702104861718455,-0.003170662729108839,-0.002986936530128842
39,5,39047,2807,581,0.2334154875651597,0.01576520364607214,0.08319843650664242,0.020421721555809815,0.04866831418576563,-0.00014119864352268586,0.00020920293164186087,0.0025031895593896902,0.002404710930097634,-0.0048302079895206716,0.27437124239332555,0.021599335965165556,0.012288616578972275,0.036197892670334755,0.012481461689978633,0.013697698053785554,0.015539122301431974,0.011329979983449798,0.0011322080197731898,0.029593977143296268,0.048987278207949694,0.0074970669803495205,0.006561694518596356,0.052029814840107616,0.0005709274015478604,0.0012045929907369302,0.009283735834826574,-0.008671384542018611,0.002732516712553662,-0.0005334144915701722
39,6,39048,2807,581,0.22881810262223629,0.020288426203572393,0.08093152385887792,0.030154597106444213,0.0510959350782047,-0.008147653361063803,0.0010804803617604636,0.003022522788772289,-0.0014509295872998096,0.006203917812837944,0.2653383042873907,0.00496253632880467,0.012988554488480377,0.02541575428360924,0.01092139990889893,0.012720332051693544,0.007343209300477116,0.010063335148506236,-0.00046911880557981014,0.023150488888229705,0.0339884753788121,0.008748563759124407,0.00022980223581590687,0.04208169592059113,-0.0016738794017483183,-0.004713793342921396,0.0017333311021799746,0.0023362809143108844,-0.0004956041656268173,-0.009242526911720006
39,7,39049,2807,581,0.2267262410678232,0.016107922636554993,0.08592964709036945,0.029105347047111207,0.044467279748658474,0.0003036022714775238,0.012242607434284125,0.004393194501228817,0.0022046102469109956,-0.010348542358140242,0.2600266197325586,-0.0011624768355340737,0.016770295103299294,0.02573841186767415,0.007747824381338567,0.0065860161405049715,0.004125234517817466,0.004891933198236181,9.298385106121242e-06,0.00856372975436669,0.031853499684419875,0.0004427840756624557,0.0018698883138148713,0.04386254714939767,-0.000865074246282016,0.00215677898461446,-0.00029172850102290594,-0.004941275907316861,-0.008004005481582166,-0.009647012569455216
39,8,39050,2807,581,0.25435958617688076,0.025231484338183813,0.0951475697554199,0.04442684457606701,0.07377839314116834,0.006699474364188435,0.005710592626357402,0.00942756712337422,0.008175968462075616,0.005205484248988914,0.2730276264013091,0.031016179038112202,0.02505133517284831,0.039352172308748636,0.019275618075016907,0.02220747905590513,0.015166205381394706,0.031759498263253395,0.0004776615100819892,0.0329447957872611,0.043088131790922385,-0.005870394882935065,0.0069544198199375795,0.04662830210258616,-0.0013032201072703698,0.0005006704609223589,-0.010361059700486858,0.009137247688439154,0.008313214297057236,-0.006381703879855666
39,9,39051,2807,581,0.23657321572362408,0.023887305001523217,0.09262353936807058,0.021554994345605878,0.05980722083181515,0.012849933651156598,-0.0001615544339144237,0.0028377937644910338,-0.0023827035822085703,-0.0007393340256634489,0.2833132969024971,0.01991700163341508,0.017562797774542997,0.04566548126094007,0.024477314163328608,0.025633018350519055,0.01533781204965666,0.027069525520716807,0.0009629917714469693,0.03876793191876128,0.05038480006743421,0.005754810314329334,0.012875729925231167,0.05774816785402311,0.011065681877251187,0.013389657869827421,0.015791220998279225,-0.0017345742176743284,0.006121323501957582,0.0020700683568288802
40,0,40042,2756,632,0.19974970226888822,0.06362890571742592,0.09371780691238288,0.03480677908005639,0.04019642245020553,0.00091160782550678,-0.030040553825984185,0.008890194000191063,0.018614506914857734,-0.005080356492327395,0.4514164914157691,0.16194831193066558,0.004428878891596466,0.02483185755709582,0.00558684006307088,0.016114136773905795,0.014769683023255575,0.06362087367606575,0.005490662975638161,0.08992601882460736,0.12397791807602423,-0.0009573820084813501,0.012735648541781469,0.13031206417712682,0.0038909552889678733,0.002558477652481045,0.00020279463139528665,-0.00933539439222938,-0.0010018013000877401,-0.00048112773217457995
40,1,40043,2756,632,0.18830973793623318,0.04557512687916719,0.08259056615577452,0.007834147669777755,0.035184595192544466,-4.990226407444453e-05,-0.0010567236138111502,-0.001005978861275958,-0.007557676974812752,-0.020956129026836603,0.44739980088421016,0.16801103984163798,0.009431056893316464,0.03116319127687958,-0.002720052859558203,0.021094529542650942,0.024559210374431796,0.03332350026797235,0.0018000246535930797,0.1267928315348446,0.11647242410705509,-0.0029613143192273096,0.009618570202991889,0.13229717860914564,0.0012156127889408563,-0.002641117507422025,-0.006364851061452853,-0.0011561189266854899,0.004068630858585054,-0.0070387188119298005
40,2,40044,2756,632,0.2140148464182634,0.0637805281988842,0.11576412324414702,0.04642884203876456,0.04867390883266927,0.0053951584452773815,0.023458950871046807,0.014540128386634482,0.006487073465029863,-0.008498989557142766,0.4519652030858374,0.16681857435497333,0.013127182297510014,0.026733946676489078,0.0015434628999140998,0.017268898013270854,0.025750290154593587,0.06480245952517286,0.004882641948849331,0.11712313197267077,0.148217439316073,-0.0008704786871017334,0.0055139295757176575,0.12654864836740515,0.002314406893924548,-0.0014119083357717831,0.007700089250886305,-0.0044145876556946125,-0.010779279629083543,0.0023845329154487337
40,3,40045,2756,632,0.2097793048678288,0.061341048406010915,0.10453578462118454,0.02986888462339849,0.03133834097377967,0.01620890856613761,0.009656384240827598,0.0063423122927806445,-0.012445342485495989,0.0034436459036907285,0.4369530611897452,0.16411678941524388,0.00474366718356205,0.049509508466934894,0.0014438631673551693,0.01235261283932817,0.014894281412116794,0.07033332569135356,-0.004835685015531927,0.09529026785494159,0.10830301661083794,-0.008099096704566804,-0.0008796097868003338,0.117426093096939,0.001015439300831289,-0.0010063567640053116,-0.009876068623987655,-0.0018947170483043728,-0.004421764403708872,0.0009009399735374401
40,4,40046,2756,632,0.18069474189539272,0.046152697434209744,0.0834817639487768,0.01087678086678274,0.026240022104815186,-0.01321380644893802,-0.008041437922127845,0.02164570365402838,0.015693631144667763,0.003850473395513926,0.43973632445819694,0.18158532550385598,0.01411393648403857,0.03973773618104867,-0.0005308859445478598,0.03180483950067242,0.03435683813097609,0.08260470776509793,0.0020470111935235345,0.08364060312153859,0.1277292924123513,-0.01226929037883719,-0.0016733322040932974,0.12847387439346533,-0.003996214744355409,-0.011108553555065908,0.014649975776182479,0.0017618748549422746,-0.01730285683501166,-0.00040950260849441643
40,5,40047,2756,632,0.220090407150418,0.07629233987698611,0.11192319516633212,0.0310758809134692,0.053798722163414414,0.01294388825958053,-0.0003335133116187744,0.0075723501479803,-0.004325154937372425,0.012041856777712832,0.4478838052560396,0.15618626374950415,0.012249430763720277,0.03338310807644048,0.008543933392029367,0.01840135506345375,0.008897143075530805,0.0845893413042285,0.004476627514025011,0.12533652672328752,0.1324345042821849,0.0030325101570258194,0.021072516520744107,0.1219469849982775,0.013886853006830147,0.007606036718317988,-0.019300209117542856,0.009712092501253067,0.00978874139631738,-0.0029258433584453125
40,6,40048,2756,632,0.2228687474880159,0.0734150845218459,0.118744775257226,0.035244060677838515,0.05265914710458186,0.023296645711072116,-0.0007636175138198004,-0.0006622683084704706,0.0033952193982292158,-0.009734779044294239,0.45637189522145205,0.1383346750973133,0.005584509740352722,0.042845120609621305,0.005246211419520202,0.013074884472730208,0.005965621566610485,0.04194486529645711,0.001031236046943701,0.09573465633524807,0.12425291985047895,-0.00019463222594325868,0.00788348601043395,0.13654838715261075,0.0036007574371464844,0.0005580049106164387,0.002102408644692977,0.0014058788121858123,0.004339730646157202,0.003939099577291544
40,7,40049,2756,632,0.19873628009103145,0.056363167992998786,0.09451809479751223,0.01347421097678772,0.017505721311591317,0.010300119831917632,-0.012105705260434738,-0.029745220993525077,0.0020732738692259443,-0.0022464740128252643,0.4656347545872759,0.1830747749915995,0.006359737961055279,0.05110819674636463,0.005535711208090127,0.021681301742803756,0.025222844253026372,0.06133172267339944,0.004258428349670096,0.12971261327779687,0.13318856331709872,-0.002108114610520473,0.01747520734012163,0.13226840732675435,0.009441669434924499,-0.0032884874195328317,0.00845167759337,0.0063803780950511535,0.001046616557710417,-0.0029993663597556175
40,8,40050,2756,632,0.21170319301167786,0.05309669992564179,0.10698762623068717,0.03023133917383571,0.03460963790765514,0.010418829113462596,0.003303423663681923,-0.012789684168325743,0.002884036744261323,-0.004983652226374732,0.4619191917997449,0.1375623390087639,0.013940802501157812,0.042256978819270444,-0.009582536262265361,0.018364431611325942,0.017856905062162132,0.07821139537149817,0.004698714274698523,0.13112279039652217,0.11863731150554928,0.0017029868248533754,0.0209369746964711,0.13960834984084008,-0.00042475727980341714,-0.004265739184633665,0.0073227633331003125,-0.015280637815844739,-0.002213683049681814,0.002437357293622966
40,9,40051,2756,632,0.1884033365878019,0.05240323708390299,0.09303737627814504,0.027115160590481347,0.03553664505063444,0.0064417420954792585,0.009082809662199029,0.008633777133752787,-0.021164080518780375,0.014612051289899453,0.44141343103470054,0.14921048229511324,0.008922865787538403,0.037237956767520654,0.01767797793487117,0.022588770099167772,0.006189339331566563,0.08225084180474415,-0.0008268417513991766,0.11587242697607236,0.1237875221672983,0.004340197583992683,0.0030164871008241723,0.12069417451039002,0.0007543581860254001,0.0013435452890814049,-0.0032780104438117907,0.0017556924251307172,-0.013171305126829031,-0.007800976962955769
41,0,41042,2733,655,0.2552119041247746,0.030507041733319723,0.1157770623304818,0.04783358660919179,0.05137015086291946,-0.005424666366884992,0.004947427951652655,-0.013617031345613848,-0.01943481390083746,-0.006707742227701863,0.3547517802912294,0.11280616176689609,0.006646768005710901,0.022374114075263917,-0.01584718380755476,-0.0023046727872264696,-0.004943518489516419,0.03020324463573343,-0.005231407191583204,0.0449310273316018,0.07914669835029278,-0.012942937193102222,-0.0289386671637838,0.13204100348187148,-0.015924163852557478,0.003816797779245018,0.0010555112032137547,-0.002197736519096466,-0.003640928921303288,0.0013791815422089903
41,1,41043,2733,655,0.2345268720039448,0.03313217444132052,0.08963689294231951,0.04854945948624859,0.035312020745030336,0.0015804007258924863,0.000442545088956553,0.009371757268395628,0.013030377558766551,-0.02571417381026802,0.3235825151839389,0.0971872510877051,0.01463179627562397,0.027548216265037406,-0.005768098743534888,0.01430963861323683,0.004886305235678984,0.04293043716529678,-0.00699469459390048,0.03162399402225137,0.06424355960161192,0.0015602540054157287,-0.024393859344199364,0.11433950188434447,-0.0016891424528625854,-0.00345124327782223,-0.006114655910696399,-2.97419900478324e-05,0.005277751815801585,-0.01956278702617616
41,2,41044,2733,655,0.2659445466329778,0.02804152421813959,0.11640768038375424,0.05698869788310014,0.05131836704854734,0.011856089015766028,-0.017644793602760916,0.006382336880549788,0.006083341275905879,0.015312101178308241,0.3480808410780797,0.10083121142468428,0.024322415258311286,0.025446254486469873,-0.011148579706668799,0.007209529548427745,0.006549111895803239,0.0329052270668365,-0.0031281927018530385,0.026197432867255517,0.07064899696384656,-0.005755680367803368,-0.022960597368250672,0.12812823336113247,-0.005276943113386301,-0.005804046266305407,-0.003906387927366317,0.0025721652108459505,0.011773071353443016,-0.0008501847070857438
41,3,41045,2733,655,0.26563953230940673,0.01565484881484822,0.12747149205983282,0.05200183741527942,0.052481968500840526,0.003668003517458443,-0.017376304549302814,0.003962693041668283,-0.009571614278462787,-0.009258695980520532,0.34063970666665067,0.11196090060252273,0.013591877289559596,0.024625397250015578,-0.011876614935531809,0.007216735522927542,0.006806056468372951,0.02354705170210309,0.0004489364556921727,0.030631812913554636,0.07942277427240152,-0.002420673653790456,-0.013604113764208359,0.11328377835531778,-0.00012775402491190245,0.0028340330627576182,-0.0011772926424298059,-0.0002977716032458888,-0.0012402488724072625,-0.0037613100616829378
41,4,41046,2733,655,0.22449961291104414,0.011198790071890046,0.0838788009238983,0.03568630981753519,0.03856864703543829,-0.00038952156437762063,0.0009713912682337595,0.0007508049414146039,-0.0017267271647342097,-0.003899723213358519,0.3402346852217858,0.11227749231202588,0.006010024452183532,0.030248280966232492,-0.012786283111455122,0.011333505864795718,0.0011590472093787885,0.025605044196194592,-0.003070940945426498,0.039238095153764224,0.07812644140543429,0.0006672565164275779,-0.008639711082412172,0.12117303669657944,-0.0022702385698203154,-0.002648581831659097,0.0028317081155009916,0.0028832142077551805,-0.0017955283868768212,-0.004023613749282134
41,5,41047,2733,655,0.24161595855324328,0.02282891192934112,0.10596212638195539,0.04535157822688102,0.03515256856009441,-0.00837440548609945,-0.0200172597911361,0.0021390601413254053,-0.0027854436534523546,-0.010062828961812615,0.35806782887567756,0.11470342835433542,0.013772221560498833,0.04339736932061252,-0.01734283241745872,0.006115442344759014,0.00827564525069856,0.04267020411830045,-0.00011618447098414864,0.0590497749982398,0.08870550248180978,-0.002051416478920798,0.0017593641357829704,0.12389291773526585,-0.003216802153467557,-0.005741558374039635,-0.0009270481252470541,0.016123199785373188,-0.00043867863978829246,0.002805829398737658
41,6,41048,2733,655,0.2511079641229241,0.04046428344337373,0.11825617764130636,0.05688109276616993,0.05236573265309139,-0.012227779629894561,0.008251565047292072,0.003037748918448374,-0.0063548509987216865,0.010400637894759776,0.3415532831394694,0.09924716467779372,0.01288127641971184,0.028460065190581946,-0.013035489883412976,-0.0010944558344733568,0.003303090547113946,0.03714518987960356,-0.011128079013128067,0.03270410624548995,0.07236589238259868,-0.0028311084227942928,-0.00820523344717124,0.12086029848644508,-0.004921321769327231,-0.0002735001216214006,0.0013782997100412974,-0.0032559706854266013,0.006148630876789662,-0.0007120750682869603
41,7,41049,2733,655,0.2725590129736335,0.03542816605357713,0.14367713399330267,0.07681923866273418,0.0753745088531309,0.009734482799898147,0.005117778303596559,0.024652922288138,-0.03847515430245384,0.006249206542789443,0.35588206231929426,0.11315358566073574,0.01891881387228415,0.04240622703633349,-0.01448856713730825,0.00596823266849914,7.956765897197404e-05,0.03509922731084247,-0.0019765824376204388,0.04196287007889361,0.08736509633179415,0.002700510404778095,-0.019710286301263008,0.12230591998211145,-0.017841600310087847,-0.00318304115398913,-0.004283723387215615,0.0016661621908422354,-0.00042651399391888665,-0.0015598233626335667
41,8,41050,2733,655,0.2736746166488232,0.04107062086746231,0.13264197169760564,0.06659111586843702,0.06946205038203315,0.004155136638251,0.004890170453607084,0.004854146977579643,0.0018977367304115257,-0.007833659084023697,0.33832408278370285,0.09751447749566623,0.015468383118194878,0.02544150692175339,-0.019970200525423438,0.010353372784497012,0.00414378832149595,0.03896571672678032,-0.007148412454318675,0.03308290735576105,0.07200230157424155,-0.005805577601544898,-0.018232650795330103,0.11884639699467511,-0.002978538199998604,-0.006326476969355938,-0.002528526043938001,-0.0035562613598505988,-0.001794671704922951,-0.0059686191527273
41,9,41051,2733,655,0.2650582748180743,0.04161193093774969,0.12241009122676316,0.07060136405147341,0.06247374128799608,0.007939649928912662,-0.002212562818184538,0.004667164273807872,0.024804132571970627,-0.007528665856260219,0.3591913822000772,0.11387961620769527,0.01630958328023347,0.03513312258622404,-0.008739381797465546,0.015328261529480502,0.011762170174260516,0.03540389695219435,-0.00236543319660894,0.059220103057968564,0.09514004567150326,-0.003468785280369574,-0.003933502222172702,0.13429386457915898,-0.001893211475032619,0.007862856805885577,0.006246821171590233,0.0002396913014406865,0.020340199780657254,-0.011634173279883425
42,0,42042,2737,651,0.31256182634536295,0.04757417429498686,0.152592734485021,0.06318364762867049,0.07273993228565627,-0.021791319342977546,-0.004581657353565976,0.0015870627681571603,-0.026570426174063418,-0.001807432903337708,0.44633250351845294,0.11130012961188766,0.04755282068398974,0.07789947970295667,0.04384450134146821,0.02432638798918635,0.01865934602653485,0.07772148107304704,-0.000217488337532612,0.050439085731506114,0.09200303013970339,-0.0007887129998037978,-0.0007971955954956811,0.11074465254554791,0.001646362147665098,-0.0004129426306340112,0.010370304194055052,-0.00057101695647373,-0.007823141039040703,0.008332462050643242
42,1,42043,2737,651,0.3683423664737219,0.07209908209707325,0.20167146030555916,0.09477512065058355,0.09357316605221452,0.015392948998956773,0.009894571692829045,0.009828670449171451,0.011504890216300107,0.011586376656291336,0.4493766438279454,0.13799645525909857,0.034949695272174994,0.08219830122743423,0.030862081603386677,0.023891014490624828,0.041929783557950476,0.06508741214395111,0.006774623231676902,0.05718148099514644,0.08977653959126003,0.008213722880074876,0.02222902173237675,0.11204976886657421,0.0013602844027553907,0.010222743288523666,0.013019681596671173,0.006048181585570855,0.007632745372910699,-0.0007284352604437882
42,2,42044,2737,651,0.31039741472046195,0.06506144708510228,0.14796316911325352,0.05614002332526258,0.06495557430248647,0.004772851317373028,-0.010158818640618794,0.0037828753343068624,-0.0016223460448065608,-0.002934817357276004,0.4249090969197789,0.1190901666338848,0.04926540112508086,0.07038106916034374,0.025098604949640217,0.018028439123027724,0.04281217387053194,0.041947052944078286,0.0009968208863583127,0.06479967300608588,0.07681551371026599,-0.004259842444229884,0.011440042827428155,0.08002737639731512,0.0052999513560822555,0.006683889649221675,0.007145716741268238,0.002252350254257146,0.0019714389911877016,0.00026054922786871717
42,3,42045,2737,651,0.3970204771849406,0.09281373026209623,0.21967742787837094,0.1026787033567939,0.12862955079192265,0.03859384466217557,0.019026630794853266,0.00854718368384021,0.008143550390662035,-6.270337431973916e-06,0.45639023907261983,0.12128000778190592,0.06513147803504811,0.07548180238885265,0.035849330365202756,0.030065857346969503,0.047607818431241546,0.08573989818481452,-0.000812630871060771,0.0566394882778696,0.0903882796544628,-0.00031308055331061844,-0.005266534454794097,0.11382165405211124,-0.001875902229887333,0.007736072168648278,0.0008849116644718214,0.017745029955499307,0.0023046944593998753,0.0015518618573974296
42,4,42046,2737,651,0.314362483621867,0.05358910999386431,0.15178143907863464,0.0669887467734109,0.08376717058821805,0.00039540096508952627,0.004934106462340615,-0.01514530261080258,-0.009885731638302735,-0.051828788726373864,0.4176309380276553,0.10837157773821697,0.05831760381978235,0.07324023392111564,0.02995560216378821,0.023915788766398948,0.02675875154550646,0.05416052531959694,-0.002316004326137455,0.059344131281739876,0.0775054830236508,0.006515907915004332,0.006280586490799695,0.10121238090154765,0.008083557822696435,-0.0029754858007338125,0.011080531150089145,-0.015585647670131458,0.005761362406297999,0.009227908743176966
42,5,42047,2737,651,0.32775206699585424,0.06412736237836256,0.15947154447712125,0.07524635015199051,0.06807381509006652,-0.02598465351507736,-0.006733704290028286,-0.0223547907576039,0.013076420667986815,0.0005868773549536799,0.48151149330535287,0.11980423446760269,0.04890354194247522,0.09858642408056126,0.04617381659992078,0.015852139381798337,0.022565397403433923,0.07922048423074857,-0.00030663797187365226,0.07098494818507557,0.12427275205507363,0.0015587212721214106,0.0034902208527091694,0.1390136098218833,0.0056598882911522205,0.025174326359636158,0.0023288833261412346,0.0018692575331200833,0.004089377698036495,0.003159935250886553
42,6,42048,2737,651,0.3381910184216884,0.08569734439028215,0.17351379981937987,0.09437289444975352,0.09494874998092503,0.006192554168825637,-0.00796785737340272,0.023012898288259274,0.023613985587395154,0.008023263420677124,0.4477488040928898,0.11449071809118687,0.03595161342186469,0.06635003541688017,0.02817399791365304,0.019964739369898198,0.0324236653311052,0.07312838793876748,0.00023521344936300315,0.07376696927143314,0.08989800614182615,0.006165840237679488,0.012475014382106958,0.10206125017718708,0.008507050437764101,0.002358306557038131,-0.01176039279747052,-0.0007635259942603168,0.006555786149501886,-0.0009566541340272738
42,7,42049,2737,651,0.3135021837555451,0.05442317474081933,0.1442085283600795,0.07602066147802697,0.07532133227962123,-0.021114785650401185,-0.007669791045024232,0.01199428695525045,-0.0020475345002705704,0.005443754409932872,0.4339789466734185,0.11803292604373841,0.04668566931316316,0.06697135846665127,0.03962381189448421,0.029384571204767028,0.049371493393924194,0.06734427875226923,0.0005531413128965102,0.06760241099441641,0.07152336648439134,0.0009383126919319474,-0.00047283209421702943,0.09825639951532447,0.004221497238750788,-0.012465042509954333,0.009967453459199554,0.009962805148517679,0.0013627932164955504,0.00736273535078844
42,8,42050,2737,651,0.33642928868939614,0.05121235497821201,0.1668410379269818,0.06349801446439576,0.07537120895213478,-0.0016475597704169952,-0.0026541735647189536,0.0026287034491927876,-0.003202232058401727,-0.018602191471985968,0.4159756085088584,0.07506882064853686,0.036988729138733065,0.056732223020110474,0.04015724814132223,0.017474246632948602,0.019513015067214777,0.05411569776241154,-0.002442108330046261,0.06694211752533341,0.06854406800497558,0.00013103847801418378,0.0007868999572461066,0.090140002206848,0.0005844168594428323,0.0054599642054605655,-0.004022608127004423,-0.0035206687531132543,-0.0007949388273402081,-0.01025356178730572
42,9,42051,2737,651,0.3654180007635235,0.06204699963156386,0.19204219732337297,0.08347737274859708,0.10912092831330486,-0.004919191862949895,0.010000600866617948,-0.00012210502911315645,0.009068594856407675,0.00910152479050691,0.448500602120081,0.10995843717655833,0.05553656699793526,0.037304815023368375,0.03375800752338258,0.03925365896910756,0.0336189437214999,0.05291491744110375,0.0030276836801451713,0.05106018821273486,0.07669342163380055,0.005185433939151829,0.007173840976298173,0.10952060791036486,0.0009691433586356824,-0.004909306199172336,0.0011642724875095157,0.007632924562560883,0.006467051592025236,-0.0018424832172871885
43,0,43042,2665,723,0.20629696544064735,0.011521666637847778,0.08812579393718804,0.005218851516245235,0.03130158540658694,-0.009232070399823416,0.004415978286747796,-0.0009796017026764414,-0.014501311463632986,0.003943925880515569,0.3094521172080172,0.06434061145915446,0.004722492263353384,0.0208417580112523,3.725808882982795e-05,0.02077846790832863,0.008257927183956858,0.03851676258029002,-0.001030319088761461,0.03264590413283385,0.055021979862707474,0.002460236927687376,0.00913449120925317,0.08159694574511958,-0.005378273692085461,-0.01318357094813687,-0.007557692580124014,0.0016145782222599437,0.00017513690039027696,0.005160465112443985
43,1,43043,2665,723,0.2108012611185721,0.016948165812565776,0.09116186647427602,0.011117472882863091,0.0352122866316412,0.0057087423574906145,-0.002868944674403795,0.008665906491496561,0.004795405998578986,0.0005392228707412933,0.3093084547983413,0.06800955469066991,0.012299777015039193,0.02551002622610866,0.007922466943170814,0.02404902480253528,0.023949685096129603,0.031825144285010945,0.0015646937272378425,0.03658294447703139,0.06518309119771168,0.0017738811097430696,0.00897772442301708,0.07579632315528921,0.0012445783954913026,0.0017787014973104976,-0.007228621526511564,0.003927163540940221,0.0029520187339487913,-0.0014949103649167573
43,2,43044,2665,723,0.19275226333189766,0.0008820012611594291,0.07801025342232229,0.005241030815713396,0.020269719609212554,0.007633469134795912,-0.014819804928334578,-0.019106637479978535,2.2443761180862554e-05,-0.004018100498382365,0.3073108429498863,0.05950137436361237,0.014848542594062552,0.01828281405428813,0.011320810181131624,0.0228690891845216,0.01821184732745525,0.04790874946675936,0.006494521871121988,0.038467139583590784,0.05876697498908649,0.002820061035658744,0.0062934342346631315,0.07722129760801615,0.00175121727473298,0.007307317226942178,-0.018761935307371146,-0.0038073018759882784,0.003876432196054258,0.0018751082049104529
43,3,43045,2665,723,0.2131603695939554,0.007051933064343213,0.08810979009034511,-0.0018859826779932727,0.029637717106216488,-0.0036969419699046076,-0.006364437186281835,-0.0017433997784608135,0.003973561062452289,0.006269586895058352,0.32187912232695864,0.06669395282421087,0.007145049102150042,0.01997742801661318,0.0032699877995792824,0.017036479426330086,-0.0006801224988053301,0.024550006947903703,-0.008110225148789485,0.04195793781489564,0.06199459868230137,0.0027138072375715305,0.005218559236399712,0.07711942819495528,0.00030120501693060576,0.0019282874333939326,-0.0007059984339391534,0.0019407554336133448,0.012663618560297985,-0.0027492530442523033
43,4,43046,2665,723,0.2067926994306153,0.017801738735140092,0.08053128953706351,0.018450336348168558,0.029634079706395044,-0.0017164975699162754,0.0008597134147308782,0.01690636265966159,0.0012187324545436834,-0.01384669472822988,0.28651891660515294,0.062319183875932306,0.015097026134507358,0.015422714371605533,-0.002742471042271383,0.020892903481720935,0.00664329177673999,0.038563195844304524,3.4089718140489775e-05,0.01947063854587759,0.042962234970568454,-0.007244167529954581,-0.0008601183240069532,0.06574148528405716,-0.0005463535971338418,-0.00025193711924652583,-0.006420666977477197,-0.00267048633495916,-0.00039018073751342366,-0.005561602922200965
43,5,43047,2665,723,0.18735052597629687,0.009089229611470804,0.0730787045895188,0.0022847847721826214,0.023452144764875303,0.008237594763650588,-0.003999625196263778,-0.007211187028654828,-0.003911493012438027,-0.004925559309970839,0.281814058822796,0.05130636589269553,0.008587533983897628,0.019963880326627364,-0.004606837514200773,0.009725838003365905,0.006304492153302843,0.022691691499372977,0.0011321189489095385,0.031554705872523015,0.04584621618365527,0.002417495830542099,0.007421001351479828,0.06619928647987972,0.00043112257296916147,0.00044553445111573665,-0.007360288407701055,-0.005312972481981237,0.004770336709402428,0.0026267585857679744
43,6,43048,2665,723,0.20357973144467717,0.016086782449018698,0.08251121894298868,0.01772157568965112,0.04220123603692807,0.0058816052417413195,0.0024048412589808025,0.0005804555044297028,0.008092486100575138,0.008836427459635601,0.29481722322946863,0.05191969990531888,0.009250608921993425,0.010010357052191637,-3.678563312208838e-05,0.02032920876396228,-0.0001379466620114178,0.01946381018782559,8.200063601200291e-05,0.028391437386077405,0.05407860644394256,-0.004927645680359721,0.0011916620965901903,0.07215218221646999,-0.0039046222276254705,-0.0038385518935480202,-0.017288311287457364,-0.00971536071291118,0.001239451980058559,0.0014502426588776929
43,7,43049,2665,723,0.1932956035889064,0.007185868250128347,0.07258027461300716,0.0031641117658721823,0.025049050394419913,-0.005339987859455974,-0.006110953090165109,0.0001657612145717552,0.0001414223781424695,-0.0025484672568832412,0.28728503907563513,0.05718076210787433,0.005541248835748242,0.01478550859710485,0.003021567807005887,0.014898439959994226,0.00243171314489139,0.015705662178463125,-0.00029361087612958525,0.026293257491926448,0.04454818495545118,-0.002228408757331324,0.0006916483722739563,0.06481029459854817,-0.005070514098208611,0.003777856862591117,-0.009977607423112229,6.530987805285493e-05,0.005394991606550109,0.0027043868628225665
43,8,43050,2665,723,0.21216074600181128,0.003407772548102711,0.08550821585185486,0.008285719194240917,0.02831568906729239,-0.01613070540572744,0.010764858538973387,0.0032778691149913134,-0.0021093727451664047,-0.0004748125353691207,0.3227585897386133,0.06741381634405234,0.009320288502020612,0.019755244755556074,-0.0005207266950219891,0.009816308596639983,0.013654333046401474,0.03587572970184945,0.0019887326562070652,0.03576017752398041,0.053571605209098226,-0.001662449410186778,0.004010445960338854,0.0738001228099518,-0.00563153751808817,0.0046542341175768494,0.026884370667052144,0.003625414737111621,-0.006742326312168184,0.0014175256648782998
43,9,43051,2665,723,0.2108387967496622,0.010906052132798851,0.08968993052114047,0.009639016860880511,0.02992347737007513,-0.0036607024673386166,0.0065867305525814405,0.016530240523827736,-0.009622094577618905,0.004692339925386183,0.29837649708541014,0.06217654816859416,0.003779861163122239,0.015855047156664925,0.0033041850643112046,0.0104996129257505,0.004238769594976105,-0.00044495121442671425,-0.006813347202487463,0.025495371533430004,0.057532292110011804,-0.005898159751500309,0.006462400830224135,0.06464239210628947,-0.00742943233522046,-0.0075488133107393775,-0.0003139457479008678,0.003202209586900695,-0.011115414599173135,0.005698215981401145
44,0,44042,2773,615,0.3386225813703903,0.05731593056407195,0.20116161090697662,0.05129392600069782,0.06935001111705223,0.020570724522408247,-0.005765587642955377,0.03539781950100281,-0.025141088151570585,0.009241653802944361,0.427781779961469,0.15570439713890108,0.03546307842984257,0.02509267528215467,0.003749501197677585,0.003520552126160281,0.006451349848632476,0.05106970913427664,0.005144479551207848,0.0681435441653545,0.10635377523415354,-0.0017977836499782907,-0.000268612895977216,0.13036323553386042,0.00030756049971232823,-0.007620481306774835,-0.0012392400047163798,-0.009229336206598576,-0.0019358486638549777,0.0022179957989775676
44,1,44043,2773,615,0.29480684377255456,0.014052239272687655,0.1524154349846917,0.02570499403976469,0.05276837019836207,-0.02191476629050721,0.010717690536538654,-0.0036924950307270056,0.007389722898455792,0.0005915769304786322,0.4456978234252332,0.13269085573144337,0.023964820011228932,0.02212497542930724,0.00715539752881098,0.026200692526593454,0.0107402376976167,0.08801894657276334,-9.881933362682616e-05,0.05059827555547451,0.10936378527004056,0.0032698591391297992,0.0019051805433642987,0.12850901095375045,-0.0027072074964847094,-0.003101324352591267,0.0018738478874943177,-0.004768540214175732,0.01042602077833112,-0.005233748548000172
44,2,44044,2773,615,0.3466787334434103,0.0388595890399991,0.2026125198878173,0.009187417166754946,0.062163089673718065,0.006802536027029721,-0.013634306872661529,-0.0072972412093749274,0.004517912666361662,0.02522934220268379,0.4335794210636429,0.1555761558314218,0.04653656555338928,0.02349671741314923,0.004161157478520139,0.02553896722844527,0.016313535353032805,0.05232017954335788,0.00033992843580144536,0.05715595156301575,0.12454699083274165,0.002544465639505766,-0.009626757508165874,0.1236857380644262,0.0039417347124751315,-0.007303003189344392,-0.008263435631783056,0.0019606760631491194,-0.001732491865679997,0.006607484045205575
44,3,44045,2773,615,0.3092616574154598,0.01457984009287273,0.17219281957975335,-0.007802677036889966,0.03907184577152096,0.004592533479325067,-0.0058897718059089665,-0.006507578725264146,-0.017641704885304737,-0.003945747137233923,0.4540568649492699,0.1564644879275229,0.021134801424282125,0.0518791947832473,0.026325127067959635,0.043137490279895524,0.03763009935615309,0.04398403675347782,-0.00127117235169657,0.08906592791036998,0.12869205008088627,0.003232654091080522,-0.0020430295515364736,0.12962007261372308,0.004946225161371648,-0.0007846739895956356,-0.00036506924963035646,0.020266020071664337,-0.005028257852133749,0.0068309324116558766
44,4,44046,2773,615,0.2732727805167929,0.023672778144914038,0.14574071900446867,0.015076262324666708,0.043462736971454405,-0.010521096764977183,0.0017875508751551861,0.0009827886410106901,-0.02395415733763081,0.010429137964812301,0.45041427595488287,0.15299750226988598,0.03174871055026924,0.031799812009982165,0.0157623805686674,0.035860581349815825,0.015711833163657745,0.04262770676642674,-0.0036749172930656713,0.06516676458312315,0.11588029262663538,-0.004667288012330906,-0.006078146981143023,0.12537017641617307,-0.005376059794628551,-0.0014532876964797048,-0.0037842705506627105,0.0047694112079659234,0.0007248525695655705,0.007736513455654376
44,5,44047,2773,615,0.28301600821343914,0.014447609116039725,0.14668980852101976,-0.0019668687221970683,0.037943849468378324,0.010770459124828685,-0.001844987874786075,-0.01631191017843142,-0.004070476594079253,-0.004853996566929503,0.4542147156808273,0.14493514777253047,0.021505994061585793,0.03915881201329217,0.009493496129999945,0.024409224418613484,0.0259241563407287,0.031636015493122845,0.00027833767818787324,0.05925364352742437,0.12324063568939995,0.0005471101766573782,-0.0024052309350443,0.1365439724546908,0.0006065023360317667,0.008518687872989312,-0.008771587678086213,-0.0028510880672177664,-0.0018591928166203698,0.0035899726846653325
44,6,44048,2773,615,0.30723429282906195,0.045003676666331274,0.17397654100146315,0.02559146884164961,0.049758314486220534,-0.0043753022578401244,-0.015883028667997616,0.017024797636795354,-0.010201395138515723,0.0029916461542251306,0.45540856280537945,0.15234789933723522,0.012781685835546997,0.015816131757877216,-0.002931292480677089,0.00819585234458054,-0.004709612229839855,0.09193008845587232,0.003091389824864865,0.062001861947248285,0.09555569226773636,-0.0036066977972474988,-0.004805154255516908,0.13848626022328542,0.004410766088133044,-0.007340610041908091,0.00946696822223112,0.0027628401003264636,-0.0023484398025439223,0.0025424359716816947
44,7,44049,2773,615,0.30295521165514755,0.02157843517323118,0.158514235581347,0.008557202073185133,0.04203493749119086,0.004134723337216384,0.005111186191627148,-0.024306993254906362,-0.006676260973312237,-0.008668902209619545,0.4673399898978497,0.14176320637269094,0.047336457815945476,0.030477954159729793,0.018975346788099645,0.029845868254180168,0.024196976828341488,0.07017900336021239,0.005355163044605959,0.09434373493143407,0.11882544764522425,0.0002627241856894669,0.00491687685050377,0.15701934958714966,-0.0013702479105714594,-0.002776497578056697,0.010813560478779665,-0.005252824000724671,0.010715343919763375,-0.004694112430168313
44,8,44050,2773,615,0.3332522064708071,0.07556486472087369,0.198965591534095,0.042360905828375046,0.07984337164156695,0.034188820340335116,0.03588551628479604,0.009508947153372782,0.022876223067185276,-0.006789475052540406,0.403955860494584,0.13654113031230009,0.016846184246466715,0.008748229314377586,0.001649319819726791,0.019267385837315444,0.008326535360629689,0.05171639229930695,0.0033042816119723704,0.06667597468943387,0.10457018742611886,0.006424132886628525,0.013469842625808309,0.11699240700927908,-0.0038594322094385515,-0.0016980782799645767,0.00380732538267754,-0.004890367756214259,-0.01691272906990149,-0.007865956607402007
44,9,44051,2773,615,0.32416940835679137,0.020607833041354766,0.18692992597085983,0.013431784851011357,0.06280046113277483,0.0018551327151911322,0.006667863670993995,0.013423715963822547,-0.003926690661458354,0.013837127546139505,0.4472007939251276,0.11785997619790237,0.039294626869796255,0.03238513089499337,0.013415332407354347,0.021869739145618194,0.006730504619343947,0.06794216869294263,0.0007188841089828147,0.1051613119841425,0.10846500234382761,0.005035478081896955,-0.017654130904765454,0.1454801346466467,-0.0034161298381544082,-0.007795846490777436,-0.0020324610880730508,-0.008952879516815443,-0.008413185891460655,0.0005076574940009015
45,0,45042,2729,659,0.21926669634074825,0.013978767467106818,0.0827870907601415,0.020719041430010056,0.043446577214068485,0.0012796669696948648,0.004775320669540339,0.004746257260093303,0.0061813603920315985,0.005246301133365866,0.472035519393885,0.10879286628388703,0.0229598490428853,0.03770747955455901,0.03276851040556864,0.03784257254373789,0.03803743408406618,0.04891312661988749,-0.0047629996336200795,0.056025903488153096,0.0744613548471725,-0.002984945691947072,0.0007769482705442365,0.1250125611845067,0.002082242114104416,-0.006113938874538089,-0.0027649331549098044,-0.005014867827102187,-0.003402420325700389,-0.0022800571086179443
45,1,45043,2729,659,0.22237117175110938,0.012109585374838852,0.08632750483626594,0.017979504971280792,0.05097448559948694,0.0013537206307739664,-0.007186963722623655,-0.020318533083433194,0.010977252102554258,0.006410281925513536,0.4957685470088771,0.11751667933813854,0.02707675687849096,0.04790702951350616,0.036348726622499786,0.06404959505386879,0.0515489093807153,0.05747779048037338,-0.0030124892366546197,0.08703287880721916,0.08846378020787031,-0.004126381180759769,0.00862619615728194,0.15720250627247626,0.0013913858201380857,-0.004779838557104293,0.0002091324933550187,-0.0016714739489064156,0.010555784066362617,0.008516630986436301
45,2,45044,2729,659,0.210893621684306,0.018957523847690574,0.08902355290943953,0.022010633457738953,0.051856702059314363,-0.0033897019663612,0.0053387066553233446,-2.7859259813922677e-05,-0.0018223888815498384,0.0008807062543467276,0.5002170453625083,0.11386188743519936,0.013432103511454779,0.039861185896478524,0.03645061924627806,0.05024127179104967,0.02714660884272338,0.07716874834683896,-0.004516949629103329,0.08137424509577885,0.11783778551189142,-0.0009424507580204188,0.006657369053855888,0.1453177439769585,0.0008822186951218059,0.007015144843944654,0.006514728697869371,0.0012813825119553702,0.004169849416347493,0.00239929315164239
45,3,45045,2729,659,0.20247616257577905,0.011181136783072235,0.07322159579187804,0.01281291625643371,0.039192981962286585,0.0034159147794961043,-0.002444688243998283,0.004917789003998527,-0.015591434678531385,0.003970472196930619,0.5006585744549092,0.10305239711576446,0.024912256294562302,0.0527803308490568,0.03647972386582217,0.07064656924358069,0.04617647541351156,0.04798777699210866,-0.002936684180868032,0.10552612208551664,0.07809646110445627,-0.002333684270213421,0.012912758306330758,0.1559504248006839,0.003391914871074453,0.0092103276844837,-0.0032412793260026716,0.00814730242285246,-0.003017962747350894,0.006350550437963681
45,4,45046,2729,659,0.2197934176596474,0.00867454619922367,0.09554038007185903,0.016211144033052637,0.05390708415685582,0.005481600792657496,-0.006572665071493325,-0.0008589747653830526,0.010860306807179901,0.003204992417236871,0.4816239699785069,0.08942691882123556,0.031065770952092515,0.049229531404902674,0.03159509454349586,0.05566398306388631,0.05231463457630231,0.08383763560767174,-0.004459583208715196,0.07238746560716484,0.08331066780632197,-0.0034121389165029602,0.0030622039333861205,0.14732044963860916,0.0005178929706897761,0.0014477255155172896,-0.005034462694140573,0.005285630389100115,5.7694373266625745e-05,-0.003567202277378739
45,5,45047,2729,659,0.20974666117090454,0.01921734292788263,0.08188054487833427,0.020922534829849092,0.04563426334002367,-0.001794169862429032,0.011655143384119942,-0.0012908204231591503,0.002323703090188034,0.000534602439165735,0.48235423021337537,0.15023728099178288,0.022917296821891864,0.050699873903825576,0.024851573127059805,0.051365897952318204,0.04636047761550802,0.06743038342293317,-0.0053122197233032905,0.07900300391502899,0.08464881312582528,0.003969750201905259,0.009747584178137203,0.1419537656473962,-2.0743984497689773e-05,-0.0019868609594904884,0.004039242028440521,-0.006609689834346672,0.007038105492471858,0.002309761935737792
45,6,45048,2729,659,0.22179342926171025,-0.0024769823130668307,0.09867573502101439,0.028791415266706866,0.0436454444343564,0.0005975781509059474,0.008149786159363858,0.006599492410916541,0.01181390535027968,0.0007698152460837576,0.4894853813021582,0.09607461266091025,0.03324325891329348,0.04057009914312708,0.04178752374787005,0.05259142646717987,0.039091668635013996,0.06612792485166738,-0.001325068376200811,0.08941238537438428,0.08599503882813139,0.0002150485900871024,0.008530028216110496,0.14501915896728718,-6.558523398834116e-05,0.00010013020141217965,-0.0005248099553557484,0.00957810669357163,0.006234034696178487,-0.0012754813161817923
45,7,45049,2729,659,0.18925700420516253,0.00441354746581025,0.05861688705793768,0.014309367635520796,0.037554979269335445,-0.006632918774239549,-0.006959179171541896,-0.00629361604004251,0.006928071479294309,-0.0010731367544314335,0.4856144627023238,0.12053256163304031,0.0419421238690301,0.03985828852760188,0.024469808419534937,0.050195795043867196,0.03586125321870551,0.05907434634390183,-0.005134492585811673,0.0696207029170125,0.08332684006576012,-0.0033879752326644087,0.002515931891092843,0.1386645064858572,-9.711744533925648e-05,0.005350262961949415,-0.009540945687910463,0.001467020509796435,0.007712781893357562,-0.002024374719021199
45,8,45050,2729,659,0.20437750414472905,0.0031559054203774807,0.08092026875566428,0.011414606477255715,0.04267884447305846,-0.005526253216640206,-0.00387367273298502,0.010160963767690967,-0.0002750810146683602,0.0034237929255648445,0.4820616368070707,0.1414864990742745,0.009831222782251865,0.03921849306308811,0.0222737508527463,0.04705914337758135,0.037713664838299854,0.070376149769418,-0.0024796883472465114,0.08032839732559283,0.08235077039105124,-0.0018385976721373488,0.0005099014786643207,0.15235647939740402,-0.0019055704336692902,-0.0019027323660333994,-0.002435801007159566,0.0192157192477726,-0.002523301864393196,-0.0021120879758764256
45,9,45051,2729,659,0.20828083219714133,0.013827971384849086,0.0788122035100034,0.026265109985083124,0.04666826303855514,0.005819297307280119,0.0068107830815672486,-0.003615330156372387,-0.0002662007188789117,0.007040712063662769,0.4793187391384427,0.1460008104851541,0.03309811438068794,0.03756311065059519,0.027625536270687083,0.04791387566654074,0.05061717206286226,0.05684824173266638,-0.0006994983780203689,0.07565554542264433,0.09129662902262356,-0.0019812372916846233,0.021584732869392657,0.14725573088810637,0.0023769614365358295,0.002835082445383469,0.0013323945828991712,-0.005381733506157671,0.003686559362997005,0.004013749046991394
46,0,46042,2738,650,0.19640397734618498,-0.02256930545104433,0.04299841667354152,0.013134209974061903,0.026179829241450948,-0.018987734514244882,0.0052911598540734016,-0.0029121454620099686,-0.0016199965663660442,-0.003956861764799163,0.3154189335242605,0.04527031110578502,0.00986946013675793,0.011622070490442154,0.0036484797605557395,0.003649458909568687,-0.003011695253047808,-0.0012749120265240776,-0.0019595500025395562,0.004200023502492245,0.04664125477690867,-0.0004879116343421752,0.0014767849216741125,0.06561823438669227,-0.00586501115150167,-0.006281319433784599,0.0007208059076490192,-0.003974334455292994,-0.00017011209874339683,-0.001001578294957578
46,1,46043,2738,650,0.21502545364177494,-0.0034999732031081947,0.07953073259118917,0.021546243867252984,0.03497926915583688,7.289144505773226e-06,0.007884751075904754,0.004886500293797965,-0.011032841927011327,0.005158901040935362,0.3305753378344847,0.04539630801397234,0.03168977101146429,0.021384922058974604,0.009345457710462506,0.018135210332862056,-0.010588170973839472,0.006230410639881267,-0.00040325763600407847,0.014484523967489333,0.05588279040976667,-0.005964533122212656,-0.009797587053341933,0.06706927010821698,-0.017463135306910644,0.009935771511260776,0.0109051012977328,0.003820268373285346,-0.0011989482508785675,-0.0008121324892387427
46,2,46044,2738,650,0.19801594793552327,-0.00564239967227814,0.06287779714241278,0.015438297904866357,0.016742362888753734,9.426217187561702e-05,0.002642036274955531,0.0006294987275394265,0.003658792402840466,-0.020701046227743627,0.33062454525925805,0.05543761048859822,0.00942929871922737,0.021668672595327586,0.004904206962482838,0.017214127948321483,0.009311673213942,0.006670363091913917,0.0013730757435319097,0.016801948058095643,0.059847418027857036,0.004249330091801029,0.0028198384898569517,0.06593324040543888,-0.007086527754560701,0.01421241208957973,-0.0036916598371557864,0.0053957416758620425,0.00610649911509506,0.0039300244819771455
46,3,46045,2738,650,0.19815790241584588,0.00016284965558295837,0.05997887598273958,0.023842571451173727,0.033970777302077745,-0.010929604133749679,-0.0020451239222586764,0.006487095881554749,-0.00384253840318472,0.009208133741938785,0.3157331208760355,0.04812222396999172,0.016948965847838348,0.004994206757308434,-0.007662959689990001,0.0009830898169362612,-0.01820423980791384,-0.0006316086425832368,-0.002487840089899246,0.009285538826579199,0.03240478399322218,0.00108983818921487,-0.012894512763149124,0.061931924362133614,-0.01580237738891927,-0.0026871238530364163,-0.0056300491834055996,-0.0040758830523982496,-0.003496945474061214,-0.006819461454548548
46,4,46046,2738,650,0.18657239445499818,-0.006435965463629917,0.04714351870541601,0.008425874194810376,0.028949241062392893,-0.015039350053910192,-0.0024711103920286885,-0.0026311473920387655,-0.005518838062802981,-0.005220301615635611,0.3060835609119949,0.05313149929562744,0.009631509209811267,0.003810962363813597,-0.0032967461866227564,0.008731707134113465,-0.003230494130209116,0.0009333755955030943,-0.0024010391860887826,-0.001826584729948655,0.028319877662089495,0.002044926196772906,0.0011019814467463085,0.06165877573737057,-0.0015000827583580845,-0.0012500934914218941,-0.0009985336952609669,0.001777612856328853,-0.006720201127073328,-0.008373262004070103
46,5,46047,2738,650,0.17946771087500624,-0.008400819544765925,0.03969549766210994,0.007950503709676473,0.01621112948585027,0.0009865995676832634,-0.006981093609369815,0.0007202595523330025,-0.0026193703618827948,-0.017106107927385435,0.31797467363679577,0.051584503438609805,0.028948030749733455,0.020199005021902548,0.015254651394585655,0.01850017943693667,0.012917183641358077,0.017864790688043752,-0.00016368934574634286,0.02095630100976182,0.04644858486227167,-0.006918002141093393,-0.0060366886809467505,0.0684873675146894,0.002441098881582099,0.0024103964729952467,-0.0014893709001304045,-0.002718357737758803,0.003815330753099705,0.0040180818744012916
46,6,46048,2738,650,0.18975514063639515,0.0005602626365315861,0.05530300031766074,0.01751828519008988,0.030715032051921953,0.01054103725077235,-0.027350729345147783,0.005099101693340516,-0.007011226211243446,3.288598180081204e-05,0.2933142233971694,0.038537216091672814,0.01181402172075286,-0.002021311249845442,-0.00638358126431528,-0.0031744236088829814,0.0036728086034690634,0.002473424823007864,-0.0015491952558352173,-0.007962758336672779,0.030612204834439428,0.00020116655546680294,-0.009277070548052435,0.04840768922033075,-0.006131836524311318,0.0006412712366861307,-0.023939778884016917,0.00012915418673640767,-0.003960182259557232,-0.0023571186152084424
46,7,46049,2738,650,0.20545140156018096,0.0007792989506754,0.07200424051817852,0.027684790305053164,0.02790887262137292,0.002854161565233429,0.0029539049765589546,-0.002743350908170711,-0.0014284174937598897,-0.003297886817100784,0.2941459948786162,0.032640851258590495,0.013923684387335022,0.009871814355409242,-0.012139896976559072,-0.004268084320353621,-0.007021239206644475,-0.00844945161326342,-0.0036963350993311993,-0.0022221384156796697,0.02859036026339335,-0.0046220407274834285,-0.03448714408612186,0.04541710489557995,-0.011299891022776815,0.0006419627195025368,-0.011666318026948952,-0.004570908951167585,-0.0025766162805608726,-0.017122077435042505
46,8,46050,2738,650,0.19624358018401541,-0.006607864501564822,0.06032488162016575,0.0077561225702961895,0.02460316322518406,-0.003256445134333047,0.000898349825624517,0.011660107153769741,-0.007465098160104142,-0.009388915909386564,0.31637920094452915,0.05168484843540261,0.022953414805113224,0.02027757178612446,0.008703734497947545,0.010512330832104327,0.012279561928262244,0.016944788398199333,-0.003124396218423886,0.0077388500053326035,0.051060279008755274,0.005806933644724182,0.0021954072110067667,0.05881230691205856,-0.004768386926106666,-0.0030857956479685865,0.005138283954908463,0.0031852327320292806,-0.0034152088595665042,-0.0052135739057633575
46,9,46051,2738,650,0.23141280242167828,0.00556261955224161,0.09100051173952357,0.024376550409849696,0.04779480140967539,-0.004143449204762076,0.0019981095634112518,0.009871755261627757,0.007692352988618667,-0.001945168620192722,0.3191087279462614,0.035085811202093226,0.01842031400943301,0.013248771011318272,0.003068917626420242,0.007360594807773141,-0.003868899981370044,0.0012766891675304315,0.0005526911529068479,0.003964929620256641,0.029587972489215027,0.0038210373831569834,-0.004240996438668815,0.06478982047937878,-0.0007905309308978481,0.0038209650648548697,-0.009015402153982471,0.007274688644634486,-0.0011795530594005898,0.0033514675395660666
47,0,47042,2598,790,0.2355215163792053,0.02834226953462492,0.07858673850858561,0.03259875745386107,0.028938136321122236,-0.008905679868815844,0.00796872914976049,0.007978666827726286,-0.0028727277019906074,0.004035124883059599,0.4377582252375982,0.06147494110945271,0.007808306612301507,0.03294662740987033,-0.016114867088033762,0.03172215920013273,0.04157518936961224,0.09932634596885155,0.0011106919221174239,0.08176799785523989,0.10442017569166087,0.002300080036169355,0.00730403843080023,0.11646413808479819,-0.0015299587942531057,-0.0059198308385352335,0.009005633509324384,0.008420377682463193,0.0039319424033783966,2.688274947229563e-05
47,1,47043,2598,790,0.22055849943791586,0.03123028427479586,0.07658349754329705,0.028006235889819292,0.020224970269147064,0.007393040089073951,0.002762496188169858,0.016724721060495114,-0.01469344155104671,-0.01878640018788839,0.3966135748849241,0.050711824119175006,0.03192071195782945,0.04436187887621097,-0.0075280210978329485,0.03442323011399277,0.05317145083182497,0.11456705321524026,-0.0036019729774845856,0.0776393968351787,0.10477299274853605,-0.0019821081756065673,0.013846703221873475,0.10478598243914741,-0.0010339087494442346,0.0005645143774902939,0.00036954841066426657,-0.005898314143682759,0.0017356043317964976,-0.0075497001615852325
47,2,47044,2598,790,0.19162817156268344,0.013471724939216551,0.045937154349676344,0.011671046798187973,0.019279345971105744,-0.014806862977812404,-0.0033203664467283817,0.005507663239542862,-0.00991036528712098,-0.01212279412520825,0.3960356126895197,0.07507359499279151,0.038628945048712796,0.029018144128182655,-0.015599595957944634,0.049999580715929484,0.06570989331344239,0.09798276787597161,-0.011804241262847454,0.07987852265134723,0.09720378162193995,-0.0020587606187978556,0.011271487860349715,0.10149372228700615,-0.00611122489420105,-0.003699186375562535,0.003670023728498867,0.008424541923225204,0.0001866676801974776,-0.0037699389080296406
47,3,47045,2598,790,0.25572841567677035,0.039255592163561503,0.10282087176675483,0.03001762355205497,0.028638375544974705,-0.019314574149132707,3.932579302946826e-05,0.0038606552381145465,0.02064152926787497,0.01359931655684786,0.3989601714676799,0.047148258097985646,0.0077509536398776,0.02485396089487869,-0.01522974989642067,0.04699646297055833,0.03210968869620712,0.10425674832247123,0.0010438428266347944,0.08279162377090102,0.09869381173981948,0.004170399449880813,0.012924625467823008,0.08935611110554023,-0.004308240687882742,0.0031681815476525543,0.0013549622115615779,-0.0012169027474711602,-0.00023122335619809586,-0.000732627557850235
47,4,47046,2598,790,0.24933533472108496,0.04167046161545718,0.09613949720838313,0.02568853832063489,0.03617279518042816,-0.002094270129735604,0.00492729393374079,-0.0015881589788061506,0.005284672833304527,0.01920165658400133,0.38108608214839707,0.09115565517477772,0.028150019833688616,0.009077385111867153,-0.01179209340461595,0.06869687459922283,0.05534749299598065,0.0890924785825696,0.0019470836227868716,0.07659998585678432,0.09472354309844591,-0.003089336334091647,0.004350642975023416,0.08718533571821367,-0.0039226090295816475,0.0030340079394137465,-0.0010513124495253544,-0.007395491106214546,-0.004227057583243726,0.0026901271311259357
47,5,47047,2598,790,0.2087115850782267,0.021058069114811683,0.06694908531673209,0.020459102657342767,0.014974259300721026,0.0042283176206504795,0.006582154149571201,-0.02098368594149605,-0.00025605896173367114,0.0016148886623698982,0.3621790336715679,0.055597150399275444,0.024189916987998376,0.028627801289960404,-0.007924433507507355,0.04074666864871596,0.0594256681681302,0.10238163074826226,-0.00044799690063344053,0.06219698873711517,0.07753496781567029,-0.0015192639335793734,0.003297915777078708,0.08265317983483644,-0.004818091599265578,-0.00784304703474013,0.004784708447893193,-0.005046144955646687,-0.009538724713778857,-0.005998072291671508
47,6,47048,2598,790,0.22625674789040723,0.015522287706183243,0.08137521009991375,0.02434346422181944,0.026634747059602858,-0.018543372337428775,0.000991446289395162,0.0006797476938049052,-0.002568327097500811,-0.003205936966169881,0.35666124145546463,0.09384541955107133,0.001211717037309712,0.00899291680479874,-0.021346160748886827,0.0319332505831997,0.03941879432175334,0.06514241683178823,0.0015288436250029402,0.0566678040144834,0.07555893947851312,0.006521918508994334,-0.006527942083895494,0.07301920926861764,-0.0002521029221319304,-0.010900104919513865,0.0005930459866059334,-0.011587083976891954,0.011849176569794995,-0.0004888307609795361
47,7,47049,2598,790,0.26690973975030846,0.044764867243789266,0.10730513145265427,0.04740080261731492,0.05155942579643007,0.0020460563638756866,0.0057312659158389265,-0.0029643426737813367,0.016787330376680093,-0.000160718791834491,0.4002371674793247,0.10025830397150623,0.02239469702513195,0.030823846905086532,-0.008277957095406529,0.07208711474348406,0.03751798530128768,0.11441205436227046,-0.0014090435453035731,0.07580752708278518,0.10364118743124587,0.009226099121724346,0.007416655259401361,0.10485416133599064,-0.0035220335122969513,0.003371292247739571,0.0016496403095051348,0.009413063901441893,0.008442146710030223,-0.017675209741612758
47,8,47050,2598,790,0.24931527526516611,0.04556150054805572,0.104499639183804,0.034866469855610004,0.04310824706554277,-0.016737158348581933,0.00535514820403647,0.008668607213532556,0.01679659401240604,0.006604006947800825,0.38402261542583505,0.09523127065782329,0.029405837234212612,0.022101525563755626,-0.01422781186669988,0.041234133578926406,0.03475649528995092,0.09887258577440897,-0.0004399195562641567,0.07564936164736795,0.09637053554051533,-0.001626161230484946,0.0044588471639561865,0.09240890090140358,-0.003624840130960544,-0.03354832115246336,0.0027053830446694682,0.0035234568227275496,0.009099155430408434,0.0066304743093566045
47,9,47051,2598,790,0.22401114335885058,0.031750056934504264,0.06267918171550055,0.030519229683434384,0.028594812943595328,0.008414542811495895,5.009355343168764e-05,-0.007359839377482524,0.01188293497453433,0.0005959806483843505,0.3914133933824101,0.06494059669671873,0.012074307717599281,0.012607342842818997,-0.008693751422457074,0.035893262005334686,0.028314909090126093,0.07859222369461176,-0.0019982945819149445,0.07407165092425741,0.0894560379347805,-0.006258282179504165,-0.0031513312832495534,0.09648471453390621,-0.0024173753888336925,0.007141963667273671,-0.002976291086411109,0.004033772366553917,0.00879048364304697,0.004083271500332847
48,0,48042,2775,613,0.31259420695112966,0.06187033700797673,0.17172309830367233,0.07452647369804788,0.061025937946357,-0.017429073019173964,0.011235190491527625,-0.061974588575499555,-0.002299468891633244,0.016586558363617165,0.4346683117990334,0.15678077291807097,0.018529245754367523,0.06072118184286048,0.003843444631375664,0.01776492454444656,0.03791342832303572,0.04718021979307797,0.0017642689289158742,0.06567625204040448,0.10469765080189739,0.00048414087976299535,-0.00036736291279464427,0.13854450631325058,-0.0005372847369175149,-0.0012226625323000563,-0.0003781559566885695,-0.0023788728198055275,0.006142686680571519,0.0014701133657981757
48,1,48043,2775,613,0.3617614069812065,0.04736709629816853,0.2000328914232548,0.08219127039587076,0.07079912889982579,0.0045240505111872106,0.04280311154945774,-0.011873085371408432,0.03204151514344829,0.01533086397701267,0.4406750693413862,0.1498454246262533,0.01850886472960426,0.05501572840031588,0.003970574665539806,0.024925241735056745,0.046506204934571145,0.05115034568733419,0.0029211414128732793,0.07183392498812431,0.09308082038286582,0.0006279081872526515,0.004625749256419409,0.1392417241105989,0.009312955453291022,0.001216552199200055,0.01727387835815048,-0.0030656494370305655,0.002259790805813772,0.002464026629656435
48,2,48044,2775,613,0.29090192640260726,0.023587337891212236,0.1464889971278111,0.03848624227770717,0.044638912186036696,-0.002350928343700748,-0.020460040811135255,0.004974755108174083,0.00969195991376307,-0.003770849674669474,0.42841164170283047,0.15283092723847538,0.012935129666937717,0.06313962057464466,0.006495047595835207,0.024186486801799228,0.03701258339756891,0.03566295958277503,0.00270984082705798,0.07723128233704105,0.09531014176761356,0.0011958056140635108,0.009076819284846183,0.13457379271518372,0.0029261485580489187,0.0008847597580142142,-0.003912063266650917,0.004924143754942156,0.007836222218666856,0.008767828526273202
48,3,48045,2775,613,0.2652484094763594,0.036775192461642986,0.12442367784771176,0.047571827539336344,0.03817220107617898,-0.00838522082796878,-0.0001683159890565694,-0.010521358389634982,-0.011172996869505158,0.002537733300881387,0.44007408011049287,0.14733123615609028,0.009290422415640242,0.058043119547044775,0.004795953805858383,0.018469384221601347,0.025003463316702095,0.034467415136861294,0.0012884440062021052,0.06758585190798856,0.10655891864803464,-6.125558640506235e-05,0.005458513357843892,0.14934398160613177,0.0037870851322552635,0.00835495895974167,-0.0010533562436170819,-0.000790053670623836,-5.131913755672124e-05,0.00493677343578377
48,4,48046,2775,613,0.27167126353769677,0.03755262914944048,0.12789283847077298,0.04364219386295802,0.03504103910162497,-0.016667838473522205,0.010629761517009543,0.01136092313155517,-0.0024852252477581883,0.010584297336376539,0.4027164360135711,0.14683481398844828,0.028359511993701007,0.05141208369546837,-0.0007036980611748511,0.016575050954298055,0.04922615092128334,0.044505647818694705,0.0026448599551394114,0.06671669918126807,0.0723075483147787,-0.0027173299723532883,-0.003852590002344891,0.12578688750111988,-0.0005899496407168359,-0.019364437851202433,0.0077040452141091675,-0.001978031104705963,-0.006636071544851985,-0.006196244532152645
48,5,48047,2775,613,0.29168913727473295,0.05127602664086832,0.14498002107671487,0.05251356290753759,0.03610755208674094,0.025234641609311874,-0.029755250113936826,-0.008990377275263705,-0.0008957046266922896,-0.009753774616089578,0.43299684924998066,0.1541497899038383,0.007740705292416622,0.06265384130839005,0.005511365175584299,0.027488507225385195,0.044880871192172614,0.04133324091045741,9.535600993910154e-05,0.07203047010961236,0.09308126752444382,-0.0021532935190724245,-0.0031112933191476564,0.14644599623756246,-1.1526076936985152e-05,0.005766280066774043,-0.004718547168624054,-0.0011828009064521416,-0.0046759354532910245,-0.004655324050751147
48,6,48048,2775,613,0.24748309985374325,0.02333286118934448,0.1047726031855116,0.030683175088609616,0.024783411322483604,-0.023136027320970066,-0.003857357287416513,-0.005947521576850812,-0.007003508989360421,-0.016738630561270063,0.4133828585510693,0.15146064800262796,0.026978696006577478,0.05963437668637546,0.005323331961896277,0.026414175229449825,0.029831123688511423,0.05049973340702094,-0.0004201839094053417,0.058943456280481366,0.09360170849140728,0.0014826098565286882,-0.0006226077262396435,0.12848471119462324,0.0025508126889625116,-0.0012324811184297956,0.002963914341761681,-0.014631360788146702,-0.004230965546061727,0.004622138679002974
48,7,48049,2775,613,0.28909411226314763,0.04513348252455544,0.14680965795989853,0.053246786745194855,0.03952727893907295,0.004788246806803282,0.014177863298667808,-0.039509552038863346,-0.0006306140518600456,0.006448690871413592,0.42177905717254655,0.14107421027214845,0.00720182346260283,0.056930778884435075,0.0038989104452608336,0.027887039462416812,0.04349095387358772,0.0375368781134774,0.00021082191674207107,0.062499212616386,0.08093895305090751,0.0007448440016096236,-0.00454854135476806,0.14048149473933502,-0.0016246539869218869,0.0021348090131070806,-0.0031405909692598377,-0.0038709884691124907,-0.0037347442308231947,-0.007204853708493058
48,8,48050,2775,613,0.2752818079785343,0.030547371598291916,0.13497279435413143,0.04582161767537083,0.036264324221244204,-0.0065180426604715905,-0.008996923639702776,-0.011190059066373709,-0.002097197457480815,-0.02265593950575929,0.4053034116166723,0.15722137763549301,0.013784647809370953,0.04209274157237903,0.006283404440201085,0.019323361060855925,0.029692556070574517,0.03150275842046724,0.0005306696951968115,0.06286018528086827,0.08317568577916042,0.0016347023492690293,0.004282802221532683,0.12691146962016484,0.006943244492503281,0.0031660339876270925,0.0016583188908073088,-0.0018054771034707816,-0.0024055823994568403,-0.006971306327078075
48,9,48051,2775,613,0.29522015627605813,0.06091474044254417,0.145681353364856,0.062450004610019205,0.046115675505481034,-0.00488793508920034,-0.004536316227886528,0.01713494656584121,-0.01140841528851908,0.020966636084064023,0.401991120163026,0.14613669677925292,0.023735536406043478,0.04376910423583918,0.0019469817059783068,0.03986142229408773,0.03879848592425689,0.046261297875237,0.0012739685440322113,0.06025657142234753,0.08233249387601728,-0.005183645949062255,-0.00245558502760253,0.12726741381212842,0.0019144095713359733,-0.00813584925200736,-0.0047752581285573584,0.005457002168833857,-0.007545350920013738,-0.0002970925123573387
49,0,49042,2759,629,0.27661158856741036,0.04333912759268359,0.14349239780609294,0.04925180756487209,0.03646651930056412,-0.005787572742907659,-0.0035956891554651095,0.007423508229123799,0.0006874811201500297,-0.017672015969630583,0.5766858725951738,0.24159410778991802,0.016967186249091028,0.038419434751010006,0.01130343196296928,0.027731490875237165,0.014101033147030085,0.10549068774564145,-2.626258040779872e-05,0.1772063471110567,0.19505864710346704,0.001953161880883325,0.002720388577697963,0.18073257263593231,0.007249573000986298,0.004043746625116451,0.0015059756145566871,0.007024840806215116,-0.0012201772851779258,0.00984755446009733
49,1,49043,2759,629,0.19781602595271594,0.0418406297362128,0.06800294590651171,0.009138257329301295,0.026583943382214426,-0.024281672068097882,-0.008931617627905342,-0.04997166339080851,-0.008495256582402754,-0.00044137552383639313,0.5427732757148456,0.2659009245225221,0.04586856486212622,0.07736628708289353,0.0017538740175171209,0.03819335364317143,0.030957401741951978,0.14125442117290188,-0.0006429125526179802,0.17052907022704328,0.18953621407102395,0.010728715989283788,-0.0035345572322398656,0.17355847284347267,0.012209436417979513,-0.003462920669155667,0.008917189924704593,-0.02476660859798272,0.00024967750861037974,0.003463851696574649
49,2,49044,2759,629,0.29664445938678896,0.09088750410360776,0.15125602357602103,0.06737572424224134,0.04439017559960737,-0.0024656412571920526,0.0003842273975157462,-0.013890218703529422,-0.009136864605761208,-0.024279017918595037,0.5488149555415063,0.27089106011876607,0.03808781875475774,0.0806524873532774,0.002533460578552205,0.013823090040849995,0.010310698486081394,0.11867153793492898,-0.0008378301997520543,0.12374368583827364,0.180294755202224,-0.002360865859142425,0.013386960579254282,0.16935991219622068,0.0013043830367035602,-0.012504748434850166,0.012644142597818797,0.0005030324169575606,-0.0029978099100433477,0.013110893701337611
49,3,49045,2759,629,0.33007159659931506,0.05842455462314844,0.168664673106423,0.07623421649470033,0.057034120494148424,0.032790721525415636,0.01813759262361168,-0.0369236154034029,0.041239593044832885,-0.008860679168031427,0.5699081303197795,0.24696032846110033,0.03148692741378624,0.06699164979496516,0.007667881242451879,0.04295137616533408,0.043873345449450464,0.0990026589226767,0.0004942085126702023,0.15684837022959858,0.16276140153878263,0.006960212594380932,-0.005628910853534686,0.17426128129812693,0.012028497878544686,0.004684913304151462,0.011889570014372564,0.01005094902177459,0.00382509104370915,-0.0017191598015154018
49,4,49046,2759,629,0.29215921536251926,0.06826949350708568,0.1385732306115249,0.06946072976963537,0.046242328247376625,-0.018918359774034367,-0.006177762702427941,-0.005246096355388796,-0.012405820431548392,0.02714946377561687,0.5693414749735732,0.2648539230591127,0.04382361281933592,0.07325073250263267,0.002451796625261482,0.018855689363296145,0.02274626483543174,0.1022193802229717,0.00014305444099682596,0.14267446660419345,0.19247347639458803,0.002179882937501343,-0.0023576630900823516,0.17459979296169265,-0.0016302050544300672,-0.013066214799223897,0.01879498433944764,-0.00485547592372203,-0.005224284806465629,-0.0011533433970635997
49,5,49047,2759,629,0.3288388780362015,0.11555704464815646,0.1922983350793879,0.06361639190979314,0.07085624485389239,0.013450279499405405,0.010556356608738165,0.039388050969795904,0.0015360015081522294,-0.002894448944305389,0.5633298380485341,0.29261568316172026,0.01437980157394395,0.08041710481198244,-0.0012999756759644043,0.02167542596132737,0.015620617696904903,0.12607769741595903,-0.0017649377046960347,0.15080078160735647,0.17437033556884196,0.0023141053649265663,0.006897274595335345,0.16093896583527198,0.002837650964966554,0.0017666632443642748,-0.0008757435608041875,0.004637314014143712,0.003479295688137507,0.0011707746526196995
49,6,49048,2759,629,0.21991547063436423,0.022346140230155766,0.08826024587086441,0.04105050253158303,0.006661142441452858,-0.007081838406362654,-0.009576939066767515,-0.011564739000751941,-0.02484389004224118,0.0019358709280621529,0.5452059505672846,0.24716072294445227,0.016309424440805954,0.08910509524311494,0.01319256315848264,0.054797157746347316,0.018884018765725784,0.08914611014889126,-0.0032974716095844235,0.18169227554956718,0.1906737448007898,-0.012498810331202915,-0.005588936713192649,0.1642244700966416,0.0025238221205928445,-0.0168561942631823,-0.008814937993770523,-0.033152859169942164,0.005772568601359884,0.00422081179459205
49,7,49049,2759,629,0.263489653345868,0.05141090528602497,0.12604384946892314,0.031705317288530585,0.027437492311434043,-0.015806149411168258,-0.003594702246364323,-0.012467114730633971,-0.02477277268281291,0.010193240519214612,0.5714907689737139,0.28138185750536593,0.009203469446762235,0.08548678563851088,-0.011798076206950826,0.039605960539148666,0.025036397021637947,0.14126934380283301,-0.0035102295004221682,0.12390319628727627,0.1699698771449838,0.0034433452010349864,0.017256698613852227,0.16194769963343983,0.002010100091357825,0.002932263625754128,-0.009844562528736977,0.0026497225679772084,-0.0027525737984467557,-0.0066491058648133206
49,8,49050,2759,629,0.2591761171072574,0.052666062923810195,0.12011008311333966,0.03483778249631611,0.020215072655906934,-0.005894978695347286,0.00018927610295509933,-0.005323570531852562,-0.0039203930963624956,-0.016636217427524018,0.5729812939110246,0.2826385754555251,0.027460538941210987,0.06848761699555461,0.0022357409704191755,0.030478616852526348,0.02922447099782859,0.13453841238099054,-0.00419171129808712,0.1764849400270744,0.2006835997201752,-0.011745967988192496,0.0023394036589669655,0.17604060006979155,0.0070751323212960735,-0.002155173270831312,0.027438017958790917,-0.008274429215728163,0.0007515825164863266,-0.0025978617337702125
49,9,49051,2759,629,0.3066897062735944,0.061846007689632235,0.16320724083587856,0.055805281941338866,0.04293828522255615,0.005345224035489221,-0.022482096392061845,-0.007153196759896302,0.03164360454616762,0.004213697802812754,0.5535208087901151,0.28958581543991146,0.0394818386620438,0.10860012678792644,-0.003941359007481882,0.024836968303550293,0.0039129239509919644,0.127736957612242,-0.015125206928867697,0.14835080717246618,0.1889551188561689,-0.012147123057057275,-0.0017857961652777642,0.1531633666784565,0.007186755626010477,0.0051668569971218044,0.009869982040667635,-0.018353033828494646,0.005458266398774914,0.003365220824148629
50,0,50042,2802,586,0.20721122583064666,0.010859303677286094,0.10301102162319194,0.04058156367450816,0.03892624518506331,-0.0073573490450900255,-0.005515967782049547,-0.004152045503729623,-0.000895003480620632,0.005650580745821196,0.3233433026508944,0.11272320079551654,-0.0035168977515310507,0.033283096696966684,-0.00047403606922109543,-8.912596660046735e-05,0.01447478860680732,0.06738674613959314,-0.0010842897457902234,0.0445454023889105,0.06913031168049592,-0.002702179414499589,-0.0017662211940951745,0.09010391229094647,-0.002115908474594863,-0.004273756869489736,0.0008677827882048906,-0.004594279112620342,0.004721276421287596,0.0020678008080471655
50,1,50043,2802,586,0.18936580547578546,0.012130109298929168,0.08608968393084952,0.03394550042906223,0.03977844457987042,0.01362521116476755,0.007371537189043903,0.004733444222801006,7.269327039624573e-05,0.0032970700319603446,0.31767726318714873,0.12917225530585202,0.004184765659197032,0.033284539769801044,0.007025737804917681,0.022245362903672385,0.027575393022865748,0.0851184957866877,0.001824753581102362,0.04612562065276333,0.07503550944308915,-0.0015645284846015572,-0.0036162046446819975,0.08493205978885829,-0.006699337167576258,-0.001528870743641625,0.0023005727626857543,0.0041304261702339974,-0.0027723257335791228,-0.007522328272795609
50,2,50044,2802,586,0.19523711626356924,0.006182320062670163,0.08024409241812616,0.01875261502085484,0.03030969799743375,-0.0024693018368571657,-0.015791906381089404,0.00022177848113347776,0.0030173542055753066,-0.00460199716879571,0.33477267146574624,0.11701973047177117,-0.004390282984021182,0.03319716444088697,-0.005956552019899442,-0.001764360702392137,0.01355702508998347,0.06035193538080232,-0.0036469876448432135,0.048695598818622406,0.07704591436705881,1.5870945275980875e-05,-0.011177959491289602,0.089431354697928,-0.003382354384732972,-0.0011508898030113401,0.003536545101407812,-4.615593139835617e-05,-0.004087719747026386,0.002140171628563148
50,3,50045,2802,586,0.18959174468582163,0.021533154904004728,0.08157606188371894,0.033078677778978216,0.04664426825468896,0.010664730102749537,0.00732275825551699,0.00886367678980524,0.004980008827852258,0.014785274231576306,0.33287020043142973,0.12496789867322855,0.012910047493424188,0.02856418335592552,0.0009460874168659816,0.016336961275707967,0.021381586089530568,0.08196169464439668,-3.974252464578054e-06,0.04011965156561574,0.0832028649570605,-0.0002649257785858949,-0.009760051189529228,0.10005082021589173,-0.0032648634735660542,0.005486137679651426,-0.002090167384954422,-0.0001993508676152944,0.005720534487227225,0.008391692041237048
50,4,50046,2802,586,0.18976193684199175,0.0026769666200310628,0.0792951869339804,0.023969528467759127,0.03725129322704346,0.007445985802031899,0.0007547148848696423,-0.021187880032473346,-0.003204091435058623,0.005824767683646925,0.31864134872547056,0.09222442336181799,0.0005621754410692403,0.031446380276655965,-0.0036090792557629146,0.0014956839154409319,0.007631088370574518,0.04722236962650446,0.0016278041904739192,0.03258381741803933,0.06188529118287713,-0.001417451792695984,0.002608457943002418,0.08790544978576505,-0.0010591943979948726,0.00043266034350617486,-0.0010479947794343857,0.0010558673672663166,-0.0008441119564282396,-0.009541833120969812
50,5,50047,2802,586,0.17644214672752015,-0.0035193997956524505,0.07223907161639911,0.021592765866936516,0.019759573581011852,-0.0004173143932212686,-0.0328686594416258,-0.0037272285006985455,-0.004159660045742433,-0.0019678415610650006,0.32672540955758983,0.10852949887321044,-0.00047305888886787774,0.02858899934169175,-0.002280549050778474,0.007866640414199733,0.013693442376108627,0.10388546914540757,-0.0019553629377781824,0.039884811229457855,0.07788377564155217,-0.0022303451667784356,0.0004780191398134681,0.09466571809385362,0.001511967749943155,0.006820345938977695,0.0005449745462814626,-0.0022525972590833722,-0.0017479988294986037,0.004072207169801117
50,6,50048,2802,586,0.17451245597310405,0.002484719305241581,0.07220077858367327,0.02142824954106617,0.028885475914439483,-0.004161467927861312,-0.0022461567720687414,-0.008690831226487079,0.008197135141574788,0.002815566345650694,0.3252967911404326,0.12816320012608057,0.00750682075395695,0.05115082098906509,0.016352782317265425,0.010288018837596346,0.0311731329943793,0.08867829728391247,-0.004692178298931304,0.049266429837336756,0.06788737114678801,-0.0014381957827768355,-0.005576118456082113,0.09560406407947991,-0.006741413686103109,-0.0021008848606353047,0.0008868812471794829,0.0007629314889405492,0.00658532748535256,-0.002836080066574681
50,7,50049,2802,586,0.20415995820628793,0.013347967079679607,0.0941212997684665,0.037118891544042035,0.043596783764752914,-0.001003986511708213,0.00902817874546209,0.011082392905880053,0.013494270416488074,-0.003347344910912667,0.3345941667085976,0.07679020381986183,-0.0019228674879732677,0.027429432445110685,0.002659732756138128,0.00930377795753487,0.003534095826823369,0.0823310874785863,-0.0011137839610837585,0.034481025694996684,0.0786034650110647,0.0013761897969071513,-0.0002349549436178211,0.10561619198937282,-0.001734839063665078,0.0022345046083129374,0.0036210426110422577,0.0007796719821570597,-0.0008851518371475464,-0.007398057722901452
50,8,50050,2802,586,0.1933787915051892,0.02145716506984391,0.08893470833801981,0.027628768250750967,0.040324283904420825,0.005983490056198315,0.005549980805853422,0.0015467279538388002,0.008574650290129349,-0.0022318459877953,0.33324222503318895,0.14748200658588587,0.009185193174002038,0.04568191288581595,0.006811144008557884,0.022227967433355894,0.029278904872589523,0.08549917283845673,-4.233451580052949e-05,0.046146130092973955,0.08134389526604835,0.0011425728365160703,-0.008224155596804733,0.09933077395772097,6.576674246432934e-05,0.0006068245895598234,0.00131866853927185,-0.005594153493620718,0.0030417442132718965,0.004052768095056125
50,9,50051,2802,586,0.21995598187472748,0.02336540739302257,0.10645115216193442,0.049234507228570534,0.05109946511811543,0.011569796980948524,-0.00146625640617839,0.013303722957458197,0.02162123503468364,0.017773773388543083,0.3290360937566614,0.12944573258876643,0.006568464065286367,0.048510806744819564,0.0071268786983967715,0.01665933197915368,0.03314100033991556,0.07334955113542127,0.0009451640340413292,0.04774446716259881,0.07708347516880433,-0.0004763920829950419,-0.000646236486321411,0.09501397577377972,0.001660405212142596,0.0019010047747071769,0.0013052604795575017,-0.0045578253116746684,0.0034498262179892603,0.0028589793708080125
