feature,mean,std,median,min,max,n_splits,rank
pair_Degree,0.0385420138745645,0.01692645075546678,0.038091341374881696,0.01296445486316999,0.061824723180936444,15,1
