feature,mean,std,median,min,max,n_splits,rank
pair_Degree,0.2391719755536081,0.0828174348647596,0.22348854459685938,0.12664029346024935,0.40534165735247585,15,1
