feature,mean,std,median,min,max,n_splits,rank
pair_Degree,0.04024384253788425,0.017354987995711103,0.04033170936966945,0.014343247741123295,0.06373732061162622,15,1
