feature,mean,std,median,min,max,n_splits,rank
pair_Degree,0.2106934536747644,0.04868491953362927,0.2038426050968214,0.1409084528433171,0.2826505429558603,15,1
