feature,mean,std,median,min,max,n_splits,rank
pair_Degree,0.06932322195016519,0.030303027089011062,0.0692356382778537,0.0246327108219228,0.11981890857557971,15,1
