feature,mean,std,median,min,max,n_splits,rank
pair_Degree,0.05047555705460623,0.018832088966257717,0.05161437678129592,0.006791291968725975,0.08364945986680551,15,1
