feature,mean,std,median,min,max,n_splits,rank
pair_Degree,0.029699782590308445,0.021724279221386783,0.025545277827732905,-0.0032319267487069376,0.07024955973154594,15,1
