model,mean,std
pure_random,0.00047565557532557344,0.008697610259673775
pairwise_noise,1.3759412517529545e-05,0.004461185904632098
hypergraph_noise,5.492100352655009e-05,0.002266199509728031
