feature,mean,std,median,min,max,n_splits,rank
pair_Degree,0.2636257508648411,0.057278182379407065,0.2760235926862385,0.14068241262678527,0.3308942381144838,15,1
