feature,mean,std,median,min,max,n_splits,rank
pair_Degree,0.03522196400154125,0.018688242513571214,0.02627591711817818,0.013348838501613683,0.07015495380632776,15,1
