rank,type,feature,mean,std,hit_rate,binom_p
1,real,pair_LocalClustCoeff,0.04052821866048742,0.025385282041508805,0.96,2.08925524731209e-35
2,real,pair_AvgNeighborDegree,0.02378594214267924,0.023203586937470138,0.7533333333333333,3.830070299438247e-10
3,real,pair_Degree,0.02037131231335741,0.023447839597512163,0.6733333333333333,2.6269069412203377e-05
4,real,pair_TriangleCount,0.013165165468458874,0.014761837690045663,0.44,0.1649069826564433
5,NOISE,rand_2,0.000863125377992718,0.013885222735084513,,
6,NOISE,rand_0,0.000699750096300145,0.01734698329630609,,
7,NOISE,rand_4,0.0004438438847651514,0.017102337820217126,,
8,NOISE,rand_3,-0.0003928512710028085,0.015763656866568755,,
9,NOISE,rand_1,-0.0007435656605766641,0.015224598761871634,,
