model,mean,std
pure_random,-0.0006883461423233086,0.011383716942513143
pairwise_noise,0.001535279368963777,0.018371433258770185
hypergraph_noise,-0.0010833508910630413,0.01667807042345497
