model,mean,std
pure_random,0.000933152553259524,0.011573676205441813
pairwise_noise,0.0001740604854957083,0.015927811235873408
hypergraph_noise,0.0003288863127740191,0.0164586498770468
