feature,mean,std,median,n,is_noise
pair_LocalClustCoeff,0.04362991372514121,0.028521362244640833,0.03725994107288041,150,False
pair_AvgNeighborDegree,0.02744772257007544,0.0259432708361168,0.020159492793606258,150,False
pair_Degree,0.026648516502009396,0.02587714949466312,0.021913664984924797,150,False
pair_TriangleCount,0.017207384528090792,0.01863710563335012,0.012961380943454883,150,False
[noise × 4],0.001535279368963777,0.018371433258770185,0.00038675684048382103,600,True
rand_0,0.0017115454892713817,0.018243935659563785,0.0005231803021858814,150,True
rand_1,0.0022047523241451,0.018808023902094278,0.0003909284086441422,150,True
rand_2,0.000496626729656714,0.01936284602550538,0.00040004841297074274,150,True
rand_3,0.0017281929327819115,0.016939309417304316,-6.522879007695992e-05,150,True
