model,mean,std
pure_random,0.0004201121448048712,0.00885712859417902
pairwise_noise,-0.0003968309001201987,0.0055805525583941485
hypergraph_noise,6.244317151664876e-05,0.002255365251961203
