feature,mean,std,median,n,is_noise
[noise × 4],0.0004201121448048712,0.00885712859417902,0.00013868865348735381,180,True
rand_0,2.3574660555679435e-05,0.008450397905739487,0.0017550930265802956,45,True
rand_1,0.0020301570194355243,0.009688720647030613,0.0012990591800525087,45,True
rand_2,-0.00028445347417137496,0.00948061537931359,-0.00024999081307837124,45,True
rand_3,-8.882962660034363e-05,0.007424781903223152,-0.00039513394301765316,45,True
