feature,mean,std,median,min,max,n_splits,rank
pair_TriangleCount,0.22303326079286206,0.07474346430146538,0.1884155890735264,0.12279231515529573,0.3280904479472031,15,1
pair_EigenvectorCentrality,0.14762120917817118,0.06315498948745774,0.1406369455309591,0.057851284309532916,0.25237674700471663,15,2
pair_KatzCentrality,0.034596968624830964,0.03206381901434371,0.024625935015075807,-0.008510964817915013,0.103272836914025,15,3
pair_AvgNeighborDegree,0.03132996559712897,0.019393697960313608,0.03036447514087066,-0.009236124103560322,0.06890830255256808,15,4
pair_LocalClustCoeff,0.029672865405575007,0.01983505209060385,0.028678400909144548,-0.0009835108404938897,0.073641737764417,15,5
pair_BetweennessCentrality,0.0034981706836396402,0.007907196159688957,0.0022198548463807644,-0.007682241142871138,0.027567440275075128,15,6
pair_ComponentSize,0.0030842652475481947,0.006001814891466295,0.00463488370135332,-0.012709337908867958,0.01107895184729667,15,7
pair_Degree,0.0024529389573872606,0.005551149325994918,0.0022336332764509802,-0.014397903940391421,0.01061376494571541,15,8
