feature,mean,std,median,min,max,n_splits,rank
pair_Degree,0.03379224226115571,0.01757696437738042,0.027794116309023377,0.012588087615046484,0.06806104576190533,15,1
