feature,mean,std,median,min,max,n_splits,rank
pair_ComponentSize,0.0733842242415942,0.025380930611075353,0.0739143545084392,0.01965356054643983,0.11358182454448587,15,1
pair_LocalClustCoeff,0.052424307642975086,0.02818510251996332,0.0499295040145888,0.0005222870853912084,0.09431023273572037,15,2
pair_AvgNeighborDegree,0.045595852752537476,0.02575989763802048,0.04298841512922286,0.011451615273413757,0.09692626584056366,15,3
pair_KatzCentrality,0.025419291514549924,0.024873964548029672,0.027624225436099846,-0.04803879806621678,0.06133332054551832,15,4
pair_EigenvectorCentrality,0.023588509134868662,0.015506076062675574,0.02405042425781067,-0.013022592456930826,0.046810015501739,15,5
pair_TriangleCount,0.014139892012920093,0.015711498005900625,0.014948714566256637,-0.01036143083553485,0.04602793137946916,15,6
pair_Degree,0.011286008616183696,0.01977784263124994,0.006505793714748969,-0.018617035318054812,0.04815050137126414,15,7
pair_BetweennessCentrality,0.0029023530769041743,0.011134181186249086,0.000595554947025842,-0.014137205681389885,0.02204807248596339,15,8
