feature,mean,std,median,min,max,n_splits,rank
pair_Degree,0.039126600600001595,0.016773103955351493,0.03817009830583758,0.013756166787046487,0.06162986992452676,15,1
