feature,mean,std,median,min,max,n_splits,rank
pair_Degree,0.03185661140628433,0.01904961337472979,0.025533326014433134,0.0015968592952520719,0.06488761728557188,15,1
