feature,mean,std,median,min,max,n_splits,rank
pair_Degree,0.025562064960864432,0.016163938926006993,0.029134698814472625,-0.0014393484598443792,0.050531386558977764,15,1
