feature,mean,std,median,min,max,n_splits,rank
pair_LocalClustCoeff,0.18320251125677922,0.019369125593160688,0.1820494816050887,0.15194555973767515,0.22777333362027355,15,1
pair_BetweennessCentrality,0.1031514108528116,0.031127360551984968,0.09915156379602634,0.05314159946636369,0.15802369969149432,15,2
pair_Degree,0.08032481851094436,0.03434615957016625,0.08024816111907777,0.013329708390977819,0.14178498103752485,15,3
pair_AvgNeighborDegree,0.03827136968727189,0.017964762143781298,0.035036192061854425,0.0107018631940074,0.07317661976381157,15,4
pair_EigenvectorCentrality,0.0319738095836086,0.025251535064506756,0.03161492155041205,-0.006887488015284554,0.10001510954524898,15,5
pair_KatzCentrality,0.026588798090820442,0.012486331933350367,0.021987062135656026,0.007795501741850652,0.053213366319536146,15,6
pair_TriangleCount,0.014494018779295507,0.02267832864048175,0.008759501052238999,-0.008681075507641283,0.08231923014253,15,7
pair_ComponentSize,0.0032508656950650324,0.003920664497195628,0.001998797194095564,-0.0011068456691389894,0.014740871551948526,15,8
