feature,mean,std,median,min,max,n_splits,rank
pair_Degree,0.03172015804825567,0.024527614902716335,0.02723031687653734,-0.0009217081888229443,0.08759960280973204,15,1
