feature,mean,std,median,min,max,n_splits,rank
pair_LocalClustCoeff,0.1962299732728396,0.08609057291683099,0.18298682837691244,0.06849717004513914,0.3976015323358676,15,1
pair_ComponentSize,0.10924212353648152,0.0660184175533474,0.10372994583914771,0.010267908880218352,0.2568809207393129,15,2
pair_KatzCentrality,0.07701721942445777,0.044568323395428294,0.06982247838892101,0.008955186679972044,0.1609262240892896,15,3
pair_AvgNeighborDegree,0.054746885412401296,0.021840109634861264,0.055419335131736094,0.01870328299175799,0.09612068772849269,15,4
pair_TriangleCount,0.04658881578428644,0.04601171496158604,0.0361630717534308,-0.006070590941124071,0.1533477319430511,15,5
pair_BetweennessCentrality,0.016986682311509002,0.021573529055107524,0.014456386295134394,-0.02047850230786381,0.05293754013854901,15,6
pair_EigenvectorCentrality,0.016466518405985637,0.027717154415890358,0.00885179019779977,-0.003781947353282328,0.11161110252473556,15,7
pair_Degree,0.005654715091523812,0.010274736231691423,0.004068065438233936,-0.010438164240659053,0.025531138081325244,15,8
