feature,mean,std,median,min,max,n_splits,rank
pair_Degree,0.21311289258483088,0.0783750251515808,0.24132066873141528,0.07017720769784763,0.34800970185150515,15,1
