feature,mean,std,median,min,max,n_splits,rank
pair_Degree,0.05017074212734487,0.019097374200235117,0.047997284011547944,0.01867702236038666,0.08861276032890567,15,1
