model,mean,std
pure_random,-0.0016066246808959332,0.008059620599965348
pairwise_noise,-0.00037724492669633127,0.015679448570817878
hypergraph_noise,-0.00043843392876928626,0.009639379054132884
