feature,mean,std,median,min,max,n_splits,rank
pair_Degree,0.02727186979340925,0.01564669265160262,0.027442155319691054,-0.00028195801665829303,0.050255364926416135,15,1
