comparison,split_set,n_splits,model,mean_diff,std_diff,cohens_dz,wins,losses,ties,p_greater,p_two_sided
hb_graph_vs_pairwise,strat,50,RandomForest,0.08316650824526269,0.07254806254922377,1.146364290415534,45,5,0,2.104926011270436e-09,4.209852022540872e-09
hb_graph_vs_hypergraph,strat,50,RandomForest,0.04322997477523253,0.042280852519168244,1.0224480397038824,44,6,0,1.6218702825199216e-08,3.243740565039843e-08
hypergraph_vs_pairwise,strat,50,RandomForest,0.03993653347003016,0.06966867188240344,0.5732351771746221,33,17,0,0.016419568782134242,0.032839137564268484
hyper_flag_vs_hypergraph,strat,50,RandomForest,0.00813116612551306,0.03381265287922759,0.24047702363242687,37,13,0,0.0004681114554259125,0.000936222910851825
hb_graph_vs_hyper_flag,strat,50,RandomForest,0.035098808649719475,0.04936023137395217,0.71107463787622,39,11,0,4.5107450535653015e-05,9.021490107130603e-05
