feature,mean,std,median,min,max,n_splits,rank
pair_AvgNeighborDegree,0.06903217182389383,0.049008550533625,0.06619579922218592,-0.03526550324239669,0.25722636323169107,50,1
pair_LocalClustCoeff,0.05721996234392277,0.03686659075915904,0.05387701649400218,-0.01315961484747139,0.17882315519119812,50,2
pair_Degree,0.05273581299787877,0.037554094436980955,0.04772030288970204,-0.007567197299888429,0.19426144537016865,50,3
pair_TriangleCount,0.047436931321725134,0.037484056232509035,0.03963268280062052,-0.003285768879115186,0.19947078816855657,50,4
