feature,mean,std,median,min,max,n_splits,rank
pair_AvgNeighborDegree,0.07361449340135846,0.04597355529852156,0.08073141504837725,0.003700577519457722,0.17809327787333512,15,1
pair_LocalClustCoeff,0.05593291907274593,0.031544179519258066,0.05422858901634695,0.005657317895699479,0.11095737111660886,15,2
pair_Degree,0.0521929588551836,0.031495146095036904,0.06100475408900534,-0.005698777330391075,0.10505681029335526,15,3
pair_TriangleCount,0.045646976080580944,0.03435263484171793,0.048652335919751086,0.008705367475053261,0.1255121388536728,15,4
