model,family,tier,split_index,pr_auc,n_train,n_test,n_features,seed,best_params
LogisticRegression,Linear,pairwise,1,0.155397879,2701,687,4,42,{'clf__C': np.float64(0.001267425589893723)}
LogisticRegression,Linear,hypergraph,1,0.187158758,2701,687,8,42,{'clf__C': np.float64(4.5705630998014515)}
LogisticRegression,Linear,hb_graph,1,0.182521775,2701,687,14,42,{'clf__C': np.float64(0.9846738873614566)}
LogisticRegression,Linear,pairwise,2,0.140940341,2673,715,4,42,{'clf__C': np.float64(0.001267425589893723)}
LogisticRegression,Linear,hypergraph,2,0.221483972,2673,715,8,42,{'clf__C': np.float64(0.14445251022763064)}
LogisticRegression,Linear,hb_graph,2,0.214655249,2673,715,14,42,{'clf__C': np.float64(0.011526449540315618)}
LogisticRegression,Linear,pairwise,3,0.190654815,2665,723,4,42,{'clf__C': np.float64(0.001267425589893723)}
LogisticRegression,Linear,hypergraph,3,0.21738562,2665,723,8,42,{'clf__C': np.float64(0.033205591037519584)}
LogisticRegression,Linear,hb_graph,3,0.186992939,2665,723,14,42,{'clf__C': np.float64(1.0129197956845732)}
LogisticRegression,Linear,pairwise,4,0.125924356,2749,639,4,42,{'clf__C': np.float64(0.001267425589893723)}
LogisticRegression,Linear,hypergraph,4,0.167695891,2749,639,8,42,{'clf__C': np.float64(56.69849511478853)}
LogisticRegression,Linear,hb_graph,4,0.207533544,2749,639,14,42,{'clf__C': np.float64(21.42302175774105)}
LogisticRegression,Linear,pairwise,5,0.12431705,2757,631,4,42,{'clf__C': np.float64(0.001267425589893723)}
LogisticRegression,Linear,hypergraph,5,0.143057639,2757,631,8,42,{'clf__C': np.float64(0.9846738873614566)}
LogisticRegression,Linear,hb_graph,5,0.195434437,2757,631,14,42,{'clf__C': np.float64(4.5705630998014515)}
LogisticRegression,Linear,pairwise,6,0.170680327,2682,706,4,42,{'clf__C': np.float64(0.001267425589893723)}
LogisticRegression,Linear,hypergraph,6,0.262190544,2682,706,8,42,{'clf__C': np.float64(0.9846738873614566)}
LogisticRegression,Linear,hb_graph,6,0.255964626,2682,706,14,42,{'clf__C': np.float64(0.4205156450913872)}
LogisticRegression,Linear,pairwise,7,0.107741744,2760,628,4,42,{'clf__C': np.float64(0.001267425589893723)}
LogisticRegression,Linear,hypergraph,7,0.205203978,2760,628,8,42,{'clf__C': np.float64(56.69849511478853)}
LogisticRegression,Linear,hb_graph,7,0.20556051,2760,628,14,42,{'clf__C': np.float64(3.4702669886504163)}
LogisticRegression,Linear,pairwise,8,0.187030937,2764,624,4,42,{'clf__C': np.float64(0.001267425589893723)}
LogisticRegression,Linear,hypergraph,8,0.197285171,2764,624,8,42,{'clf__C': np.float64(0.4205156450913872)}
LogisticRegression,Linear,hb_graph,8,0.271961232,2764,624,14,42,{'clf__C': np.float64(0.001267425589893723)}
LogisticRegression,Linear,pairwise,9,0.101853892,2748,640,4,42,{'clf__C': np.float64(0.0019517224641449498)}
LogisticRegression,Linear,hypergraph,9,0.179206796,2748,640,8,42,{'clf__C': np.float64(0.14445251022763064)}
LogisticRegression,Linear,hb_graph,9,0.183666282,2748,640,14,42,{'clf__C': np.float64(0.001267425589893723)}
LogisticRegression,Linear,pairwise,10,0.135087106,2696,692,4,42,{'clf__C': np.float64(0.001267425589893723)}
LogisticRegression,Linear,hypergraph,10,0.191762863,2696,692,8,42,{'clf__C': np.float64(0.001267425589893723)}
LogisticRegression,Linear,hb_graph,10,0.229023773,2696,692,14,42,{'clf__C': np.float64(4.5705630998014515)}
LogisticRegression,Linear,pairwise,11,0.13405854,2801,587,4,42,{'clf__C': np.float64(0.001267425589893723)}
LogisticRegression,Linear,hypergraph,11,0.209932595,2801,587,8,42,{'clf__C': np.float64(0.4205156450913872)}
LogisticRegression,Linear,hb_graph,11,0.203710361,2801,587,14,42,{'clf__C': np.float64(0.001267425589893723)}
LogisticRegression,Linear,pairwise,12,0.146607598,2740,648,4,42,{'clf__C': np.float64(0.001267425589893723)}
LogisticRegression,Linear,hypergraph,12,0.171947086,2740,648,8,42,{'clf__C': np.float64(56.69849511478853)}
LogisticRegression,Linear,hb_graph,12,0.180522791,2740,648,14,42,{'clf__C': np.float64(4.5705630998014515)}
LogisticRegression,Linear,pairwise,13,0.109245546,2636,752,4,42,{'clf__C': np.float64(0.001267425589893723)}
LogisticRegression,Linear,hypergraph,13,0.179055346,2636,752,8,42,{'clf__C': np.float64(0.001267425589893723)}
LogisticRegression,Linear,hb_graph,13,0.18900784,2636,752,14,42,{'clf__C': np.float64(0.001267425589893723)}
LogisticRegression,Linear,pairwise,14,0.174668841,2706,682,4,42,{'clf__C': np.float64(0.001267425589893723)}
LogisticRegression,Linear,hypergraph,14,0.243803642,2706,682,8,42,{'clf__C': np.float64(56.69849511478853)}
LogisticRegression,Linear,hb_graph,14,0.258933485,2706,682,14,42,{'clf__C': np.float64(21.42302175774105)}
LogisticRegression,Linear,pairwise,15,0.216210769,2684,704,4,42,{'clf__C': np.float64(0.001267425589893723)}
LogisticRegression,Linear,hypergraph,15,0.296096441,2684,704,8,42,{'clf__C': np.float64(56.69849511478853)}
LogisticRegression,Linear,hb_graph,15,0.34268564,2684,704,14,42,{'clf__C': np.float64(3.4702669886504163)}
LogisticRegression,Linear,pairwise,16,0.138201168,2673,715,4,42,{'clf__C': np.float64(0.001267425589893723)}
LogisticRegression,Linear,hypergraph,16,0.187343295,2673,715,8,42,{'clf__C': np.float64(0.001267425589893723)}
LogisticRegression,Linear,hb_graph,16,0.198545674,2673,715,14,42,{'clf__C': np.float64(0.0019517224641449498)}
LogisticRegression,Linear,pairwise,17,0.101056128,2667,721,4,42,{'clf__C': np.float64(0.001267425589893723)}
LogisticRegression,Linear,hypergraph,17,0.133517294,2667,721,8,42,{'clf__C': np.float64(0.001267425589893723)}
LogisticRegression,Linear,hb_graph,17,0.150960543,2667,721,14,42,{'clf__C': np.float64(0.001267425589893723)}
LogisticRegression,Linear,pairwise,18,0.105936756,2728,660,4,42,{'clf__C': np.float64(0.001267425589893723)}
LogisticRegression,Linear,hypergraph,18,0.1350201,2728,660,8,42,{'clf__C': np.float64(0.0019517224641449498)}
LogisticRegression,Linear,hb_graph,18,0.146601677,2728,660,14,42,{'clf__C': np.float64(0.001267425589893723)}
LogisticRegression,Linear,pairwise,19,0.14161603,2791,597,4,42,{'clf__C': np.float64(0.001267425589893723)}
LogisticRegression,Linear,hypergraph,19,0.205735776,2791,597,8,42,{'clf__C': np.float64(4.5705630998014515)}
LogisticRegression,Linear,hb_graph,19,0.235185711,2791,597,14,42,{'clf__C': np.float64(4.5705630998014515)}
LogisticRegression,Linear,pairwise,20,0.225795176,2672,716,4,42,{'clf__C': np.float64(0.006026889128682512)}
LogisticRegression,Linear,hypergraph,20,0.297713298,2672,716,8,42,{'clf__C': np.float64(3.4702669886504163)}
LogisticRegression,Linear,hb_graph,20,0.307599876,2672,716,14,42,{'clf__C': np.float64(3.4702669886504163)}
LogisticRegression,Linear,pairwise,21,0.179008687,2738,650,4,42,{'clf__C': np.float64(0.001267425589893723)}
LogisticRegression,Linear,hypergraph,21,0.22523505,2738,650,8,42,{'clf__C': np.float64(3.4702669886504163)}
LogisticRegression,Linear,hb_graph,21,0.237605062,2738,650,14,42,{'clf__C': np.float64(4.5705630998014515)}
LogisticRegression,Linear,pairwise,22,0.158266464,2683,705,4,42,{'clf__C': np.float64(0.001267425589893723)}
LogisticRegression,Linear,hypergraph,22,0.199807091,2683,705,8,42,{'clf__C': np.float64(0.006026889128682512)}
LogisticRegression,Linear,hb_graph,22,0.213882917,2683,705,14,42,{'clf__C': np.float64(0.008260808399079604)}
LogisticRegression,Linear,pairwise,23,0.14047451,2689,699,4,42,{'clf__C': np.float64(0.001267425589893723)}
LogisticRegression,Linear,hypergraph,23,0.139209678,2689,699,8,42,{'clf__C': np.float64(3.4702669886504163)}
LogisticRegression,Linear,hb_graph,23,0.141762336,2689,699,14,42,{'clf__C': np.float64(21.42302175774105)}
LogisticRegression,Linear,pairwise,24,0.193225964,2742,646,4,42,{'clf__C': np.float64(0.001267425589893723)}
LogisticRegression,Linear,hypergraph,24,0.235174637,2742,646,8,42,{'clf__C': np.float64(0.0019517224641449498)}
LogisticRegression,Linear,hb_graph,24,0.254908837,2742,646,14,42,{'clf__C': np.float64(0.001267425589893723)}
LogisticRegression,Linear,pairwise,25,0.121513953,2736,652,4,42,{'clf__C': np.float64(0.001267425589893723)}
LogisticRegression,Linear,hypergraph,25,0.216857827,2736,652,8,42,{'clf__C': np.float64(0.4205156450913872)}
LogisticRegression,Linear,hb_graph,25,0.230761236,2736,652,14,42,{'clf__C': np.float64(56.69849511478853)}
LogisticRegression,Linear,pairwise,26,0.145584882,2743,645,4,42,{'clf__C': np.float64(0.001267425589893723)}
LogisticRegression,Linear,hypergraph,26,0.21751341,2743,645,8,42,{'clf__C': np.float64(0.001267425589893723)}
LogisticRegression,Linear,hb_graph,26,0.269460518,2743,645,14,42,{'clf__C': np.float64(4.5705630998014515)}
LogisticRegression,Linear,pairwise,27,0.153085581,2701,687,4,42,{'clf__C': np.float64(0.008111941985431923)}
LogisticRegression,Linear,hypergraph,27,0.265603138,2701,687,8,42,{'clf__C': np.float64(3.4702669886504163)}
LogisticRegression,Linear,hb_graph,27,0.250279336,2701,687,14,42,{'clf__C': np.float64(0.006026889128682512)}
LogisticRegression,Linear,pairwise,28,0.119094937,2751,637,4,42,{'clf__C': np.float64(0.001267425589893723)}
LogisticRegression,Linear,hypergraph,28,0.169008139,2751,637,8,42,{'clf__C': np.float64(14.528246637516036)}
LogisticRegression,Linear,hb_graph,28,0.179224352,2751,637,14,42,{'clf__C': np.float64(56.69849511478853)}
LogisticRegression,Linear,pairwise,29,0.138785495,2656,732,4,42,{'clf__C': np.float64(0.001267425589893723)}
LogisticRegression,Linear,hypergraph,29,0.133969576,2656,732,8,42,{'clf__C': np.float64(56.69849511478853)}
LogisticRegression,Linear,hb_graph,29,0.148960186,2656,732,14,42,{'clf__C': np.float64(4.5705630998014515)}
LogisticRegression,Linear,pairwise,30,0.180627499,2698,690,4,42,{'clf__C': np.float64(0.001267425589893723)}
LogisticRegression,Linear,hypergraph,30,0.245858966,2698,690,8,42,{'clf__C': np.float64(4.5705630998014515)}
LogisticRegression,Linear,hb_graph,30,0.202131837,2698,690,14,42,{'clf__C': np.float64(0.011526449540315618)}
LogisticRegression,Linear,pairwise,31,0.187891478,2756,632,4,42,{'clf__C': np.float64(0.001267425589893723)}
LogisticRegression,Linear,hypergraph,31,0.193956129,2756,632,8,42,{'clf__C': np.float64(70.72114131472235)}
LogisticRegression,Linear,hb_graph,31,0.171069278,2756,632,14,42,{'clf__C': np.float64(0.0745934328572655)}
LogisticRegression,Linear,pairwise,32,0.215789968,2696,692,4,42,{'clf__C': np.float64(0.001267425589893723)}
LogisticRegression,Linear,hypergraph,32,0.270775769,2696,692,8,42,{'clf__C': np.float64(56.69849511478853)}
LogisticRegression,Linear,hb_graph,32,0.264470854,2696,692,14,42,{'clf__C': np.float64(0.4205156450913872)}
LogisticRegression,Linear,pairwise,33,0.140689647,2771,617,4,42,{'clf__C': np.float64(0.001267425589893723)}
LogisticRegression,Linear,hypergraph,33,0.295762287,2771,617,8,42,{'clf__C': np.float64(3.4702669886504163)}
LogisticRegression,Linear,hb_graph,33,0.290959085,2771,617,14,42,{'clf__C': np.float64(70.72114131472235)}
LogisticRegression,Linear,pairwise,34,0.214263227,2726,662,4,42,{'clf__C': np.float64(0.001267425589893723)}
LogisticRegression,Linear,hypergraph,34,0.288254903,2726,662,8,42,{'clf__C': np.float64(0.0019517224641449498)}
LogisticRegression,Linear,hb_graph,34,0.362311995,2726,662,14,42,{'clf__C': np.float64(4.5705630998014515)}
LogisticRegression,Linear,pairwise,35,0.132459961,2747,641,4,42,{'clf__C': np.float64(0.001267425589893723)}
LogisticRegression,Linear,hypergraph,35,0.174886731,2747,641,8,42,{'clf__C': np.float64(70.72114131472235)}
LogisticRegression,Linear,hb_graph,35,0.198245122,2747,641,14,42,{'clf__C': np.float64(0.14445251022763064)}
LogisticRegression,Linear,pairwise,36,0.146061447,2735,653,4,42,{'clf__C': np.float64(0.001267425589893723)}
LogisticRegression,Linear,hypergraph,36,0.188039581,2735,653,8,42,{'clf__C': np.float64(1.0129197956845732)}
LogisticRegression,Linear,hb_graph,36,0.189012177,2735,653,14,42,{'clf__C': np.float64(56.69849511478853)}
LogisticRegression,Linear,pairwise,37,0.164371937,2763,625,4,42,{'clf__C': np.float64(0.001267425589893723)}
LogisticRegression,Linear,hypergraph,37,0.280173824,2763,625,8,42,{'clf__C': np.float64(0.9846738873614566)}
LogisticRegression,Linear,hb_graph,37,0.249804402,2763,625,14,42,{'clf__C': np.float64(0.0745934328572655)}
LogisticRegression,Linear,pairwise,38,0.117765771,2713,675,4,42,{'clf__C': np.float64(0.001267425589893723)}
LogisticRegression,Linear,hypergraph,38,0.205609305,2713,675,8,42,{'clf__C': np.float64(56.69849511478853)}
LogisticRegression,Linear,hb_graph,38,0.2202438,2713,675,14,42,{'clf__C': np.float64(14.528246637516036)}
LogisticRegression,Linear,pairwise,39,0.210145608,2807,581,4,42,{'clf__C': np.float64(0.001267425589893723)}
LogisticRegression,Linear,hypergraph,39,0.181796443,2807,581,8,42,{'clf__C': np.float64(0.001267425589893723)}
LogisticRegression,Linear,hb_graph,39,0.219219551,2807,581,14,42,{'clf__C': np.float64(0.14445251022763064)}
LogisticRegression,Linear,pairwise,40,0.101208132,2756,632,4,42,{'clf__C': np.float64(0.001267425589893723)}
LogisticRegression,Linear,hypergraph,40,0.208176259,2756,632,8,42,{'clf__C': np.float64(14.528246637516036)}
LogisticRegression,Linear,hb_graph,40,0.209431374,2756,632,14,42,{'clf__C': np.float64(0.0019517224641449498)}
LogisticRegression,Linear,pairwise,41,0.138459465,2733,655,4,42,{'clf__C': np.float64(0.001267425589893723)}
LogisticRegression,Linear,hypergraph,41,0.20819523,2733,655,8,42,{'clf__C': np.float64(1.0129197956845732)}
LogisticRegression,Linear,hb_graph,41,0.206979001,2733,655,14,42,{'clf__C': np.float64(3.4702669886504163)}
LogisticRegression,Linear,pairwise,42,0.177799164,2737,651,4,42,{'clf__C': np.float64(0.001267425589893723)}
LogisticRegression,Linear,hypergraph,42,0.223477076,2737,651,8,42,{'clf__C': np.float64(4.5705630998014515)}
LogisticRegression,Linear,hb_graph,42,0.242553498,2737,651,14,42,{'clf__C': np.float64(21.42302175774105)}
LogisticRegression,Linear,pairwise,43,0.163213546,2665,723,4,42,{'clf__C': np.float64(0.001267425589893723)}
LogisticRegression,Linear,hypergraph,43,0.197186305,2665,723,8,42,{'clf__C': np.float64(0.001267425589893723)}
LogisticRegression,Linear,hb_graph,43,0.222206882,2665,723,14,42,{'clf__C': np.float64(0.001267425589893723)}
LogisticRegression,Linear,pairwise,44,0.179175547,2773,615,4,42,{'clf__C': np.float64(0.001267425589893723)}
LogisticRegression,Linear,hypergraph,44,0.226088853,2773,615,8,42,{'clf__C': np.float64(0.9846738873614566)}
LogisticRegression,Linear,hb_graph,44,0.259471887,2773,615,14,42,{'clf__C': np.float64(21.42302175774105)}
LogisticRegression,Linear,pairwise,45,0.164398813,2729,659,4,42,{'clf__C': np.float64(0.001267425589893723)}
LogisticRegression,Linear,hypergraph,45,0.227508962,2729,659,8,42,{'clf__C': np.float64(1.0129197956845732)}
LogisticRegression,Linear,hb_graph,45,0.217545095,2729,659,14,42,{'clf__C': np.float64(70.72114131472235)}
LogisticRegression,Linear,pairwise,46,0.2314559,2738,650,4,42,{'clf__C': np.float64(0.001267425589893723)}
LogisticRegression,Linear,hypergraph,46,0.241834719,2738,650,8,42,{'clf__C': np.float64(0.008260808399079604)}
LogisticRegression,Linear,hb_graph,46,0.260704284,2738,650,14,42,{'clf__C': np.float64(0.0019517224641449498)}
LogisticRegression,Linear,pairwise,47,0.139035015,2598,790,4,42,{'clf__C': np.float64(0.001267425589893723)}
LogisticRegression,Linear,hypergraph,47,0.209744973,2598,790,8,42,{'clf__C': np.float64(0.001267425589893723)}
LogisticRegression,Linear,hb_graph,47,0.216000239,2598,790,14,42,{'clf__C': np.float64(0.0019517224641449498)}
LogisticRegression,Linear,pairwise,48,0.164508407,2775,613,4,42,{'clf__C': np.float64(0.001267425589893723)}
LogisticRegression,Linear,hypergraph,48,0.181988484,2775,613,8,42,{'clf__C': np.float64(0.9846738873614566)}
LogisticRegression,Linear,hb_graph,48,0.221392394,2775,613,14,42,{'clf__C': np.float64(1.0129197956845732)}
LogisticRegression,Linear,pairwise,49,0.112062657,2759,629,4,42,{'clf__C': np.float64(0.001267425589893723)}
LogisticRegression,Linear,hypergraph,49,0.18896204,2759,629,8,42,{'clf__C': np.float64(0.001267425589893723)}
LogisticRegression,Linear,hb_graph,49,0.271056886,2759,629,14,42,{'clf__C': np.float64(70.72114131472235)}
LogisticRegression,Linear,pairwise,50,0.127709148,2802,586,4,42,{'clf__C': np.float64(0.001267425589893723)}
LogisticRegression,Linear,hypergraph,50,0.120591824,2802,586,8,42,{'clf__C': np.float64(56.69849511478853)}
LogisticRegression,Linear,hb_graph,50,0.134173446,2802,586,14,42,{'clf__C': np.float64(3.4702669886504163)}
RBF-SVM,Kernel,pairwise,1,0.166111026,2701,687,4,42,"{'clf__C': 1, 'clf__gamma': 1}"
RBF-SVM,Kernel,hypergraph,1,0.215551901,2701,687,8,42,"{'clf__C': 0.1, 'clf__gamma': 0.1}"
RBF-SVM,Kernel,hb_graph,1,0.226654443,2701,687,14,42,"{'clf__C': 1, 'clf__gamma': 0.001}"
RBF-SVM,Kernel,pairwise,2,0.188230132,2673,715,4,42,"{'clf__C': 1, 'clf__gamma': 1}"
RBF-SVM,Kernel,hypergraph,2,0.255688309,2673,715,8,42,"{'clf__C': 1, 'clf__gamma': 0.1}"
RBF-SVM,Kernel,hb_graph,2,0.181418014,2673,715,14,42,"{'clf__C': 0.1, 'clf__gamma': 0.01}"
RBF-SVM,Kernel,pairwise,3,0.212366533,2665,723,4,42,"{'clf__C': 0.1, 'clf__gamma': 1}"
RBF-SVM,Kernel,hypergraph,3,0.237385874,2665,723,8,42,"{'clf__C': 1, 'clf__gamma': 'scale'}"
RBF-SVM,Kernel,hb_graph,3,0.199280456,2665,723,14,42,"{'clf__C': 1, 'clf__gamma': 0.001}"
RBF-SVM,Kernel,pairwise,4,0.153372199,2749,639,4,42,"{'clf__C': 1000, 'clf__gamma': 0.1}"
RBF-SVM,Kernel,hypergraph,4,0.180365035,2749,639,8,42,"{'clf__C': 100, 'clf__gamma': 'scale'}"
RBF-SVM,Kernel,hb_graph,4,0.267915036,2749,639,14,42,"{'clf__C': 1000, 'clf__gamma': 'scale'}"
RBF-SVM,Kernel,pairwise,5,0.395963917,2757,631,4,42,"{'clf__C': 100, 'clf__gamma': 0.1}"
RBF-SVM,Kernel,hypergraph,5,0.187579055,2757,631,8,42,"{'clf__C': 10, 'clf__gamma': 0.001}"
RBF-SVM,Kernel,hb_graph,5,0.180735031,2757,631,14,42,"{'clf__C': 0.1, 'clf__gamma': 'scale'}"
RBF-SVM,Kernel,pairwise,6,0.1929282,2682,706,4,42,"{'clf__C': 1000, 'clf__gamma': 0.1}"
RBF-SVM,Kernel,hypergraph,6,0.303140989,2682,706,8,42,"{'clf__C': 0.1, 'clf__gamma': 0.1}"
RBF-SVM,Kernel,hb_graph,6,0.298417442,2682,706,14,42,"{'clf__C': 1, 'clf__gamma': 0.001}"
RBF-SVM,Kernel,pairwise,7,0.14307772,2760,628,4,42,"{'clf__C': 1000, 'clf__gamma': 0.1}"
RBF-SVM,Kernel,hypergraph,7,0.333546344,2760,628,8,42,"{'clf__C': 100, 'clf__gamma': 'scale'}"
RBF-SVM,Kernel,hb_graph,7,0.379443201,2760,628,14,42,"{'clf__C': 1, 'clf__gamma': 'scale'}"
RBF-SVM,Kernel,pairwise,8,0.16381131,2764,624,4,42,"{'clf__C': 1000, 'clf__gamma': 0.1}"
RBF-SVM,Kernel,hypergraph,8,0.234518977,2764,624,8,42,"{'clf__C': 100, 'clf__gamma': 'scale'}"
RBF-SVM,Kernel,hb_graph,8,0.411790375,2764,624,14,42,"{'clf__C': 0.1, 'clf__gamma': 'scale'}"
RBF-SVM,Kernel,pairwise,9,0.110673005,2748,640,4,42,"{'clf__C': 1000, 'clf__gamma': 0.1}"
RBF-SVM,Kernel,hypergraph,9,0.142718028,2748,640,8,42,"{'clf__C': 1000, 'clf__gamma': 0.01}"
RBF-SVM,Kernel,hb_graph,9,0.133162323,2748,640,14,42,"{'clf__C': 1000, 'clf__gamma': 'scale'}"
RBF-SVM,Kernel,pairwise,10,0.374128607,2696,692,4,42,"{'clf__C': 1, 'clf__gamma': 1}"
RBF-SVM,Kernel,hypergraph,10,0.258859007,2696,692,8,42,"{'clf__C': 1000, 'clf__gamma': 'scale'}"
RBF-SVM,Kernel,hb_graph,10,0.237526057,2696,692,14,42,"{'clf__C': 1, 'clf__gamma': 0.001}"
RBF-SVM,Kernel,pairwise,11,0.124661578,2801,587,4,42,"{'clf__C': 1, 'clf__gamma': 1}"
RBF-SVM,Kernel,hypergraph,11,0.258809515,2801,587,8,42,"{'clf__C': 100, 'clf__gamma': 'scale'}"
RBF-SVM,Kernel,hb_graph,11,0.29380532,2801,587,14,42,"{'clf__C': 1, 'clf__gamma': 0.01}"
RBF-SVM,Kernel,pairwise,12,0.171415479,2740,648,4,42,"{'clf__C': 1000, 'clf__gamma': 0.1}"
RBF-SVM,Kernel,hypergraph,12,0.253374275,2740,648,8,42,"{'clf__C': 1000, 'clf__gamma': 0.01}"
RBF-SVM,Kernel,hb_graph,12,0.24767071,2740,648,14,42,"{'clf__C': 0.1, 'clf__gamma': 0.01}"
RBF-SVM,Kernel,pairwise,13,0.162469412,2636,752,4,42,"{'clf__C': 100, 'clf__gamma': 0.1}"
RBF-SVM,Kernel,hypergraph,13,0.216738715,2636,752,8,42,"{'clf__C': 1, 'clf__gamma': 0.1}"
RBF-SVM,Kernel,hb_graph,13,0.161551615,2636,752,14,42,"{'clf__C': 1, 'clf__gamma': 0.1}"
RBF-SVM,Kernel,pairwise,14,0.267930076,2706,682,4,42,"{'clf__C': 1000, 'clf__gamma': 0.1}"
RBF-SVM,Kernel,hypergraph,14,0.369381833,2706,682,8,42,"{'clf__C': 100, 'clf__gamma': 'scale'}"
RBF-SVM,Kernel,hb_graph,14,0.335225933,2706,682,14,42,"{'clf__C': 10, 'clf__gamma': 0.001}"
RBF-SVM,Kernel,pairwise,15,0.261678454,2684,704,4,42,"{'clf__C': 1000, 'clf__gamma': 0.1}"
RBF-SVM,Kernel,hypergraph,15,0.355589622,2684,704,8,42,"{'clf__C': 10, 'clf__gamma': 0.001}"
RBF-SVM,Kernel,hb_graph,15,0.384629264,2684,704,14,42,"{'clf__C': 0.1, 'clf__gamma': 'scale'}"
RBF-SVM,Kernel,pairwise,16,0.166286793,2673,715,4,42,"{'clf__C': 10, 'clf__gamma': 1}"
RBF-SVM,Kernel,hypergraph,16,0.17736889,2673,715,8,42,"{'clf__C': 10, 'clf__gamma': 0.1}"
RBF-SVM,Kernel,hb_graph,16,0.170289124,2673,715,14,42,"{'clf__C': 0.1, 'clf__gamma': 'scale'}"
RBF-SVM,Kernel,pairwise,17,0.142421561,2667,721,4,42,"{'clf__C': 1, 'clf__gamma': 1}"
RBF-SVM,Kernel,hypergraph,17,0.240169848,2667,721,8,42,"{'clf__C': 1, 'clf__gamma': 0.1}"
RBF-SVM,Kernel,hb_graph,17,0.138537576,2667,721,14,42,"{'clf__C': 0.1, 'clf__gamma': 'scale'}"
RBF-SVM,Kernel,pairwise,18,0.143994929,2728,660,4,42,"{'clf__C': 0.1, 'clf__gamma': 1}"
RBF-SVM,Kernel,hypergraph,18,0.182610655,2728,660,8,42,"{'clf__C': 0.1, 'clf__gamma': 0.1}"
RBF-SVM,Kernel,hb_graph,18,0.136646695,2728,660,14,42,"{'clf__C': 0.1, 'clf__gamma': 0.01}"
RBF-SVM,Kernel,pairwise,19,0.264777709,2791,597,4,42,"{'clf__C': 10, 'clf__gamma': 1}"
RBF-SVM,Kernel,hypergraph,19,0.27007752,2791,597,8,42,"{'clf__C': 1, 'clf__gamma': 'scale'}"
RBF-SVM,Kernel,hb_graph,19,0.233981532,2791,597,14,42,"{'clf__C': 0.1, 'clf__gamma': 0.01}"
RBF-SVM,Kernel,pairwise,20,0.170889781,2672,716,4,42,"{'clf__C': 1, 'clf__gamma': 1}"
RBF-SVM,Kernel,hypergraph,20,0.293106408,2672,716,8,42,"{'clf__C': 100, 'clf__gamma': 0.01}"
RBF-SVM,Kernel,hb_graph,20,0.296798846,2672,716,14,42,"{'clf__C': 1, 'clf__gamma': 'scale'}"
RBF-SVM,Kernel,pairwise,21,0.193482843,2738,650,4,42,"{'clf__C': 1, 'clf__gamma': 1}"
RBF-SVM,Kernel,hypergraph,21,0.320196332,2738,650,8,42,"{'clf__C': 1000, 'clf__gamma': 'scale'}"
RBF-SVM,Kernel,hb_graph,21,0.301875435,2738,650,14,42,"{'clf__C': 0.1, 'clf__gamma': 0.01}"
RBF-SVM,Kernel,pairwise,22,0.154206063,2683,705,4,42,"{'clf__C': 1, 'clf__gamma': 1}"
RBF-SVM,Kernel,hypergraph,22,0.195061398,2683,705,8,42,"{'clf__C': 100, 'clf__gamma': 'scale'}"
RBF-SVM,Kernel,hb_graph,22,0.256537141,2683,705,14,42,"{'clf__C': 0.1, 'clf__gamma': 'scale'}"
RBF-SVM,Kernel,pairwise,23,0.168974851,2689,699,4,42,"{'clf__C': 1, 'clf__gamma': 1}"
RBF-SVM,Kernel,hypergraph,23,0.23500738,2689,699,8,42,"{'clf__C': 1, 'clf__gamma': 0.1}"
RBF-SVM,Kernel,hb_graph,23,0.197937708,2689,699,14,42,"{'clf__C': 1, 'clf__gamma': 0.01}"
RBF-SVM,Kernel,pairwise,24,0.149247283,2742,646,4,42,"{'clf__C': 1, 'clf__gamma': 1}"
RBF-SVM,Kernel,hypergraph,24,0.200385547,2742,646,8,42,"{'clf__C': 100, 'clf__gamma': 0.01}"
RBF-SVM,Kernel,hb_graph,24,0.290970281,2742,646,14,42,"{'clf__C': 0.1, 'clf__gamma': 'scale'}"
RBF-SVM,Kernel,pairwise,25,0.428172245,2736,652,4,42,"{'clf__C': 1, 'clf__gamma': 1}"
RBF-SVM,Kernel,hypergraph,25,0.248505308,2736,652,8,42,"{'clf__C': 10, 'clf__gamma': 0.001}"
RBF-SVM,Kernel,hb_graph,25,0.300720797,2736,652,14,42,"{'clf__C': 10, 'clf__gamma': 0.001}"
RBF-SVM,Kernel,pairwise,26,0.401694383,2743,645,4,42,"{'clf__C': 100, 'clf__gamma': 0.1}"
RBF-SVM,Kernel,hypergraph,26,0.516463481,2743,645,8,42,"{'clf__C': 1000, 'clf__gamma': 'scale'}"
RBF-SVM,Kernel,hb_graph,26,0.326010986,2743,645,14,42,"{'clf__C': 0.1, 'clf__gamma': 'scale'}"
RBF-SVM,Kernel,pairwise,27,0.202934435,2701,687,4,42,"{'clf__C': 0.1, 'clf__gamma': 1}"
RBF-SVM,Kernel,hypergraph,27,0.359017831,2701,687,8,42,"{'clf__C': 100, 'clf__gamma': 'scale'}"
RBF-SVM,Kernel,hb_graph,27,0.362378431,2701,687,14,42,"{'clf__C': 0.1, 'clf__gamma': 'scale'}"
RBF-SVM,Kernel,pairwise,28,0.158670549,2751,637,4,42,"{'clf__C': 0.1, 'clf__gamma': 1}"
RBF-SVM,Kernel,hypergraph,28,0.166700205,2751,637,8,42,"{'clf__C': 0.1, 'clf__gamma': 0.1}"
RBF-SVM,Kernel,hb_graph,28,0.267308793,2751,637,14,42,"{'clf__C': 0.1, 'clf__gamma': 'scale'}"
RBF-SVM,Kernel,pairwise,29,0.175246395,2656,732,4,42,"{'clf__C': 1, 'clf__gamma': 1}"
RBF-SVM,Kernel,hypergraph,29,0.183070696,2656,732,8,42,"{'clf__C': 1, 'clf__gamma': 0.1}"
RBF-SVM,Kernel,hb_graph,29,0.214393222,2656,732,14,42,"{'clf__C': 10, 'clf__gamma': 0.01}"
RBF-SVM,Kernel,pairwise,30,0.195096344,2698,690,4,42,"{'clf__C': 1000, 'clf__gamma': 'scale'}"
RBF-SVM,Kernel,hypergraph,30,0.197458988,2698,690,8,42,"{'clf__C': 1000, 'clf__gamma': 'scale'}"
RBF-SVM,Kernel,hb_graph,30,0.197192867,2698,690,14,42,"{'clf__C': 1000, 'clf__gamma': 'scale'}"
RBF-SVM,Kernel,pairwise,31,0.217499057,2756,632,4,42,"{'clf__C': 0.1, 'clf__gamma': 1}"
RBF-SVM,Kernel,hypergraph,31,0.199053976,2756,632,8,42,"{'clf__C': 0.1, 'clf__gamma': 0.1}"
RBF-SVM,Kernel,hb_graph,31,0.170138764,2756,632,14,42,"{'clf__C': 1, 'clf__gamma': 'scale'}"
RBF-SVM,Kernel,pairwise,32,0.173219059,2696,692,4,42,"{'clf__C': 10, 'clf__gamma': 1}"
RBF-SVM,Kernel,hypergraph,32,0.32631172,2696,692,8,42,"{'clf__C': 10, 'clf__gamma': 0.001}"
RBF-SVM,Kernel,hb_graph,32,0.261992879,2696,692,14,42,"{'clf__C': 0.1, 'clf__gamma': 'scale'}"
RBF-SVM,Kernel,pairwise,33,0.15437776,2771,617,4,42,"{'clf__C': 10, 'clf__gamma': 1}"
RBF-SVM,Kernel,hypergraph,33,0.218698483,2771,617,8,42,"{'clf__C': 10, 'clf__gamma': 0.1}"
RBF-SVM,Kernel,hb_graph,33,0.29308751,2771,617,14,42,"{'clf__C': 10, 'clf__gamma': 0.001}"
RBF-SVM,Kernel,pairwise,34,0.272631431,2726,662,4,42,"{'clf__C': 1000, 'clf__gamma': 0.1}"
RBF-SVM,Kernel,hypergraph,34,0.390639928,2726,662,8,42,"{'clf__C': 10, 'clf__gamma': 0.001}"
RBF-SVM,Kernel,hb_graph,34,0.337581012,2726,662,14,42,"{'clf__C': 0.1, 'clf__gamma': 'scale'}"
RBF-SVM,Kernel,pairwise,35,0.201791496,2747,641,4,42,"{'clf__C': 1000, 'clf__gamma': 0.1}"
RBF-SVM,Kernel,hypergraph,35,0.248629997,2747,641,8,42,"{'clf__C': 1000, 'clf__gamma': 0.01}"
RBF-SVM,Kernel,hb_graph,35,0.258249696,2747,641,14,42,"{'clf__C': 0.1, 'clf__gamma': 'scale'}"
RBF-SVM,Kernel,pairwise,36,0.214685443,2735,653,4,42,"{'clf__C': 100, 'clf__gamma': 0.1}"
RBF-SVM,Kernel,hypergraph,36,0.321182789,2735,653,8,42,"{'clf__C': 100, 'clf__gamma': 'scale'}"
RBF-SVM,Kernel,hb_graph,36,0.299251987,2735,653,14,42,"{'clf__C': 0.1, 'clf__gamma': 'scale'}"
RBF-SVM,Kernel,pairwise,37,0.138176536,2763,625,4,42,"{'clf__C': 1000, 'clf__gamma': 0.1}"
RBF-SVM,Kernel,hypergraph,37,0.216909027,2763,625,8,42,"{'clf__C': 1000, 'clf__gamma': 'scale'}"
RBF-SVM,Kernel,hb_graph,37,0.282476847,2763,625,14,42,"{'clf__C': 0.1, 'clf__gamma': 'scale'}"
RBF-SVM,Kernel,pairwise,38,0.426244658,2713,675,4,42,"{'clf__C': 1, 'clf__gamma': 1}"
RBF-SVM,Kernel,hypergraph,38,0.289543129,2713,675,8,42,"{'clf__C': 100, 'clf__gamma': 0.001}"
RBF-SVM,Kernel,hb_graph,38,0.236458443,2713,675,14,42,"{'clf__C': 1, 'clf__gamma': 0.001}"
RBF-SVM,Kernel,pairwise,39,0.180973057,2807,581,4,42,"{'clf__C': 1000, 'clf__gamma': 0.1}"
RBF-SVM,Kernel,hypergraph,39,0.22672883,2807,581,8,42,"{'clf__C': 100, 'clf__gamma': 0.01}"
RBF-SVM,Kernel,hb_graph,39,0.288284817,2807,581,14,42,"{'clf__C': 0.1, 'clf__gamma': 0.01}"
RBF-SVM,Kernel,pairwise,40,0.159329397,2756,632,4,42,"{'clf__C': 1000, 'clf__gamma': 'scale'}"
RBF-SVM,Kernel,hypergraph,40,0.322222076,2756,632,8,42,"{'clf__C': 10, 'clf__gamma': 0.1}"
RBF-SVM,Kernel,hb_graph,40,0.358491048,2756,632,14,42,"{'clf__C': 0.1, 'clf__gamma': 0.01}"
RBF-SVM,Kernel,pairwise,41,0.197557059,2733,655,4,42,"{'clf__C': 1000, 'clf__gamma': 0.1}"
RBF-SVM,Kernel,hypergraph,41,0.388386257,2733,655,8,42,"{'clf__C': 100, 'clf__gamma': 0.01}"
RBF-SVM,Kernel,hb_graph,41,0.244387334,2733,655,14,42,"{'clf__C': 1, 'clf__gamma': 'scale'}"
RBF-SVM,Kernel,pairwise,42,0.236794301,2737,651,4,42,"{'clf__C': 1000, 'clf__gamma': 0.1}"
RBF-SVM,Kernel,hypergraph,42,0.259828052,2737,651,8,42,"{'clf__C': 100, 'clf__gamma': 'scale'}"
RBF-SVM,Kernel,hb_graph,42,0.297135551,2737,651,14,42,"{'clf__C': 1, 'clf__gamma': 'scale'}"
RBF-SVM,Kernel,pairwise,43,0.167688474,2665,723,4,42,"{'clf__C': 1, 'clf__gamma': 1}"
RBF-SVM,Kernel,hypergraph,43,0.274512848,2665,723,8,42,"{'clf__C': 1, 'clf__gamma': 0.1}"
RBF-SVM,Kernel,hb_graph,43,0.24704678,2665,723,14,42,"{'clf__C': 10, 'clf__gamma': 0.01}"
RBF-SVM,Kernel,pairwise,44,0.244267513,2773,615,4,42,"{'clf__C': 1, 'clf__gamma': 1}"
RBF-SVM,Kernel,hypergraph,44,0.235381039,2773,615,8,42,"{'clf__C': 0.1, 'clf__gamma': 0.1}"
RBF-SVM,Kernel,hb_graph,44,0.330832995,2773,615,14,42,"{'clf__C': 0.1, 'clf__gamma': 'scale'}"
RBF-SVM,Kernel,pairwise,45,0.199265637,2729,659,4,42,"{'clf__C': 10, 'clf__gamma': 1}"
RBF-SVM,Kernel,hypergraph,45,0.222828484,2729,659,8,42,"{'clf__C': 1000, 'clf__gamma': 0.01}"
RBF-SVM,Kernel,hb_graph,45,0.381331018,2729,659,14,42,"{'clf__C': 0.1, 'clf__gamma': 'scale'}"
RBF-SVM,Kernel,pairwise,46,0.164796001,2738,650,4,42,"{'clf__C': 1000, 'clf__gamma': 0.1}"
RBF-SVM,Kernel,hypergraph,46,0.276034729,2738,650,8,42,"{'clf__C': 100, 'clf__gamma': 'scale'}"
RBF-SVM,Kernel,hb_graph,46,0.330698071,2738,650,14,42,"{'clf__C': 0.1, 'clf__gamma': 'scale'}"
RBF-SVM,Kernel,pairwise,47,0.155062897,2598,790,4,42,"{'clf__C': 1, 'clf__gamma': 1}"
RBF-SVM,Kernel,hypergraph,47,0.202643919,2598,790,8,42,"{'clf__C': 10, 'clf__gamma': 0.1}"
RBF-SVM,Kernel,hb_graph,47,0.235648703,2598,790,14,42,"{'clf__C': 10, 'clf__gamma': 0.01}"
RBF-SVM,Kernel,pairwise,48,0.261331148,2775,613,4,42,"{'clf__C': 1000, 'clf__gamma': 0.1}"
RBF-SVM,Kernel,hypergraph,48,0.24750564,2775,613,8,42,"{'clf__C': 10, 'clf__gamma': 0.001}"
RBF-SVM,Kernel,hb_graph,48,0.295988633,2775,613,14,42,"{'clf__C': 0.1, 'clf__gamma': 'scale'}"
RBF-SVM,Kernel,pairwise,49,0.326172829,2759,629,4,42,"{'clf__C': 1000, 'clf__gamma': 0.1}"
RBF-SVM,Kernel,hypergraph,49,0.23684477,2759,629,8,42,"{'clf__C': 1000, 'clf__gamma': 0.01}"
RBF-SVM,Kernel,hb_graph,49,0.25374181,2759,629,14,42,"{'clf__C': 0.1, 'clf__gamma': 'scale'}"
RBF-SVM,Kernel,pairwise,50,0.131528199,2802,586,4,42,"{'clf__C': 1, 'clf__gamma': 1}"
RBF-SVM,Kernel,hypergraph,50,0.24012594,2802,586,8,42,"{'clf__C': 100, 'clf__gamma': 'scale'}"
RBF-SVM,Kernel,hb_graph,50,0.200879723,2802,586,14,42,"{'clf__C': 0.1, 'clf__gamma': 'scale'}"
MLP,Neural,pairwise,1,0.150705284,2701,687,4,42,"{'clf__alpha': np.float64(0.07852755494724252), 'clf__hidden_layer_sizes': (64, 32), 'clf__learning_rate_init': np.float64(0.0008168455894760156)}"
MLP,Neural,hypergraph,1,0.203885438,2701,687,8,42,"{'clf__alpha': np.float64(1.1299516083106613e-05), 'clf__hidden_layer_sizes': (64,), 'clf__learning_rate_init': np.float64(0.00853618986286683)}"
MLP,Neural,hb_graph,1,0.137561641,2701,687,14,42,"{'clf__alpha': np.float64(4.207053950287933e-05), 'clf__hidden_layer_sizes': (64, 32), 'clf__learning_rate_init': np.float64(0.0008288916866885138)}"
MLP,Neural,pairwise,2,0.135784388,2673,715,4,42,"{'clf__alpha': np.float64(0.013826232179369865), 'clf__hidden_layer_sizes': (64, 32), 'clf__learning_rate_init': np.float64(0.0005820013372709848)}"
MLP,Neural,hypergraph,2,0.255234773,2673,715,8,42,"{'clf__alpha': np.float64(0.00021618942406574428), 'clf__hidden_layer_sizes': (128, 64), 'clf__learning_rate_init': np.float64(0.0026070247583707662)}"
MLP,Neural,hb_graph,2,0.258364842,2673,715,14,42,"{'clf__alpha': np.float64(1.2087541473056957e-05), 'clf__hidden_layer_sizes': (128,), 'clf__learning_rate_init': np.float64(0.0027796975515266818)}"
MLP,Neural,pairwise,3,0.085179642,2665,723,4,42,"{'clf__alpha': np.float64(0.013826232179369865), 'clf__hidden_layer_sizes': (64, 32), 'clf__learning_rate_init': np.float64(0.0005820013372709848)}"
MLP,Neural,hypergraph,3,0.288206458,2665,723,8,42,"{'clf__alpha': np.float64(0.00021618942406574428), 'clf__hidden_layer_sizes': (128, 64), 'clf__learning_rate_init': np.float64(0.0026070247583707662)}"
MLP,Neural,hb_graph,3,0.2116108,2665,723,14,42,"{'clf__alpha': np.float64(0.00021618942406574428), 'clf__hidden_layer_sizes': (128, 64), 'clf__learning_rate_init': np.float64(0.0026070247583707662)}"
MLP,Neural,pairwise,4,0.152719059,2749,639,4,42,"{'clf__alpha': np.float64(4.207053950287933e-05), 'clf__hidden_layer_sizes': (64, 32), 'clf__learning_rate_init': np.float64(0.0008288916866885138)}"
MLP,Neural,hypergraph,4,0.189684984,2749,639,8,42,"{'clf__alpha': np.float64(1.1299516083106613e-05), 'clf__hidden_layer_sizes': (64,), 'clf__learning_rate_init': np.float64(0.00853618986286683)}"
MLP,Neural,hb_graph,4,0.264694908,2749,639,14,42,"{'clf__alpha': np.float64(0.00021618942406574428), 'clf__hidden_layer_sizes': (128, 64), 'clf__learning_rate_init': np.float64(0.0026070247583707662)}"
MLP,Neural,pairwise,5,0.160139332,2757,631,4,42,"{'clf__alpha': np.float64(0.07852755494724252), 'clf__hidden_layer_sizes': (64, 32), 'clf__learning_rate_init': np.float64(0.0008168455894760156)}"
MLP,Neural,hypergraph,5,0.289636772,2757,631,8,42,"{'clf__alpha': np.float64(3.077180271250682e-05), 'clf__hidden_layer_sizes': (64,), 'clf__learning_rate_init': np.float64(0.00463863097239728)}"
MLP,Neural,hb_graph,5,0.404740946,2757,631,14,42,"{'clf__alpha': np.float64(1.2087541473056957e-05), 'clf__hidden_layer_sizes': (128,), 'clf__learning_rate_init': np.float64(0.0027796975515266818)}"
MLP,Neural,pairwise,6,0.374682354,2682,706,4,42,"{'clf__alpha': np.float64(0.013826232179369865), 'clf__hidden_layer_sizes': (64, 32), 'clf__learning_rate_init': np.float64(0.0005820013372709848)}"
MLP,Neural,hypergraph,6,0.443855312,2682,706,8,42,"{'clf__alpha': np.float64(5.415244119402538e-05), 'clf__hidden_layer_sizes': (128, 64), 'clf__learning_rate_init': np.float64(0.001672269700618367)}"
MLP,Neural,hb_graph,6,0.363893499,2682,706,14,42,"{'clf__alpha': np.float64(4.207053950287933e-05), 'clf__hidden_layer_sizes': (64, 32), 'clf__learning_rate_init': np.float64(0.0008288916866885138)}"
MLP,Neural,pairwise,7,0.340861279,2760,628,4,42,"{'clf__alpha': np.float64(0.013826232179369865), 'clf__hidden_layer_sizes': (64, 32), 'clf__learning_rate_init': np.float64(0.0005820013372709848)}"
MLP,Neural,hypergraph,7,0.496757506,2760,628,8,42,"{'clf__alpha': np.float64(0.00021618942406574428), 'clf__hidden_layer_sizes': (128, 64), 'clf__learning_rate_init': np.float64(0.0026070247583707662)}"
MLP,Neural,hb_graph,7,0.465295458,2760,628,14,42,"{'clf__alpha': np.float64(0.00021618942406574428), 'clf__hidden_layer_sizes': (128, 64), 'clf__learning_rate_init': np.float64(0.0026070247583707662)}"
MLP,Neural,pairwise,8,0.07612493,2764,624,4,42,"{'clf__alpha': np.float64(4.207053950287933e-05), 'clf__hidden_layer_sizes': (64, 32), 'clf__learning_rate_init': np.float64(0.0008288916866885138)}"
MLP,Neural,hypergraph,8,0.22410184,2764,624,8,42,"{'clf__alpha': np.float64(0.00021618942406574428), 'clf__hidden_layer_sizes': (128, 64), 'clf__learning_rate_init': np.float64(0.0026070247583707662)}"
MLP,Neural,hb_graph,8,0.307291958,2764,624,14,42,"{'clf__alpha': np.float64(1.2087541473056957e-05), 'clf__hidden_layer_sizes': (128,), 'clf__learning_rate_init': np.float64(0.0027796975515266818)}"
MLP,Neural,pairwise,9,0.087513479,2748,640,4,42,"{'clf__alpha': np.float64(0.013826232179369865), 'clf__hidden_layer_sizes': (64, 32), 'clf__learning_rate_init': np.float64(0.0005820013372709848)}"
MLP,Neural,hypergraph,9,0.201056565,2748,640,8,42,"{'clf__alpha': np.float64(0.00021618942406574428), 'clf__hidden_layer_sizes': (128, 64), 'clf__learning_rate_init': np.float64(0.0026070247583707662)}"
MLP,Neural,hb_graph,9,0.307656694,2748,640,14,42,"{'clf__alpha': np.float64(4.207053950287933e-05), 'clf__hidden_layer_sizes': (64, 32), 'clf__learning_rate_init': np.float64(0.0008288916866885138)}"
MLP,Neural,pairwise,10,0.257405995,2696,692,4,42,"{'clf__alpha': np.float64(0.07852755494724252), 'clf__hidden_layer_sizes': (64, 32), 'clf__learning_rate_init': np.float64(0.0008168455894760156)}"
MLP,Neural,hypergraph,10,0.319784096,2696,692,8,42,"{'clf__alpha': np.float64(5.415244119402538e-05), 'clf__hidden_layer_sizes': (128, 64), 'clf__learning_rate_init': np.float64(0.001672269700618367)}"
MLP,Neural,hb_graph,10,0.362890793,2696,692,14,42,"{'clf__alpha': np.float64(0.00021618942406574428), 'clf__hidden_layer_sizes': (128, 64), 'clf__learning_rate_init': np.float64(0.0026070247583707662)}"
MLP,Neural,pairwise,11,0.104755501,2801,587,4,42,"{'clf__alpha': np.float64(0.013826232179369865), 'clf__hidden_layer_sizes': (64, 32), 'clf__learning_rate_init': np.float64(0.0005820013372709848)}"
MLP,Neural,hypergraph,11,0.277972574,2801,587,8,42,"{'clf__alpha': np.float64(3.077180271250682e-05), 'clf__hidden_layer_sizes': (64,), 'clf__learning_rate_init': np.float64(0.00463863097239728)}"
MLP,Neural,hb_graph,11,0.304041544,2801,587,14,42,"{'clf__alpha': np.float64(1.1299516083106613e-05), 'clf__hidden_layer_sizes': (64,), 'clf__learning_rate_init': np.float64(0.00853618986286683)}"
MLP,Neural,pairwise,12,0.079085753,2740,648,4,42,"{'clf__alpha': np.float64(4.207053950287933e-05), 'clf__hidden_layer_sizes': (64, 32), 'clf__learning_rate_init': np.float64(0.0008288916866885138)}"
MLP,Neural,hypergraph,12,0.278564509,2740,648,8,42,"{'clf__alpha': np.float64(1.1299516083106613e-05), 'clf__hidden_layer_sizes': (64,), 'clf__learning_rate_init': np.float64(0.00853618986286683)}"
MLP,Neural,hb_graph,12,0.235390643,2740,648,14,42,"{'clf__alpha': np.float64(1.2087541473056957e-05), 'clf__hidden_layer_sizes': (128,), 'clf__learning_rate_init': np.float64(0.0027796975515266818)}"
MLP,Neural,pairwise,13,0.133036694,2636,752,4,42,"{'clf__alpha': np.float64(0.07852755494724252), 'clf__hidden_layer_sizes': (64, 32), 'clf__learning_rate_init': np.float64(0.0008168455894760156)}"
MLP,Neural,hypergraph,13,0.241324064,2636,752,8,42,"{'clf__alpha': np.float64(0.00021618942406574428), 'clf__hidden_layer_sizes': (128, 64), 'clf__learning_rate_init': np.float64(0.0026070247583707662)}"
MLP,Neural,hb_graph,13,0.20198093,2636,752,14,42,"{'clf__alpha': np.float64(5.415244119402538e-05), 'clf__hidden_layer_sizes': (128, 64), 'clf__learning_rate_init': np.float64(0.001672269700618367)}"
MLP,Neural,pairwise,14,0.237327624,2706,682,4,42,"{'clf__alpha': np.float64(0.013826232179369865), 'clf__hidden_layer_sizes': (64, 32), 'clf__learning_rate_init': np.float64(0.0005820013372709848)}"
MLP,Neural,hypergraph,14,0.523558171,2706,682,8,42,"{'clf__alpha': np.float64(0.00021618942406574428), 'clf__hidden_layer_sizes': (128, 64), 'clf__learning_rate_init': np.float64(0.0026070247583707662)}"
MLP,Neural,hb_graph,14,0.489323613,2706,682,14,42,"{'clf__alpha': np.float64(1.2087541473056957e-05), 'clf__hidden_layer_sizes': (128,), 'clf__learning_rate_init': np.float64(0.0027796975515266818)}"
MLP,Neural,pairwise,15,0.312411078,2684,704,4,42,"{'clf__alpha': np.float64(0.013826232179369865), 'clf__hidden_layer_sizes': (64, 32), 'clf__learning_rate_init': np.float64(0.0005820013372709848)}"
MLP,Neural,hypergraph,15,0.22569243,2684,704,8,42,"{'clf__alpha': np.float64(5.415244119402538e-05), 'clf__hidden_layer_sizes': (128, 64), 'clf__learning_rate_init': np.float64(0.001672269700618367)}"
MLP,Neural,hb_graph,15,0.442112069,2684,704,14,42,"{'clf__alpha': np.float64(5.415244119402538e-05), 'clf__hidden_layer_sizes': (128, 64), 'clf__learning_rate_init': np.float64(0.001672269700618367)}"
MLP,Neural,pairwise,16,0.148456104,2673,715,4,42,"{'clf__alpha': np.float64(0.013826232179369865), 'clf__hidden_layer_sizes': (64, 32), 'clf__learning_rate_init': np.float64(0.0005820013372709848)}"
MLP,Neural,hypergraph,16,0.230748043,2673,715,8,42,"{'clf__alpha': np.float64(5.415244119402538e-05), 'clf__hidden_layer_sizes': (128, 64), 'clf__learning_rate_init': np.float64(0.001672269700618367)}"
MLP,Neural,hb_graph,16,0.19092464,2673,715,14,42,"{'clf__alpha': np.float64(5.415244119402538e-05), 'clf__hidden_layer_sizes': (128, 64), 'clf__learning_rate_init': np.float64(0.001672269700618367)}"
MLP,Neural,pairwise,17,0.134713335,2667,721,4,42,"{'clf__alpha': np.float64(0.013826232179369865), 'clf__hidden_layer_sizes': (64, 32), 'clf__learning_rate_init': np.float64(0.0005820013372709848)}"
MLP,Neural,hypergraph,17,0.241241081,2667,721,8,42,"{'clf__alpha': np.float64(1.1299516083106613e-05), 'clf__hidden_layer_sizes': (64,), 'clf__learning_rate_init': np.float64(0.00853618986286683)}"
MLP,Neural,hb_graph,17,0.179837381,2667,721,14,42,"{'clf__alpha': np.float64(0.00021618942406574428), 'clf__hidden_layer_sizes': (128, 64), 'clf__learning_rate_init': np.float64(0.0026070247583707662)}"
MLP,Neural,pairwise,18,0.167919989,2728,660,4,42,"{'clf__alpha': np.float64(0.07852755494724252), 'clf__hidden_layer_sizes': (64, 32), 'clf__learning_rate_init': np.float64(0.0008168455894760156)}"
MLP,Neural,hypergraph,18,0.205979562,2728,660,8,42,"{'clf__alpha': np.float64(0.00021618942406574428), 'clf__hidden_layer_sizes': (128, 64), 'clf__learning_rate_init': np.float64(0.0026070247583707662)}"
MLP,Neural,hb_graph,18,0.207667295,2728,660,14,42,"{'clf__alpha': np.float64(0.00021618942406574428), 'clf__hidden_layer_sizes': (128, 64), 'clf__learning_rate_init': np.float64(0.0026070247583707662)}"
MLP,Neural,pairwise,19,0.191007728,2791,597,4,42,"{'clf__alpha': np.float64(0.07852755494724252), 'clf__hidden_layer_sizes': (64, 32), 'clf__learning_rate_init': np.float64(0.0008168455894760156)}"
MLP,Neural,hypergraph,19,0.323395498,2791,597,8,42,"{'clf__alpha': np.float64(3.077180271250682e-05), 'clf__hidden_layer_sizes': (64,), 'clf__learning_rate_init': np.float64(0.00463863097239728)}"
MLP,Neural,hb_graph,19,0.297165352,2791,597,14,42,"{'clf__alpha': np.float64(8.386394780402559e-05), 'clf__hidden_layer_sizes': (128, 64), 'clf__learning_rate_init': np.float64(0.0007591104805282694)}"
MLP,Neural,pairwise,20,0.080372553,2672,716,4,42,"{'clf__alpha': np.float64(0.07852755494724252), 'clf__hidden_layer_sizes': (64, 32), 'clf__learning_rate_init': np.float64(0.0008168455894760156)}"
MLP,Neural,hypergraph,20,0.376262225,2672,716,8,42,"{'clf__alpha': np.float64(1.1299516083106613e-05), 'clf__hidden_layer_sizes': (64,), 'clf__learning_rate_init': np.float64(0.00853618986286683)}"
MLP,Neural,hb_graph,20,0.293264101,2672,716,14,42,"{'clf__alpha': np.float64(0.00021618942406574428), 'clf__hidden_layer_sizes': (128, 64), 'clf__learning_rate_init': np.float64(0.0026070247583707662)}"
MLP,Neural,pairwise,21,0.24763287,2738,650,4,42,"{'clf__alpha': np.float64(0.013826232179369865), 'clf__hidden_layer_sizes': (64, 32), 'clf__learning_rate_init': np.float64(0.0005820013372709848)}"
MLP,Neural,hypergraph,21,0.32146732,2738,650,8,42,"{'clf__alpha': np.float64(0.00021618942406574428), 'clf__hidden_layer_sizes': (128, 64), 'clf__learning_rate_init': np.float64(0.0026070247583707662)}"
MLP,Neural,hb_graph,21,0.448095068,2738,650,14,42,"{'clf__alpha': np.float64(0.00021618942406574428), 'clf__hidden_layer_sizes': (128, 64), 'clf__learning_rate_init': np.float64(0.0026070247583707662)}"
MLP,Neural,pairwise,22,0.093111924,2683,705,4,42,"{'clf__alpha': np.float64(0.013826232179369865), 'clf__hidden_layer_sizes': (64, 32), 'clf__learning_rate_init': np.float64(0.0005820013372709848)}"
MLP,Neural,hypergraph,22,0.203724437,2683,705,8,42,"{'clf__alpha': np.float64(0.00021618942406574428), 'clf__hidden_layer_sizes': (128, 64), 'clf__learning_rate_init': np.float64(0.0026070247583707662)}"
MLP,Neural,hb_graph,22,0.193527326,2683,705,14,42,"{'clf__alpha': np.float64(1.2087541473056957e-05), 'clf__hidden_layer_sizes': (128,), 'clf__learning_rate_init': np.float64(0.0027796975515266818)}"
MLP,Neural,pairwise,23,0.135709046,2689,699,4,42,"{'clf__alpha': np.float64(0.013826232179369865), 'clf__hidden_layer_sizes': (64, 32), 'clf__learning_rate_init': np.float64(0.0005820013372709848)}"
MLP,Neural,hypergraph,23,0.218958962,2689,699,8,42,"{'clf__alpha': np.float64(1.1299516083106613e-05), 'clf__hidden_layer_sizes': (64,), 'clf__learning_rate_init': np.float64(0.00853618986286683)}"
MLP,Neural,hb_graph,23,0.156672566,2689,699,14,42,"{'clf__alpha': np.float64(0.07852755494724252), 'clf__hidden_layer_sizes': (64, 32), 'clf__learning_rate_init': np.float64(0.0008168455894760156)}"
MLP,Neural,pairwise,24,0.182838857,2742,646,4,42,"{'clf__alpha': np.float64(0.07852755494724252), 'clf__hidden_layer_sizes': (64, 32), 'clf__learning_rate_init': np.float64(0.0008168455894760156)}"
MLP,Neural,hypergraph,24,0.306167974,2742,646,8,42,"{'clf__alpha': np.float64(1.1299516083106613e-05), 'clf__hidden_layer_sizes': (64,), 'clf__learning_rate_init': np.float64(0.00853618986286683)}"
MLP,Neural,hb_graph,24,0.178001876,2742,646,14,42,"{'clf__alpha': np.float64(4.207053950287933e-05), 'clf__hidden_layer_sizes': (64, 32), 'clf__learning_rate_init': np.float64(0.0008288916866885138)}"
MLP,Neural,pairwise,25,0.444507269,2736,652,4,42,"{'clf__alpha': np.float64(0.013826232179369865), 'clf__hidden_layer_sizes': (64, 32), 'clf__learning_rate_init': np.float64(0.0005820013372709848)}"
MLP,Neural,hypergraph,25,0.2819408,2736,652,8,42,"{'clf__alpha': np.float64(0.00021618942406574428), 'clf__hidden_layer_sizes': (128, 64), 'clf__learning_rate_init': np.float64(0.0026070247583707662)}"
MLP,Neural,hb_graph,25,0.208849013,2736,652,14,42,"{'clf__alpha': np.float64(0.00021618942406574428), 'clf__hidden_layer_sizes': (128, 64), 'clf__learning_rate_init': np.float64(0.0026070247583707662)}"
MLP,Neural,pairwise,26,0.42259183,2743,645,4,42,"{'clf__alpha': np.float64(0.013826232179369865), 'clf__hidden_layer_sizes': (64, 32), 'clf__learning_rate_init': np.float64(0.0005820013372709848)}"
MLP,Neural,hypergraph,26,0.311133309,2743,645,8,42,"{'clf__alpha': np.float64(0.00021618942406574428), 'clf__hidden_layer_sizes': (128, 64), 'clf__learning_rate_init': np.float64(0.0026070247583707662)}"
MLP,Neural,hb_graph,26,0.260080485,2743,645,14,42,"{'clf__alpha': np.float64(0.00021618942406574428), 'clf__hidden_layer_sizes': (128, 64), 'clf__learning_rate_init': np.float64(0.0026070247583707662)}"
MLP,Neural,pairwise,27,0.202473024,2701,687,4,42,"{'clf__alpha': np.float64(4.207053950287933e-05), 'clf__hidden_layer_sizes': (64, 32), 'clf__learning_rate_init': np.float64(0.0008288916866885138)}"
MLP,Neural,hypergraph,27,0.466516399,2701,687,8,42,"{'clf__alpha': np.float64(0.00021618942406574428), 'clf__hidden_layer_sizes': (128, 64), 'clf__learning_rate_init': np.float64(0.0026070247583707662)}"
MLP,Neural,hb_graph,27,0.336408427,2701,687,14,42,"{'clf__alpha': np.float64(0.00021618942406574428), 'clf__hidden_layer_sizes': (128, 64), 'clf__learning_rate_init': np.float64(0.0026070247583707662)}"
MLP,Neural,pairwise,28,0.232971156,2751,637,4,42,"{'clf__alpha': np.float64(0.07852755494724252), 'clf__hidden_layer_sizes': (64, 32), 'clf__learning_rate_init': np.float64(0.0008168455894760156)}"
MLP,Neural,hypergraph,28,0.411332382,2751,637,8,42,"{'clf__alpha': np.float64(1.1299516083106613e-05), 'clf__hidden_layer_sizes': (64,), 'clf__learning_rate_init': np.float64(0.00853618986286683)}"
MLP,Neural,hb_graph,28,0.252467414,2751,637,14,42,"{'clf__alpha': np.float64(3.077180271250682e-05), 'clf__hidden_layer_sizes': (64,), 'clf__learning_rate_init': np.float64(0.00463863097239728)}"
MLP,Neural,pairwise,29,0.115874582,2656,732,4,42,"{'clf__alpha': np.float64(0.07852755494724252), 'clf__hidden_layer_sizes': (64, 32), 'clf__learning_rate_init': np.float64(0.0008168455894760156)}"
MLP,Neural,hypergraph,29,0.227344241,2656,732,8,42,"{'clf__alpha': np.float64(1.1299516083106613e-05), 'clf__hidden_layer_sizes': (64,), 'clf__learning_rate_init': np.float64(0.00853618986286683)}"
MLP,Neural,hb_graph,29,0.198218339,2656,732,14,42,"{'clf__alpha': np.float64(5.415244119402538e-05), 'clf__hidden_layer_sizes': (128, 64), 'clf__learning_rate_init': np.float64(0.001672269700618367)}"
MLP,Neural,pairwise,30,0.097010011,2698,690,4,42,"{'clf__alpha': np.float64(0.013826232179369865), 'clf__hidden_layer_sizes': (64, 32), 'clf__learning_rate_init': np.float64(0.0005820013372709848)}"
MLP,Neural,hypergraph,30,0.365636631,2698,690,8,42,"{'clf__alpha': np.float64(1.1299516083106613e-05), 'clf__hidden_layer_sizes': (64,), 'clf__learning_rate_init': np.float64(0.00853618986286683)}"
MLP,Neural,hb_graph,30,0.305569322,2698,690,14,42,"{'clf__alpha': np.float64(3.077180271250682e-05), 'clf__hidden_layer_sizes': (64,), 'clf__learning_rate_init': np.float64(0.00463863097239728)}"
MLP,Neural,pairwise,31,0.083139322,2756,632,4,42,"{'clf__alpha': np.float64(0.013826232179369865), 'clf__hidden_layer_sizes': (64, 32), 'clf__learning_rate_init': np.float64(0.0005820013372709848)}"
MLP,Neural,hypergraph,31,0.246052992,2756,632,8,42,"{'clf__alpha': np.float64(5.415244119402538e-05), 'clf__hidden_layer_sizes': (128, 64), 'clf__learning_rate_init': np.float64(0.001672269700618367)}"
MLP,Neural,hb_graph,31,0.155904025,2756,632,14,42,"{'clf__alpha': np.float64(1.2087541473056957e-05), 'clf__hidden_layer_sizes': (128,), 'clf__learning_rate_init': np.float64(0.0027796975515266818)}"
MLP,Neural,pairwise,32,0.093068049,2696,692,4,42,"{'clf__alpha': np.float64(0.013826232179369865), 'clf__hidden_layer_sizes': (64, 32), 'clf__learning_rate_init': np.float64(0.0005820013372709848)}"
MLP,Neural,hypergraph,32,0.260807506,2696,692,8,42,"{'clf__alpha': np.float64(1.1299516083106613e-05), 'clf__hidden_layer_sizes': (64,), 'clf__learning_rate_init': np.float64(0.00853618986286683)}"
MLP,Neural,hb_graph,32,0.289133998,2696,692,14,42,"{'clf__alpha': np.float64(0.00021618942406574428), 'clf__hidden_layer_sizes': (128, 64), 'clf__learning_rate_init': np.float64(0.0026070247583707662)}"
MLP,Neural,pairwise,33,0.264188465,2771,617,4,42,"{'clf__alpha': np.float64(0.013826232179369865), 'clf__hidden_layer_sizes': (64, 32), 'clf__learning_rate_init': np.float64(0.0005820013372709848)}"
MLP,Neural,hypergraph,33,0.324179218,2771,617,8,42,"{'clf__alpha': np.float64(1.1299516083106613e-05), 'clf__hidden_layer_sizes': (64,), 'clf__learning_rate_init': np.float64(0.00853618986286683)}"
MLP,Neural,hb_graph,33,0.347834301,2771,617,14,42,"{'clf__alpha': np.float64(1.2087541473056957e-05), 'clf__hidden_layer_sizes': (128,), 'clf__learning_rate_init': np.float64(0.0027796975515266818)}"
MLP,Neural,pairwise,34,0.223324691,2726,662,4,42,"{'clf__alpha': np.float64(4.207053950287933e-05), 'clf__hidden_layer_sizes': (64, 32), 'clf__learning_rate_init': np.float64(0.0008288916866885138)}"
MLP,Neural,hypergraph,34,0.359789036,2726,662,8,42,"{'clf__alpha': np.float64(5.415244119402538e-05), 'clf__hidden_layer_sizes': (128, 64), 'clf__learning_rate_init': np.float64(0.001672269700618367)}"
MLP,Neural,hb_graph,34,0.2985369,2726,662,14,42,"{'clf__alpha': np.float64(5.415244119402538e-05), 'clf__hidden_layer_sizes': (128, 64), 'clf__learning_rate_init': np.float64(0.001672269700618367)}"
MLP,Neural,pairwise,35,0.112811632,2747,641,4,42,"{'clf__alpha': np.float64(0.013826232179369865), 'clf__hidden_layer_sizes': (64, 32), 'clf__learning_rate_init': np.float64(0.0005820013372709848)}"
MLP,Neural,hypergraph,35,0.297667722,2747,641,8,42,"{'clf__alpha': np.float64(0.00021618942406574428), 'clf__hidden_layer_sizes': (128, 64), 'clf__learning_rate_init': np.float64(0.0026070247583707662)}"
MLP,Neural,hb_graph,35,0.295777433,2747,641,14,42,"{'clf__alpha': np.float64(0.07852755494724252), 'clf__hidden_layer_sizes': (64, 32), 'clf__learning_rate_init': np.float64(0.0008168455894760156)}"
MLP,Neural,pairwise,36,0.184165198,2735,653,4,42,"{'clf__alpha': np.float64(0.013826232179369865), 'clf__hidden_layer_sizes': (64, 32), 'clf__learning_rate_init': np.float64(0.0005820013372709848)}"
MLP,Neural,hypergraph,36,0.327881691,2735,653,8,42,"{'clf__alpha': np.float64(1.1299516083106613e-05), 'clf__hidden_layer_sizes': (64,), 'clf__learning_rate_init': np.float64(0.00853618986286683)}"
MLP,Neural,hb_graph,36,0.344373666,2735,653,14,42,"{'clf__alpha': np.float64(0.00021618942406574428), 'clf__hidden_layer_sizes': (128, 64), 'clf__learning_rate_init': np.float64(0.0026070247583707662)}"
MLP,Neural,pairwise,37,0.191576867,2763,625,4,42,"{'clf__alpha': np.float64(0.013826232179369865), 'clf__hidden_layer_sizes': (64, 32), 'clf__learning_rate_init': np.float64(0.0005820013372709848)}"
MLP,Neural,hypergraph,37,0.319321684,2763,625,8,42,"{'clf__alpha': np.float64(1.1299516083106613e-05), 'clf__hidden_layer_sizes': (64,), 'clf__learning_rate_init': np.float64(0.00853618986286683)}"
MLP,Neural,hb_graph,37,0.272390142,2763,625,14,42,"{'clf__alpha': np.float64(5.415244119402538e-05), 'clf__hidden_layer_sizes': (128, 64), 'clf__learning_rate_init': np.float64(0.001672269700618367)}"
MLP,Neural,pairwise,38,0.24810541,2713,675,4,42,"{'clf__alpha': np.float64(0.08568869785189001), 'clf__hidden_layer_sizes': (64,), 'clf__learning_rate_init': np.float64(0.00012385137298860917)}"
MLP,Neural,hypergraph,38,0.153134758,2713,675,8,42,"{'clf__alpha': np.float64(8.386394780402559e-05), 'clf__hidden_layer_sizes': (128, 64), 'clf__learning_rate_init': np.float64(0.0007591104805282694)}"
MLP,Neural,hb_graph,38,0.333458536,2713,675,14,42,"{'clf__alpha': np.float64(5.415244119402538e-05), 'clf__hidden_layer_sizes': (128, 64), 'clf__learning_rate_init': np.float64(0.001672269700618367)}"
MLP,Neural,pairwise,39,0.097431163,2807,581,4,42,"{'clf__alpha': np.float64(0.013826232179369865), 'clf__hidden_layer_sizes': (64, 32), 'clf__learning_rate_init': np.float64(0.0005820013372709848)}"
MLP,Neural,hypergraph,39,0.205551824,2807,581,8,42,"{'clf__alpha': np.float64(1.1299516083106613e-05), 'clf__hidden_layer_sizes': (64,), 'clf__learning_rate_init': np.float64(0.00853618986286683)}"
MLP,Neural,hb_graph,39,0.216888428,2807,581,14,42,"{'clf__alpha': np.float64(1.2087541473056957e-05), 'clf__hidden_layer_sizes': (128,), 'clf__learning_rate_init': np.float64(0.0027796975515266818)}"
MLP,Neural,pairwise,40,0.166462826,2756,632,4,42,"{'clf__alpha': np.float64(0.013826232179369865), 'clf__hidden_layer_sizes': (64, 32), 'clf__learning_rate_init': np.float64(0.0005820013372709848)}"
MLP,Neural,hypergraph,40,0.430137446,2756,632,8,42,"{'clf__alpha': np.float64(0.00021618942406574428), 'clf__hidden_layer_sizes': (128, 64), 'clf__learning_rate_init': np.float64(0.0026070247583707662)}"
MLP,Neural,hb_graph,40,0.405502906,2756,632,14,42,"{'clf__alpha': np.float64(0.00021618942406574428), 'clf__hidden_layer_sizes': (128, 64), 'clf__learning_rate_init': np.float64(0.0026070247583707662)}"
MLP,Neural,pairwise,41,0.135256938,2733,655,4,42,"{'clf__alpha': np.float64(0.013826232179369865), 'clf__hidden_layer_sizes': (64, 32), 'clf__learning_rate_init': np.float64(0.0005820013372709848)}"
MLP,Neural,hypergraph,41,0.326595519,2733,655,8,42,"{'clf__alpha': np.float64(1.1299516083106613e-05), 'clf__hidden_layer_sizes': (64,), 'clf__learning_rate_init': np.float64(0.00853618986286683)}"
MLP,Neural,hb_graph,41,0.242444742,2733,655,14,42,"{'clf__alpha': np.float64(0.013826232179369865), 'clf__hidden_layer_sizes': (64, 32), 'clf__learning_rate_init': np.float64(0.0005820013372709848)}"
MLP,Neural,pairwise,42,0.243038326,2737,651,4,42,"{'clf__alpha': np.float64(4.207053950287933e-05), 'clf__hidden_layer_sizes': (64, 32), 'clf__learning_rate_init': np.float64(0.0008288916866885138)}"
MLP,Neural,hypergraph,42,0.451619398,2737,651,8,42,"{'clf__alpha': np.float64(0.00021618942406574428), 'clf__hidden_layer_sizes': (128, 64), 'clf__learning_rate_init': np.float64(0.0026070247583707662)}"
MLP,Neural,hb_graph,42,0.440354664,2737,651,14,42,"{'clf__alpha': np.float64(4.207053950287933e-05), 'clf__hidden_layer_sizes': (64, 32), 'clf__learning_rate_init': np.float64(0.0008288916866885138)}"
MLP,Neural,pairwise,43,0.136268537,2665,723,4,42,"{'clf__alpha': np.float64(0.013826232179369865), 'clf__hidden_layer_sizes': (64, 32), 'clf__learning_rate_init': np.float64(0.0005820013372709848)}"
MLP,Neural,hypergraph,43,0.30310522,2665,723,8,42,"{'clf__alpha': np.float64(0.00021618942406574428), 'clf__hidden_layer_sizes': (128, 64), 'clf__learning_rate_init': np.float64(0.0026070247583707662)}"
MLP,Neural,hb_graph,43,0.233700559,2665,723,14,42,"{'clf__alpha': np.float64(0.00021618942406574428), 'clf__hidden_layer_sizes': (128, 64), 'clf__learning_rate_init': np.float64(0.0026070247583707662)}"
MLP,Neural,pairwise,44,0.208189858,2773,615,4,42,"{'clf__alpha': np.float64(0.013826232179369865), 'clf__hidden_layer_sizes': (64, 32), 'clf__learning_rate_init': np.float64(0.0005820013372709848)}"
MLP,Neural,hypergraph,44,0.304537972,2773,615,8,42,"{'clf__alpha': np.float64(5.415244119402538e-05), 'clf__hidden_layer_sizes': (128, 64), 'clf__learning_rate_init': np.float64(0.001672269700618367)}"
MLP,Neural,hb_graph,44,0.321173314,2773,615,14,42,"{'clf__alpha': np.float64(0.07852755494724252), 'clf__hidden_layer_sizes': (64, 32), 'clf__learning_rate_init': np.float64(0.0008168455894760156)}"
MLP,Neural,pairwise,45,0.167939211,2729,659,4,42,"{'clf__alpha': np.float64(0.013826232179369865), 'clf__hidden_layer_sizes': (64, 32), 'clf__learning_rate_init': np.float64(0.0005820013372709848)}"
MLP,Neural,hypergraph,45,0.341990964,2729,659,8,42,"{'clf__alpha': np.float64(1.1299516083106613e-05), 'clf__hidden_layer_sizes': (64,), 'clf__learning_rate_init': np.float64(0.00853618986286683)}"
MLP,Neural,hb_graph,45,0.300931681,2729,659,14,42,"{'clf__alpha': np.float64(1.1299516083106613e-05), 'clf__hidden_layer_sizes': (64,), 'clf__learning_rate_init': np.float64(0.00853618986286683)}"
MLP,Neural,pairwise,46,0.074002997,2738,650,4,42,"{'clf__alpha': np.float64(0.013826232179369865), 'clf__hidden_layer_sizes': (64, 32), 'clf__learning_rate_init': np.float64(0.0005820013372709848)}"
MLP,Neural,hypergraph,46,0.329803324,2738,650,8,42,"{'clf__alpha': np.float64(1.1299516083106613e-05), 'clf__hidden_layer_sizes': (64,), 'clf__learning_rate_init': np.float64(0.00853618986286683)}"
MLP,Neural,hb_graph,46,0.279212352,2738,650,14,42,"{'clf__alpha': np.float64(0.00021618942406574428), 'clf__hidden_layer_sizes': (128, 64), 'clf__learning_rate_init': np.float64(0.0026070247583707662)}"
MLP,Neural,pairwise,47,0.195047568,2598,790,4,42,"{'clf__alpha': np.float64(4.207053950287933e-05), 'clf__hidden_layer_sizes': (64, 32), 'clf__learning_rate_init': np.float64(0.0008288916866885138)}"
MLP,Neural,hypergraph,47,0.332030597,2598,790,8,42,"{'clf__alpha': np.float64(1.1299516083106613e-05), 'clf__hidden_layer_sizes': (64,), 'clf__learning_rate_init': np.float64(0.00853618986286683)}"
MLP,Neural,hb_graph,47,0.261852267,2598,790,14,42,"{'clf__alpha': np.float64(1.1299516083106613e-05), 'clf__hidden_layer_sizes': (64,), 'clf__learning_rate_init': np.float64(0.00853618986286683)}"
MLP,Neural,pairwise,48,0.246319844,2775,613,4,42,"{'clf__alpha': np.float64(4.207053950287933e-05), 'clf__hidden_layer_sizes': (64, 32), 'clf__learning_rate_init': np.float64(0.0008288916866885138)}"
MLP,Neural,hypergraph,48,0.349182011,2775,613,8,42,"{'clf__alpha': np.float64(5.415244119402538e-05), 'clf__hidden_layer_sizes': (128, 64), 'clf__learning_rate_init': np.float64(0.001672269700618367)}"
MLP,Neural,hb_graph,48,0.247568391,2775,613,14,42,"{'clf__alpha': np.float64(5.415244119402538e-05), 'clf__hidden_layer_sizes': (128, 64), 'clf__learning_rate_init': np.float64(0.001672269700618367)}"
MLP,Neural,pairwise,49,0.269291177,2759,629,4,42,"{'clf__alpha': np.float64(0.013826232179369865), 'clf__hidden_layer_sizes': (64, 32), 'clf__learning_rate_init': np.float64(0.0005820013372709848)}"
MLP,Neural,hypergraph,49,0.427988448,2759,629,8,42,"{'clf__alpha': np.float64(0.00021618942406574428), 'clf__hidden_layer_sizes': (128, 64), 'clf__learning_rate_init': np.float64(0.0026070247583707662)}"
MLP,Neural,hb_graph,49,0.402121136,2759,629,14,42,"{'clf__alpha': np.float64(5.415244119402538e-05), 'clf__hidden_layer_sizes': (128, 64), 'clf__learning_rate_init': np.float64(0.001672269700618367)}"
MLP,Neural,pairwise,50,0.085578532,2802,586,4,42,"{'clf__alpha': np.float64(4.207053950287933e-05), 'clf__hidden_layer_sizes': (64, 32), 'clf__learning_rate_init': np.float64(0.0008288916866885138)}"
MLP,Neural,hypergraph,50,0.213449025,2802,586,8,42,"{'clf__alpha': np.float64(1.1299516083106613e-05), 'clf__hidden_layer_sizes': (64,), 'clf__learning_rate_init': np.float64(0.00853618986286683)}"
MLP,Neural,hb_graph,50,0.233655223,2802,586,14,42,"{'clf__alpha': np.float64(1.1299516083106613e-05), 'clf__hidden_layer_sizes': (64,), 'clf__learning_rate_init': np.float64(0.00853618986286683)}"
RandomForest,Bagged trees,pairwise,1,0.291012567,2701,687,4,42,"{'max_depth': 5, 'min_samples_split': 5, 'n_estimators': 200}"
RandomForest,Bagged trees,hypergraph,1,0.336483248,2701,687,8,42,"{'max_depth': 5, 'min_samples_split': 5, 'n_estimators': 100}"
RandomForest,Bagged trees,hb_graph,1,0.307614487,2701,687,14,42,"{'max_depth': 5, 'min_samples_split': 10, 'n_estimators': 200}"
RandomForest,Bagged trees,pairwise,2,0.269474451,2673,715,4,42,"{'max_depth': 5, 'min_samples_split': 5, 'n_estimators': 80}"
RandomForest,Bagged trees,hypergraph,2,0.271129511,2673,715,8,42,"{'max_depth': 5, 'min_samples_split': 10, 'n_estimators': 200}"
RandomForest,Bagged trees,hb_graph,2,0.254459967,2673,715,14,42,"{'max_depth': 5, 'min_samples_split': 2, 'n_estimators': 200}"
RandomForest,Bagged trees,pairwise,3,0.267716065,2665,723,4,42,"{'max_depth': 5, 'min_samples_split': 10, 'n_estimators': 200}"
RandomForest,Bagged trees,hypergraph,3,0.346369613,2665,723,8,42,"{'max_depth': 5, 'min_samples_split': 10, 'n_estimators': 200}"
RandomForest,Bagged trees,hb_graph,3,0.32414497,2665,723,14,42,"{'max_depth': 5, 'min_samples_split': 5, 'n_estimators': 200}"
RandomForest,Bagged trees,pairwise,4,0.25095023,2749,639,4,42,"{'max_depth': 5, 'min_samples_split': 5, 'n_estimators': 200}"
RandomForest,Bagged trees,hypergraph,4,0.257861087,2749,639,8,42,"{'max_depth': 5, 'min_samples_split': 10, 'n_estimators': 100}"
RandomForest,Bagged trees,hb_graph,4,0.305233426,2749,639,14,42,"{'max_depth': 5, 'min_samples_split': 10, 'n_estimators': 200}"
RandomForest,Bagged trees,pairwise,5,0.271659329,2757,631,4,42,"{'max_depth': 5, 'min_samples_split': 5, 'n_estimators': 200}"
RandomForest,Bagged trees,hypergraph,5,0.332850663,2757,631,8,42,"{'max_depth': 5, 'min_samples_split': 5, 'n_estimators': 80}"
RandomForest,Bagged trees,hb_graph,5,0.492088341,2757,631,14,42,"{'max_depth': 5, 'min_samples_split': 5, 'n_estimators': 200}"
RandomForest,Bagged trees,pairwise,6,0.511333469,2682,706,4,42,"{'max_depth': 5, 'min_samples_split': 5, 'n_estimators': 100}"
RandomForest,Bagged trees,hypergraph,6,0.474526083,2682,706,8,42,"{'max_depth': 5, 'min_samples_split': 5, 'n_estimators': 200}"
RandomForest,Bagged trees,hb_graph,6,0.494846826,2682,706,14,42,"{'max_depth': 5, 'min_samples_split': 10, 'n_estimators': 100}"
RandomForest,Bagged trees,pairwise,7,0.388175523,2760,628,4,42,"{'max_depth': 5, 'min_samples_split': 10, 'n_estimators': 80}"
RandomForest,Bagged trees,hypergraph,7,0.473326346,2760,628,8,42,"{'max_depth': 5, 'min_samples_split': 10, 'n_estimators': 80}"
RandomForest,Bagged trees,hb_graph,7,0.552786304,2760,628,14,42,"{'max_depth': 5, 'min_samples_split': 2, 'n_estimators': 100}"
RandomForest,Bagged trees,pairwise,8,0.207101235,2764,624,4,42,"{'max_depth': 5, 'min_samples_split': 10, 'n_estimators': 100}"
RandomForest,Bagged trees,hypergraph,8,0.31524455,2764,624,8,42,"{'max_depth': 5, 'min_samples_split': 2, 'n_estimators': 200}"
RandomForest,Bagged trees,hb_graph,8,0.360412861,2764,624,14,42,"{'max_depth': 5, 'min_samples_split': 2, 'n_estimators': 200}"
RandomForest,Bagged trees,pairwise,9,0.114418541,2748,640,4,42,"{'max_depth': 5, 'min_samples_split': 5, 'n_estimators': 100}"
RandomForest,Bagged trees,hypergraph,9,0.211084482,2748,640,8,42,"{'max_depth': 5, 'min_samples_split': 2, 'n_estimators': 200}"
RandomForest,Bagged trees,hb_graph,9,0.278352634,2748,640,14,42,"{'max_depth': 5, 'min_samples_split': 5, 'n_estimators': 200}"
RandomForest,Bagged trees,pairwise,10,0.314418207,2696,692,4,42,"{'max_depth': 5, 'min_samples_split': 5, 'n_estimators': 200}"
RandomForest,Bagged trees,hypergraph,10,0.385717486,2696,692,8,42,"{'max_depth': 5, 'min_samples_split': 2, 'n_estimators': 200}"
RandomForest,Bagged trees,hb_graph,10,0.46432297,2696,692,14,42,"{'max_depth': 5, 'min_samples_split': 2, 'n_estimators': 200}"
RandomForest,Bagged trees,pairwise,11,0.198014137,2801,587,4,42,"{'max_depth': 5, 'min_samples_split': 10, 'n_estimators': 100}"
RandomForest,Bagged trees,hypergraph,11,0.312262871,2801,587,8,42,"{'max_depth': 5, 'min_samples_split': 2, 'n_estimators': 100}"
RandomForest,Bagged trees,hb_graph,11,0.375215746,2801,587,14,42,"{'max_depth': 5, 'min_samples_split': 5, 'n_estimators': 100}"
RandomForest,Bagged trees,pairwise,12,0.278329773,2740,648,4,42,"{'max_depth': 5, 'min_samples_split': 10, 'n_estimators': 200}"
RandomForest,Bagged trees,hypergraph,12,0.33105945,2740,648,8,42,"{'max_depth': 5, 'min_samples_split': 2, 'n_estimators': 200}"
RandomForest,Bagged trees,hb_graph,12,0.390324337,2740,648,14,42,"{'max_depth': 5, 'min_samples_split': 2, 'n_estimators': 200}"
RandomForest,Bagged trees,pairwise,13,0.218554071,2636,752,4,42,"{'max_depth': 5, 'min_samples_split': 10, 'n_estimators': 80}"
RandomForest,Bagged trees,hypergraph,13,0.239323343,2636,752,8,42,"{'max_depth': 5, 'min_samples_split': 5, 'n_estimators': 200}"
RandomForest,Bagged trees,hb_graph,13,0.285264882,2636,752,14,42,"{'max_depth': 5, 'min_samples_split': 10, 'n_estimators': 200}"
RandomForest,Bagged trees,pairwise,14,0.494491646,2706,682,4,42,"{'max_depth': 5, 'min_samples_split': 10, 'n_estimators': 80}"
RandomForest,Bagged trees,hypergraph,14,0.539271785,2706,682,8,42,"{'max_depth': 5, 'min_samples_split': 10, 'n_estimators': 200}"
RandomForest,Bagged trees,hb_graph,14,0.545324004,2706,682,14,42,"{'max_depth': 5, 'min_samples_split': 5, 'n_estimators': 200}"
RandomForest,Bagged trees,pairwise,15,0.321059686,2684,704,4,42,"{'max_depth': 5, 'min_samples_split': 2, 'n_estimators': 200}"
RandomForest,Bagged trees,hypergraph,15,0.37968307,2684,704,8,42,"{'max_depth': 5, 'min_samples_split': 5, 'n_estimators': 80}"
RandomForest,Bagged trees,hb_graph,15,0.452287108,2684,704,14,42,"{'max_depth': 5, 'min_samples_split': 2, 'n_estimators': 100}"
RandomForest,Bagged trees,pairwise,16,0.249124839,2673,715,4,42,"{'max_depth': 5, 'min_samples_split': 2, 'n_estimators': 200}"
RandomForest,Bagged trees,hypergraph,16,0.268650869,2673,715,8,42,"{'max_depth': 5, 'min_samples_split': 5, 'n_estimators': 200}"
RandomForest,Bagged trees,hb_graph,16,0.302745932,2673,715,14,42,"{'max_depth': 5, 'min_samples_split': 10, 'n_estimators': 200}"
RandomForest,Bagged trees,pairwise,17,0.177616867,2667,721,4,42,"{'max_depth': 5, 'min_samples_split': 10, 'n_estimators': 200}"
RandomForest,Bagged trees,hypergraph,17,0.230163127,2667,721,8,42,"{'max_depth': 5, 'min_samples_split': 2, 'n_estimators': 100}"
RandomForest,Bagged trees,hb_graph,17,0.244918164,2667,721,14,42,"{'max_depth': 5, 'min_samples_split': 5, 'n_estimators': 200}"
RandomForest,Bagged trees,pairwise,18,0.223224469,2728,660,4,42,"{'max_depth': 5, 'min_samples_split': 10, 'n_estimators': 200}"
RandomForest,Bagged trees,hypergraph,18,0.265113799,2728,660,8,42,"{'max_depth': 5, 'min_samples_split': 5, 'n_estimators': 200}"
RandomForest,Bagged trees,hb_graph,18,0.315197493,2728,660,14,42,"{'max_depth': 5, 'min_samples_split': 10, 'n_estimators': 80}"
RandomForest,Bagged trees,pairwise,19,0.308562461,2791,597,4,42,"{'max_depth': 5, 'min_samples_split': 10, 'n_estimators': 80}"
RandomForest,Bagged trees,hypergraph,19,0.383422088,2791,597,8,42,"{'max_depth': 5, 'min_samples_split': 2, 'n_estimators': 80}"
RandomForest,Bagged trees,hb_graph,19,0.430602693,2791,597,14,42,"{'max_depth': 5, 'min_samples_split': 5, 'n_estimators': 100}"
RandomForest,Bagged trees,pairwise,20,0.205215713,2672,716,4,42,"{'max_depth': 5, 'min_samples_split': 10, 'n_estimators': 100}"
RandomForest,Bagged trees,hypergraph,20,0.386082185,2672,716,8,42,"{'max_depth': 5, 'min_samples_split': 2, 'n_estimators': 200}"
RandomForest,Bagged trees,hb_graph,20,0.384386576,2672,716,14,42,"{'max_depth': 5, 'min_samples_split': 10, 'n_estimators': 100}"
RandomForest,Bagged trees,pairwise,21,0.338106474,2738,650,4,42,"{'max_depth': 5, 'min_samples_split': 2, 'n_estimators': 200}"
RandomForest,Bagged trees,hypergraph,21,0.476201442,2738,650,8,42,"{'max_depth': 5, 'min_samples_split': 2, 'n_estimators': 100}"
RandomForest,Bagged trees,hb_graph,21,0.48643562,2738,650,14,42,"{'max_depth': 5, 'min_samples_split': 2, 'n_estimators': 200}"
RandomForest,Bagged trees,pairwise,22,0.177412635,2683,705,4,42,"{'max_depth': 5, 'min_samples_split': 5, 'n_estimators': 200}"
RandomForest,Bagged trees,hypergraph,22,0.242782499,2683,705,8,42,"{'max_depth': 5, 'min_samples_split': 10, 'n_estimators': 200}"
RandomForest,Bagged trees,hb_graph,22,0.264777947,2683,705,14,42,"{'max_depth': 5, 'min_samples_split': 10, 'n_estimators': 100}"
RandomForest,Bagged trees,pairwise,23,0.227620339,2689,699,4,42,"{'max_depth': 5, 'min_samples_split': 10, 'n_estimators': 100}"
RandomForest,Bagged trees,hypergraph,23,0.250842749,2689,699,8,42,"{'max_depth': 5, 'min_samples_split': 5, 'n_estimators': 200}"
RandomForest,Bagged trees,hb_graph,23,0.27404361,2689,699,14,42,"{'max_depth': 5, 'min_samples_split': 2, 'n_estimators': 200}"
RandomForest,Bagged trees,pairwise,24,0.278606768,2742,646,4,42,"{'max_depth': 5, 'min_samples_split': 5, 'n_estimators': 200}"
RandomForest,Bagged trees,hypergraph,24,0.315639969,2742,646,8,42,"{'max_depth': 5, 'min_samples_split': 2, 'n_estimators': 200}"
RandomForest,Bagged trees,hb_graph,24,0.309343683,2742,646,14,42,"{'max_depth': 5, 'min_samples_split': 2, 'n_estimators': 80}"
RandomForest,Bagged trees,pairwise,25,0.318579227,2736,652,4,42,"{'max_depth': 5, 'min_samples_split': 2, 'n_estimators': 200}"
RandomForest,Bagged trees,hypergraph,25,0.407490254,2736,652,8,42,"{'max_depth': 5, 'min_samples_split': 2, 'n_estimators': 100}"
RandomForest,Bagged trees,hb_graph,25,0.485604545,2736,652,14,42,"{'max_depth': 5, 'min_samples_split': 5, 'n_estimators': 100}"
RandomForest,Bagged trees,pairwise,26,0.309811313,2743,645,4,42,"{'max_depth': None, 'min_samples_split': 10, 'n_estimators': 200}"
RandomForest,Bagged trees,hypergraph,26,0.500035706,2743,645,8,42,"{'max_depth': 5, 'min_samples_split': 10, 'n_estimators': 200}"
RandomForest,Bagged trees,hb_graph,26,0.549221201,2743,645,14,42,"{'max_depth': 5, 'min_samples_split': 5, 'n_estimators': 200}"
RandomForest,Bagged trees,pairwise,27,0.331592784,2701,687,4,42,"{'max_depth': 5, 'min_samples_split': 10, 'n_estimators': 80}"
RandomForest,Bagged trees,hypergraph,27,0.414834838,2701,687,8,42,"{'max_depth': 5, 'min_samples_split': 5, 'n_estimators': 200}"
RandomForest,Bagged trees,hb_graph,27,0.435235391,2701,687,14,42,"{'max_depth': 5, 'min_samples_split': 10, 'n_estimators': 80}"
RandomForest,Bagged trees,pairwise,28,0.321096494,2751,637,4,42,"{'max_depth': 5, 'min_samples_split': 5, 'n_estimators': 200}"
RandomForest,Bagged trees,hypergraph,28,0.476550521,2751,637,8,42,"{'max_depth': 5, 'min_samples_split': 10, 'n_estimators': 80}"
RandomForest,Bagged trees,hb_graph,28,0.519822812,2751,637,14,42,"{'max_depth': 5, 'min_samples_split': 10, 'n_estimators': 200}"
RandomForest,Bagged trees,pairwise,29,0.214697795,2656,732,4,42,"{'max_depth': 5, 'min_samples_split': 2, 'n_estimators': 80}"
RandomForest,Bagged trees,hypergraph,29,0.211308746,2656,732,8,42,"{'max_depth': 5, 'min_samples_split': 2, 'n_estimators': 100}"
RandomForest,Bagged trees,hb_graph,29,0.241246517,2656,732,14,42,"{'max_depth': 5, 'min_samples_split': 5, 'n_estimators': 100}"
RandomForest,Bagged trees,pairwise,30,0.232938183,2698,690,4,42,"{'max_depth': 5, 'min_samples_split': 5, 'n_estimators': 80}"
RandomForest,Bagged trees,hypergraph,30,0.327054315,2698,690,8,42,"{'max_depth': 5, 'min_samples_split': 2, 'n_estimators': 200}"
RandomForest,Bagged trees,hb_graph,30,0.383202559,2698,690,14,42,"{'max_depth': 5, 'min_samples_split': 5, 'n_estimators': 200}"
RandomForest,Bagged trees,pairwise,31,0.262072123,2756,632,4,42,"{'max_depth': 5, 'min_samples_split': 10, 'n_estimators': 100}"
RandomForest,Bagged trees,hypergraph,31,0.245275158,2756,632,8,42,"{'max_depth': 5, 'min_samples_split': 10, 'n_estimators': 80}"
RandomForest,Bagged trees,hb_graph,31,0.199550707,2756,632,14,42,"{'max_depth': 5, 'min_samples_split': 10, 'n_estimators': 80}"
RandomForest,Bagged trees,pairwise,32,0.304461905,2696,692,4,42,"{'max_depth': 5, 'min_samples_split': 2, 'n_estimators': 80}"
RandomForest,Bagged trees,hypergraph,32,0.32171495,2696,692,8,42,"{'max_depth': 5, 'min_samples_split': 2, 'n_estimators': 80}"
RandomForest,Bagged trees,hb_graph,32,0.304964007,2696,692,14,42,"{'max_depth': 5, 'min_samples_split': 5, 'n_estimators': 200}"
RandomForest,Bagged trees,pairwise,33,0.279709784,2771,617,4,42,"{'max_depth': 5, 'min_samples_split': 10, 'n_estimators': 100}"
RandomForest,Bagged trees,hypergraph,33,0.4886263,2771,617,8,42,"{'max_depth': 5, 'min_samples_split': 10, 'n_estimators': 200}"
RandomForest,Bagged trees,hb_graph,33,0.478491607,2771,617,14,42,"{'max_depth': 5, 'min_samples_split': 2, 'n_estimators': 200}"
RandomForest,Bagged trees,pairwise,34,0.250647725,2726,662,4,42,"{'max_depth': 5, 'min_samples_split': 10, 'n_estimators': 200}"
RandomForest,Bagged trees,hypergraph,34,0.389745386,2726,662,8,42,"{'max_depth': 5, 'min_samples_split': 10, 'n_estimators': 80}"
RandomForest,Bagged trees,hb_graph,34,0.425373513,2726,662,14,42,"{'max_depth': 5, 'min_samples_split': 10, 'n_estimators': 80}"
RandomForest,Bagged trees,pairwise,35,0.245279715,2747,641,4,42,"{'max_depth': 5, 'min_samples_split': 2, 'n_estimators': 100}"
RandomForest,Bagged trees,hypergraph,35,0.341287976,2747,641,8,42,"{'max_depth': 5, 'min_samples_split': 2, 'n_estimators': 200}"
RandomForest,Bagged trees,hb_graph,35,0.34482742,2747,641,14,42,"{'max_depth': 5, 'min_samples_split': 5, 'n_estimators': 200}"
RandomForest,Bagged trees,pairwise,36,0.302004117,2735,653,4,42,"{'max_depth': 5, 'min_samples_split': 10, 'n_estimators': 100}"
RandomForest,Bagged trees,hypergraph,36,0.286577197,2735,653,8,42,"{'max_depth': 5, 'min_samples_split': 2, 'n_estimators': 80}"
RandomForest,Bagged trees,hb_graph,36,0.36677058,2735,653,14,42,"{'max_depth': 5, 'min_samples_split': 10, 'n_estimators': 200}"
RandomForest,Bagged trees,pairwise,37,0.27720928,2763,625,4,42,"{'max_depth': 5, 'min_samples_split': 5, 'n_estimators': 80}"
RandomForest,Bagged trees,hypergraph,37,0.36397162,2763,625,8,42,"{'max_depth': 5, 'min_samples_split': 5, 'n_estimators': 200}"
RandomForest,Bagged trees,hb_graph,37,0.339762871,2763,625,14,42,"{'max_depth': 5, 'min_samples_split': 2, 'n_estimators': 200}"
RandomForest,Bagged trees,pairwise,38,0.341124493,2713,675,4,42,"{'max_depth': 5, 'min_samples_split': 2, 'n_estimators': 200}"
RandomForest,Bagged trees,hypergraph,38,0.330866632,2713,675,8,42,"{'max_depth': 5, 'min_samples_split': 10, 'n_estimators': 100}"
RandomForest,Bagged trees,hb_graph,38,0.423603982,2713,675,14,42,"{'max_depth': 5, 'min_samples_split': 10, 'n_estimators': 100}"
RandomForest,Bagged trees,pairwise,39,0.252963693,2807,581,4,42,"{'max_depth': 5, 'min_samples_split': 10, 'n_estimators': 100}"
RandomForest,Bagged trees,hypergraph,39,0.296934696,2807,581,8,42,"{'max_depth': 5, 'min_samples_split': 10, 'n_estimators': 200}"
RandomForest,Bagged trees,hb_graph,39,0.291613207,2807,581,14,42,"{'max_depth': 5, 'min_samples_split': 5, 'n_estimators': 200}"
RandomForest,Bagged trees,pairwise,40,0.288774889,2756,632,4,42,"{'max_depth': 5, 'min_samples_split': 10, 'n_estimators': 200}"
RandomForest,Bagged trees,hypergraph,40,0.396568124,2756,632,8,42,"{'max_depth': 5, 'min_samples_split': 2, 'n_estimators': 80}"
RandomForest,Bagged trees,hb_graph,40,0.46106341,2756,632,14,42,"{'max_depth': 5, 'min_samples_split': 10, 'n_estimators': 100}"
RandomForest,Bagged trees,pairwise,41,0.29069963,2733,655,4,42,"{'max_depth': 5, 'min_samples_split': 10, 'n_estimators': 200}"
RandomForest,Bagged trees,hypergraph,41,0.343826091,2733,655,8,42,"{'max_depth': 5, 'min_samples_split': 10, 'n_estimators': 80}"
RandomForest,Bagged trees,hb_graph,41,0.34519295,2733,655,14,42,"{'max_depth': 5, 'min_samples_split': 10, 'n_estimators': 200}"
RandomForest,Bagged trees,pairwise,42,0.407460902,2737,651,4,42,"{'max_depth': 5, 'min_samples_split': 5, 'n_estimators': 100}"
RandomForest,Bagged trees,hypergraph,42,0.520804978,2737,651,8,42,"{'max_depth': 5, 'min_samples_split': 10, 'n_estimators': 200}"
RandomForest,Bagged trees,hb_graph,42,0.491962684,2737,651,14,42,"{'max_depth': 5, 'min_samples_split': 2, 'n_estimators': 100}"
RandomForest,Bagged trees,pairwise,43,0.239605974,2665,723,4,42,"{'max_depth': 5, 'min_samples_split': 5, 'n_estimators': 200}"
RandomForest,Bagged trees,hypergraph,43,0.28869842,2665,723,8,42,"{'max_depth': 5, 'min_samples_split': 5, 'n_estimators': 80}"
RandomForest,Bagged trees,hb_graph,43,0.34609646,2665,723,14,42,"{'max_depth': 5, 'min_samples_split': 10, 'n_estimators': 80}"
RandomForest,Bagged trees,pairwise,44,0.373051772,2773,615,4,42,"{'max_depth': 5, 'min_samples_split': 10, 'n_estimators': 100}"
RandomForest,Bagged trees,hypergraph,44,0.428497254,2773,615,8,42,"{'max_depth': 5, 'min_samples_split': 2, 'n_estimators': 100}"
RandomForest,Bagged trees,hb_graph,44,0.456802896,2773,615,14,42,"{'max_depth': 5, 'min_samples_split': 10, 'n_estimators': 80}"
RandomForest,Bagged trees,pairwise,45,0.29880363,2729,659,4,42,"{'max_depth': 5, 'min_samples_split': 5, 'n_estimators': 80}"
RandomForest,Bagged trees,hypergraph,45,0.466373246,2729,659,8,42,"{'max_depth': 5, 'min_samples_split': 5, 'n_estimators': 200}"
RandomForest,Bagged trees,hb_graph,45,0.504149487,2729,659,14,42,"{'max_depth': 5, 'min_samples_split': 5, 'n_estimators': 200}"
RandomForest,Bagged trees,pairwise,46,0.214596501,2738,650,4,42,"{'max_depth': 5, 'min_samples_split': 10, 'n_estimators': 100}"
RandomForest,Bagged trees,hypergraph,46,0.313229136,2738,650,8,42,"{'max_depth': 5, 'min_samples_split': 2, 'n_estimators': 200}"
RandomForest,Bagged trees,hb_graph,46,0.341811023,2738,650,14,42,"{'max_depth': 5, 'min_samples_split': 2, 'n_estimators': 200}"
RandomForest,Bagged trees,pairwise,47,0.30092251,2598,790,4,42,"{'max_depth': 5, 'min_samples_split': 10, 'n_estimators': 200}"
RandomForest,Bagged trees,hypergraph,47,0.32882385,2598,790,8,42,"{'max_depth': 5, 'min_samples_split': 5, 'n_estimators': 200}"
RandomForest,Bagged trees,hb_graph,47,0.382311989,2598,790,14,42,"{'max_depth': 5, 'min_samples_split': 2, 'n_estimators': 100}"
RandomForest,Bagged trees,pairwise,48,0.358582255,2775,613,4,42,"{'max_depth': 5, 'min_samples_split': 5, 'n_estimators': 200}"
RandomForest,Bagged trees,hypergraph,48,0.370098627,2775,613,8,42,"{'max_depth': 5, 'min_samples_split': 5, 'n_estimators': 80}"
RandomForest,Bagged trees,hb_graph,48,0.431772349,2775,613,14,42,"{'max_depth': 5, 'min_samples_split': 2, 'n_estimators': 200}"
RandomForest,Bagged trees,pairwise,49,0.320899734,2759,629,4,42,"{'max_depth': 5, 'min_samples_split': 5, 'n_estimators': 200}"
RandomForest,Bagged trees,hypergraph,49,0.439550643,2759,629,8,42,"{'max_depth': 5, 'min_samples_split': 10, 'n_estimators': 80}"
RandomForest,Bagged trees,hb_graph,49,0.577482337,2759,629,14,42,"{'max_depth': 5, 'min_samples_split': 2, 'n_estimators': 100}"
RandomForest,Bagged trees,pairwise,50,0.210997261,2802,586,4,42,"{'max_depth': 5, 'min_samples_split': 2, 'n_estimators': 200}"
RandomForest,Bagged trees,hypergraph,50,0.296192502,2802,586,8,42,"{'max_depth': 5, 'min_samples_split': 5, 'n_estimators': 200}"
RandomForest,Bagged trees,hb_graph,50,0.336172118,2802,586,14,42,"{'max_depth': 5, 'min_samples_split': 10, 'n_estimators': 100}"
XGBoost,Boosted trees,pairwise,1,0.288288231,2701,687,4,42,"{'learning_rate': 0.01, 'max_depth': 5, 'n_estimators': 80, 'subsample': 0.8}"
XGBoost,Boosted trees,hypergraph,1,0.347091334,2701,687,8,42,"{'learning_rate': 0.01, 'max_depth': 5, 'n_estimators': 80, 'subsample': 1.0}"
XGBoost,Boosted trees,hb_graph,1,0.355455521,2701,687,14,42,"{'learning_rate': 0.1, 'max_depth': 5, 'n_estimators': 100, 'subsample': 1.0}"
XGBoost,Boosted trees,pairwise,2,0.226243571,2673,715,4,42,"{'learning_rate': 0.01, 'max_depth': 5, 'n_estimators': 80, 'subsample': 0.75}"
XGBoost,Boosted trees,hypergraph,2,0.246991965,2673,715,8,42,"{'learning_rate': 0.01, 'max_depth': 5, 'n_estimators': 100, 'subsample': 0.75}"
XGBoost,Boosted trees,hb_graph,2,0.263862302,2673,715,14,42,"{'learning_rate': 0.1, 'max_depth': 5, 'n_estimators': 200, 'subsample': 0.8}"
XGBoost,Boosted trees,pairwise,3,0.27340415,2665,723,4,42,"{'learning_rate': 0.05, 'max_depth': 5, 'n_estimators': 100, 'subsample': 0.75}"
XGBoost,Boosted trees,hypergraph,3,0.351860973,2665,723,8,42,"{'learning_rate': 0.01, 'max_depth': 5, 'n_estimators': 100, 'subsample': 0.8}"
XGBoost,Boosted trees,hb_graph,3,0.299923527,2665,723,14,42,"{'learning_rate': 0.01, 'max_depth': None, 'n_estimators': 80, 'subsample': 1.0}"
XGBoost,Boosted trees,pairwise,4,0.276400986,2749,639,4,42,"{'learning_rate': 0.01, 'max_depth': None, 'n_estimators': 80, 'subsample': 0.75}"
XGBoost,Boosted trees,hypergraph,4,0.309623214,2749,639,8,42,"{'learning_rate': 0.1, 'max_depth': 5, 'n_estimators': 80, 'subsample': 0.8}"
XGBoost,Boosted trees,hb_graph,4,0.367543844,2749,639,14,42,"{'learning_rate': 0.01, 'max_depth': 5, 'n_estimators': 200, 'subsample': 1.0}"
XGBoost,Boosted trees,pairwise,5,0.237395222,2757,631,4,42,"{'learning_rate': 0.01, 'max_depth': 5, 'n_estimators': 200, 'subsample': 1.0}"
XGBoost,Boosted trees,hypergraph,5,0.439718226,2757,631,8,42,"{'learning_rate': 0.01, 'max_depth': 5, 'n_estimators': 200, 'subsample': 1.0}"
XGBoost,Boosted trees,hb_graph,5,0.503077011,2757,631,14,42,"{'learning_rate': 0.01, 'max_depth': 5, 'n_estimators': 200, 'subsample': 0.8}"
XGBoost,Boosted trees,pairwise,6,0.543718728,2682,706,4,42,"{'learning_rate': 0.01, 'max_depth': 5, 'n_estimators': 200, 'subsample': 0.75}"
XGBoost,Boosted trees,hypergraph,6,0.479371978,2682,706,8,42,"{'learning_rate': 0.01, 'max_depth': 5, 'n_estimators': 80, 'subsample': 0.8}"
XGBoost,Boosted trees,hb_graph,6,0.555331035,2682,706,14,42,"{'learning_rate': 0.05, 'max_depth': 5, 'n_estimators': 100, 'subsample': 1.0}"
XGBoost,Boosted trees,pairwise,7,0.363076387,2760,628,4,42,"{'learning_rate': 0.01, 'max_depth': 5, 'n_estimators': 100, 'subsample': 0.8}"
XGBoost,Boosted trees,hypergraph,7,0.478586731,2760,628,8,42,"{'learning_rate': 0.01, 'max_depth': 5, 'n_estimators': 80, 'subsample': 0.75}"
XGBoost,Boosted trees,hb_graph,7,0.482925051,2760,628,14,42,"{'learning_rate': 0.05, 'max_depth': 5, 'n_estimators': 80, 'subsample': 0.75}"
XGBoost,Boosted trees,pairwise,8,0.199371066,2764,624,4,42,"{'learning_rate': 0.01, 'max_depth': 5, 'n_estimators': 200, 'subsample': 0.75}"
XGBoost,Boosted trees,hypergraph,8,0.335565082,2764,624,8,42,"{'learning_rate': 0.05, 'max_depth': 5, 'n_estimators': 100, 'subsample': 1.0}"
XGBoost,Boosted trees,hb_graph,8,0.312816409,2764,624,14,42,"{'learning_rate': 0.1, 'max_depth': 5, 'n_estimators': 80, 'subsample': 0.75}"
XGBoost,Boosted trees,pairwise,9,0.119207993,2748,640,4,42,"{'learning_rate': 0.01, 'max_depth': 5, 'n_estimators': 80, 'subsample': 0.8}"
XGBoost,Boosted trees,hypergraph,9,0.14584807,2748,640,8,42,"{'learning_rate': 0.01, 'max_depth': None, 'n_estimators': 100, 'subsample': 0.75}"
XGBoost,Boosted trees,hb_graph,9,0.217905929,2748,640,14,42,"{'learning_rate': 0.01, 'max_depth': 5, 'n_estimators': 200, 'subsample': 1.0}"
XGBoost,Boosted trees,pairwise,10,0.187999042,2696,692,4,42,"{'learning_rate': 0.01, 'max_depth': 10, 'n_estimators': 200, 'subsample': 1.0}"
XGBoost,Boosted trees,hypergraph,10,0.463101067,2696,692,8,42,"{'learning_rate': 0.05, 'max_depth': 5, 'n_estimators': 80, 'subsample': 0.8}"
XGBoost,Boosted trees,hb_graph,10,0.524775183,2696,692,14,42,"{'learning_rate': 0.01, 'max_depth': 5, 'n_estimators': 100, 'subsample': 0.8}"
XGBoost,Boosted trees,pairwise,11,0.208230139,2801,587,4,42,"{'learning_rate': 0.01, 'max_depth': None, 'n_estimators': 80, 'subsample': 0.75}"
XGBoost,Boosted trees,hypergraph,11,0.314900552,2801,587,8,42,"{'learning_rate': 0.01, 'max_depth': 5, 'n_estimators': 80, 'subsample': 0.8}"
XGBoost,Boosted trees,hb_graph,11,0.258586196,2801,587,14,42,"{'learning_rate': 0.1, 'max_depth': 5, 'n_estimators': 100, 'subsample': 1.0}"
XGBoost,Boosted trees,pairwise,12,0.292093487,2740,648,4,42,"{'learning_rate': 0.01, 'max_depth': 5, 'n_estimators': 200, 'subsample': 0.75}"
XGBoost,Boosted trees,hypergraph,12,0.36373395,2740,648,8,42,"{'learning_rate': 0.05, 'max_depth': 5, 'n_estimators': 80, 'subsample': 0.8}"
XGBoost,Boosted trees,hb_graph,12,0.368677388,2740,648,14,42,"{'learning_rate': 0.01, 'max_depth': 5, 'n_estimators': 100, 'subsample': 0.8}"
XGBoost,Boosted trees,pairwise,13,0.259195912,2636,752,4,42,"{'learning_rate': 0.01, 'max_depth': None, 'n_estimators': 200, 'subsample': 0.8}"
XGBoost,Boosted trees,hypergraph,13,0.265527392,2636,752,8,42,"{'learning_rate': 0.05, 'max_depth': None, 'n_estimators': 80, 'subsample': 0.8}"
XGBoost,Boosted trees,hb_graph,13,0.271984991,2636,752,14,42,"{'learning_rate': 0.01, 'max_depth': 5, 'n_estimators': 80, 'subsample': 0.8}"
XGBoost,Boosted trees,pairwise,14,0.531945483,2706,682,4,42,"{'learning_rate': 0.01, 'max_depth': 5, 'n_estimators': 80, 'subsample': 0.75}"
XGBoost,Boosted trees,hypergraph,14,0.549541403,2706,682,8,42,"{'learning_rate': 0.01, 'max_depth': 5, 'n_estimators': 100, 'subsample': 0.75}"
XGBoost,Boosted trees,hb_graph,14,0.5326204,2706,682,14,42,"{'learning_rate': 0.01, 'max_depth': 5, 'n_estimators': 100, 'subsample': 0.75}"
XGBoost,Boosted trees,pairwise,15,0.266219514,2684,704,4,42,"{'learning_rate': 0.05, 'max_depth': None, 'n_estimators': 80, 'subsample': 0.8}"
XGBoost,Boosted trees,hypergraph,15,0.420095391,2684,704,8,42,"{'learning_rate': 0.01, 'max_depth': 5, 'n_estimators': 80, 'subsample': 0.75}"
XGBoost,Boosted trees,hb_graph,15,0.474456447,2684,704,14,42,"{'learning_rate': 0.01, 'max_depth': 5, 'n_estimators': 80, 'subsample': 0.75}"
XGBoost,Boosted trees,pairwise,16,0.256997063,2673,715,4,42,"{'learning_rate': 0.01, 'max_depth': 5, 'n_estimators': 100, 'subsample': 0.8}"
XGBoost,Boosted trees,hypergraph,16,0.26158515,2673,715,8,42,"{'learning_rate': 0.01, 'max_depth': 5, 'n_estimators': 200, 'subsample': 0.75}"
XGBoost,Boosted trees,hb_graph,16,0.302689081,2673,715,14,42,"{'learning_rate': 0.01, 'max_depth': 5, 'n_estimators': 80, 'subsample': 0.75}"
XGBoost,Boosted trees,pairwise,17,0.195106429,2667,721,4,42,"{'learning_rate': 0.01, 'max_depth': 5, 'n_estimators': 200, 'subsample': 0.75}"
XGBoost,Boosted trees,hypergraph,17,0.249840676,2667,721,8,42,"{'learning_rate': 0.01, 'max_depth': 5, 'n_estimators': 200, 'subsample': 1.0}"
XGBoost,Boosted trees,hb_graph,17,0.246273898,2667,721,14,42,"{'learning_rate': 0.01, 'max_depth': 5, 'n_estimators': 200, 'subsample': 1.0}"
XGBoost,Boosted trees,pairwise,18,0.239729134,2728,660,4,42,"{'learning_rate': 0.01, 'max_depth': 5, 'n_estimators': 100, 'subsample': 0.8}"
XGBoost,Boosted trees,hypergraph,18,0.295744345,2728,660,8,42,"{'learning_rate': 0.01, 'max_depth': None, 'n_estimators': 80, 'subsample': 0.8}"
XGBoost,Boosted trees,hb_graph,18,0.308605013,2728,660,14,42,"{'learning_rate': 0.01, 'max_depth': None, 'n_estimators': 200, 'subsample': 0.8}"
XGBoost,Boosted trees,pairwise,19,0.278301573,2791,597,4,42,"{'learning_rate': 0.01, 'max_depth': 5, 'n_estimators': 80, 'subsample': 0.8}"
XGBoost,Boosted trees,hypergraph,19,0.434990585,2791,597,8,42,"{'learning_rate': 0.01, 'max_depth': 5, 'n_estimators': 100, 'subsample': 0.8}"
XGBoost,Boosted trees,hb_graph,19,0.431434263,2791,597,14,42,"{'learning_rate': 0.01, 'max_depth': 5, 'n_estimators': 80, 'subsample': 0.8}"
XGBoost,Boosted trees,pairwise,20,0.222685293,2672,716,4,42,"{'learning_rate': 0.01, 'max_depth': 5, 'n_estimators': 200, 'subsample': 0.75}"
XGBoost,Boosted trees,hypergraph,20,0.347316979,2672,716,8,42,"{'learning_rate': 0.01, 'max_depth': 5, 'n_estimators': 200, 'subsample': 0.8}"
XGBoost,Boosted trees,hb_graph,20,0.353090493,2672,716,14,42,"{'learning_rate': 0.05, 'max_depth': 5, 'n_estimators': 80, 'subsample': 0.75}"
XGBoost,Boosted trees,pairwise,21,0.368695199,2738,650,4,42,"{'learning_rate': 0.01, 'max_depth': 5, 'n_estimators': 80, 'subsample': 0.75}"
XGBoost,Boosted trees,hypergraph,21,0.439955609,2738,650,8,42,"{'learning_rate': 0.01, 'max_depth': 5, 'n_estimators': 80, 'subsample': 0.75}"
XGBoost,Boosted trees,hb_graph,21,0.441872881,2738,650,14,42,"{'learning_rate': 0.01, 'max_depth': 5, 'n_estimators': 100, 'subsample': 1.0}"
XGBoost,Boosted trees,pairwise,22,0.16882908,2683,705,4,42,"{'learning_rate': 0.01, 'max_depth': 5, 'n_estimators': 100, 'subsample': 0.75}"
XGBoost,Boosted trees,hypergraph,22,0.235414274,2683,705,8,42,"{'learning_rate': 0.01, 'max_depth': 5, 'n_estimators': 200, 'subsample': 1.0}"
XGBoost,Boosted trees,hb_graph,22,0.239760937,2683,705,14,42,"{'learning_rate': 0.01, 'max_depth': 5, 'n_estimators': 100, 'subsample': 0.8}"
XGBoost,Boosted trees,pairwise,23,0.219234423,2689,699,4,42,"{'learning_rate': 0.01, 'max_depth': 5, 'n_estimators': 100, 'subsample': 0.8}"
XGBoost,Boosted trees,hypergraph,23,0.279080245,2689,699,8,42,"{'learning_rate': 0.05, 'max_depth': 5, 'n_estimators': 80, 'subsample': 0.75}"
XGBoost,Boosted trees,hb_graph,23,0.297718406,2689,699,14,42,"{'learning_rate': 0.01, 'max_depth': None, 'n_estimators': 80, 'subsample': 0.8}"
XGBoost,Boosted trees,pairwise,24,0.280956293,2742,646,4,42,"{'learning_rate': 0.01, 'max_depth': 5, 'n_estimators': 100, 'subsample': 0.75}"
XGBoost,Boosted trees,hypergraph,24,0.326868258,2742,646,8,42,"{'learning_rate': 0.01, 'max_depth': 5, 'n_estimators': 80, 'subsample': 1.0}"
XGBoost,Boosted trees,hb_graph,24,0.295653641,2742,646,14,42,"{'learning_rate': 0.01, 'max_depth': 5, 'n_estimators': 80, 'subsample': 0.75}"
XGBoost,Boosted trees,pairwise,25,0.261021312,2736,652,4,42,"{'learning_rate': 0.01, 'max_depth': 5, 'n_estimators': 200, 'subsample': 0.8}"
XGBoost,Boosted trees,hypergraph,25,0.451676636,2736,652,8,42,"{'learning_rate': 0.01, 'max_depth': 5, 'n_estimators': 80, 'subsample': 0.75}"
XGBoost,Boosted trees,hb_graph,25,0.512028314,2736,652,14,42,"{'learning_rate': 0.01, 'max_depth': 5, 'n_estimators': 200, 'subsample': 1.0}"
XGBoost,Boosted trees,pairwise,26,0.348589946,2743,645,4,42,"{'learning_rate': 0.05, 'max_depth': 5, 'n_estimators': 200, 'subsample': 0.8}"
XGBoost,Boosted trees,hypergraph,26,0.631957398,2743,645,8,42,"{'learning_rate': 0.01, 'max_depth': 5, 'n_estimators': 100, 'subsample': 1.0}"
XGBoost,Boosted trees,hb_graph,26,0.58388278,2743,645,14,42,"{'learning_rate': 0.01, 'max_depth': None, 'n_estimators': 80, 'subsample': 0.8}"
XGBoost,Boosted trees,pairwise,27,0.366063801,2701,687,4,42,"{'learning_rate': 0.01, 'max_depth': None, 'n_estimators': 200, 'subsample': 0.75}"
XGBoost,Boosted trees,hypergraph,27,0.441859363,2701,687,8,42,"{'learning_rate': 0.01, 'max_depth': 5, 'n_estimators': 100, 'subsample': 1.0}"
XGBoost,Boosted trees,hb_graph,27,0.464523289,2701,687,14,42,"{'learning_rate': 0.01, 'max_depth': 5, 'n_estimators': 200, 'subsample': 1.0}"
XGBoost,Boosted trees,pairwise,28,0.344084533,2751,637,4,42,"{'learning_rate': 0.01, 'max_depth': 5, 'n_estimators': 80, 'subsample': 0.75}"
XGBoost,Boosted trees,hypergraph,28,0.480777199,2751,637,8,42,"{'learning_rate': 0.01, 'max_depth': 5, 'n_estimators': 80, 'subsample': 0.75}"
XGBoost,Boosted trees,hb_graph,28,0.482395227,2751,637,14,42,"{'learning_rate': 0.01, 'max_depth': 5, 'n_estimators': 80, 'subsample': 0.75}"
XGBoost,Boosted trees,pairwise,29,0.219114125,2656,732,4,42,"{'learning_rate': 0.05, 'max_depth': 5, 'n_estimators': 100, 'subsample': 0.75}"
XGBoost,Boosted trees,hypergraph,29,0.206293576,2656,732,8,42,"{'learning_rate': 0.01, 'max_depth': 5, 'n_estimators': 200, 'subsample': 0.8}"
XGBoost,Boosted trees,hb_graph,29,0.245733343,2656,732,14,42,"{'learning_rate': 0.05, 'max_depth': 5, 'n_estimators': 80, 'subsample': 1.0}"
XGBoost,Boosted trees,pairwise,30,0.223396627,2698,690,4,42,"{'learning_rate': 0.05, 'max_depth': 5, 'n_estimators': 100, 'subsample': 1.0}"
XGBoost,Boosted trees,hypergraph,30,0.365668733,2698,690,8,42,"{'learning_rate': 0.01, 'max_depth': 5, 'n_estimators': 100, 'subsample': 0.8}"
XGBoost,Boosted trees,hb_graph,30,0.376093216,2698,690,14,42,"{'learning_rate': 0.01, 'max_depth': 5, 'n_estimators': 80, 'subsample': 0.8}"
XGBoost,Boosted trees,pairwise,31,0.248934248,2756,632,4,42,"{'learning_rate': 0.01, 'max_depth': 5, 'n_estimators': 80, 'subsample': 0.8}"
XGBoost,Boosted trees,hypergraph,31,0.242334925,2756,632,8,42,"{'learning_rate': 0.01, 'max_depth': 5, 'n_estimators': 200, 'subsample': 0.75}"
XGBoost,Boosted trees,hb_graph,31,0.191578452,2756,632,14,42,"{'learning_rate': 0.01, 'max_depth': 5, 'n_estimators': 100, 'subsample': 0.8}"
XGBoost,Boosted trees,pairwise,32,0.341900726,2696,692,4,42,"{'learning_rate': 0.01, 'max_depth': None, 'n_estimators': 200, 'subsample': 0.75}"
XGBoost,Boosted trees,hypergraph,32,0.352963267,2696,692,8,42,"{'learning_rate': 0.01, 'max_depth': 5, 'n_estimators': 200, 'subsample': 0.75}"
XGBoost,Boosted trees,hb_graph,32,0.296429104,2696,692,14,42,"{'learning_rate': 0.01, 'max_depth': 5, 'n_estimators': 100, 'subsample': 0.75}"
XGBoost,Boosted trees,pairwise,33,0.30555371,2771,617,4,42,"{'learning_rate': 0.01, 'max_depth': 5, 'n_estimators': 80, 'subsample': 0.75}"
XGBoost,Boosted trees,hypergraph,33,0.43505083,2771,617,8,42,"{'learning_rate': 0.01, 'max_depth': None, 'n_estimators': 100, 'subsample': 1.0}"
XGBoost,Boosted trees,hb_graph,33,0.432024778,2771,617,14,42,"{'learning_rate': 0.01, 'max_depth': None, 'n_estimators': 80, 'subsample': 1.0}"
XGBoost,Boosted trees,pairwise,34,0.234739565,2726,662,4,42,"{'learning_rate': 0.01, 'max_depth': 5, 'n_estimators': 80, 'subsample': 0.75}"
XGBoost,Boosted trees,hypergraph,34,0.395786742,2726,662,8,42,"{'learning_rate': 0.01, 'max_depth': 5, 'n_estimators': 80, 'subsample': 1.0}"
XGBoost,Boosted trees,hb_graph,34,0.447206234,2726,662,14,42,"{'learning_rate': 0.01, 'max_depth': 5, 'n_estimators': 80, 'subsample': 0.8}"
XGBoost,Boosted trees,pairwise,35,0.29854815,2747,641,4,42,"{'learning_rate': 0.01, 'max_depth': 5, 'n_estimators': 200, 'subsample': 0.8}"
XGBoost,Boosted trees,hypergraph,35,0.34821482,2747,641,8,42,"{'learning_rate': 0.01, 'max_depth': 5, 'n_estimators': 100, 'subsample': 0.75}"
XGBoost,Boosted trees,hb_graph,35,0.365984295,2747,641,14,42,"{'learning_rate': 0.01, 'max_depth': 5, 'n_estimators': 200, 'subsample': 0.75}"
XGBoost,Boosted trees,pairwise,36,0.306585926,2735,653,4,42,"{'learning_rate': 0.01, 'max_depth': 5, 'n_estimators': 200, 'subsample': 0.75}"
XGBoost,Boosted trees,hypergraph,36,0.340116754,2735,653,8,42,"{'learning_rate': 0.01, 'max_depth': 5, 'n_estimators': 200, 'subsample': 1.0}"
XGBoost,Boosted trees,hb_graph,36,0.376295034,2735,653,14,42,"{'learning_rate': 0.01, 'max_depth': 5, 'n_estimators': 80, 'subsample': 0.8}"
XGBoost,Boosted trees,pairwise,37,0.265083804,2763,625,4,42,"{'learning_rate': 0.01, 'max_depth': 5, 'n_estimators': 80, 'subsample': 0.75}"
XGBoost,Boosted trees,hypergraph,37,0.324270338,2763,625,8,42,"{'learning_rate': 0.01, 'max_depth': 5, 'n_estimators': 80, 'subsample': 0.8}"
XGBoost,Boosted trees,hb_graph,37,0.298211475,2763,625,14,42,"{'learning_rate': 0.01, 'max_depth': 5, 'n_estimators': 80, 'subsample': 0.75}"
XGBoost,Boosted trees,pairwise,38,0.22854083,2713,675,4,42,"{'learning_rate': 0.1, 'max_depth': 10, 'n_estimators': 200, 'subsample': 0.75}"
XGBoost,Boosted trees,hypergraph,38,0.390504543,2713,675,8,42,"{'learning_rate': 0.01, 'max_depth': 5, 'n_estimators': 100, 'subsample': 0.8}"
XGBoost,Boosted trees,hb_graph,38,0.465932927,2713,675,14,42,"{'learning_rate': 0.01, 'max_depth': 5, 'n_estimators': 100, 'subsample': 0.8}"
XGBoost,Boosted trees,pairwise,39,0.276344087,2807,581,4,42,"{'learning_rate': 0.01, 'max_depth': 5, 'n_estimators': 200, 'subsample': 0.8}"
XGBoost,Boosted trees,hypergraph,39,0.309588816,2807,581,8,42,"{'learning_rate': 0.05, 'max_depth': 5, 'n_estimators': 100, 'subsample': 1.0}"
XGBoost,Boosted trees,hb_graph,39,0.301247674,2807,581,14,42,"{'learning_rate': 0.05, 'max_depth': 5, 'n_estimators': 100, 'subsample': 0.75}"
XGBoost,Boosted trees,pairwise,40,0.271637121,2756,632,4,42,"{'learning_rate': 0.01, 'max_depth': None, 'n_estimators': 100, 'subsample': 0.8}"
XGBoost,Boosted trees,hypergraph,40,0.336474082,2756,632,8,42,"{'learning_rate': 0.1, 'max_depth': None, 'n_estimators': 80, 'subsample': 0.75}"
XGBoost,Boosted trees,hb_graph,40,0.413071232,2756,632,14,42,"{'learning_rate': 0.1, 'max_depth': 5, 'n_estimators': 80, 'subsample': 0.8}"
XGBoost,Boosted trees,pairwise,41,0.334688147,2733,655,4,42,"{'learning_rate': 0.05, 'max_depth': 5, 'n_estimators': 80, 'subsample': 0.75}"
XGBoost,Boosted trees,hypergraph,41,0.328275577,2733,655,8,42,"{'learning_rate': 0.01, 'max_depth': 5, 'n_estimators': 80, 'subsample': 0.75}"
XGBoost,Boosted trees,hb_graph,41,0.337027953,2733,655,14,42,"{'learning_rate': 0.01, 'max_depth': 5, 'n_estimators': 80, 'subsample': 0.8}"
XGBoost,Boosted trees,pairwise,42,0.401318849,2737,651,4,42,"{'learning_rate': 0.01, 'max_depth': 5, 'n_estimators': 80, 'subsample': 0.75}"
XGBoost,Boosted trees,hypergraph,42,0.527386356,2737,651,8,42,"{'learning_rate': 0.01, 'max_depth': 5, 'n_estimators': 200, 'subsample': 0.8}"
XGBoost,Boosted trees,hb_graph,42,0.396262884,2737,651,14,42,"{'learning_rate': 0.01, 'max_depth': 5, 'n_estimators': 200, 'subsample': 1.0}"
XGBoost,Boosted trees,pairwise,43,0.234858698,2665,723,4,42,"{'learning_rate': 0.01, 'max_depth': None, 'n_estimators': 100, 'subsample': 0.75}"
XGBoost,Boosted trees,hypergraph,43,0.286556102,2665,723,8,42,"{'learning_rate': 0.01, 'max_depth': 5, 'n_estimators': 80, 'subsample': 0.8}"
XGBoost,Boosted trees,hb_graph,43,0.233096122,2665,723,14,42,"{'learning_rate': 0.01, 'max_depth': None, 'n_estimators': 80, 'subsample': 1.0}"
XGBoost,Boosted trees,pairwise,44,0.391283457,2773,615,4,42,"{'learning_rate': 0.01, 'max_depth': 5, 'n_estimators': 200, 'subsample': 1.0}"
XGBoost,Boosted trees,hypergraph,44,0.431569812,2773,615,8,42,"{'learning_rate': 0.01, 'max_depth': 5, 'n_estimators': 200, 'subsample': 0.75}"
XGBoost,Boosted trees,hb_graph,44,0.471932162,2773,615,14,42,"{'learning_rate': 0.05, 'max_depth': 5, 'n_estimators': 80, 'subsample': 0.8}"
XGBoost,Boosted trees,pairwise,45,0.269276308,2729,659,4,42,"{'learning_rate': 0.01, 'max_depth': None, 'n_estimators': 80, 'subsample': 0.75}"
XGBoost,Boosted trees,hypergraph,45,0.477463572,2729,659,8,42,"{'learning_rate': 0.01, 'max_depth': 5, 'n_estimators': 100, 'subsample': 0.75}"
XGBoost,Boosted trees,hb_graph,45,0.515778915,2729,659,14,42,"{'learning_rate': 0.05, 'max_depth': 5, 'n_estimators': 80, 'subsample': 0.75}"
XGBoost,Boosted trees,pairwise,46,0.255933658,2738,650,4,42,"{'learning_rate': 0.01, 'max_depth': 5, 'n_estimators': 200, 'subsample': 0.8}"
XGBoost,Boosted trees,hypergraph,46,0.337304692,2738,650,8,42,"{'learning_rate': 0.01, 'max_depth': 5, 'n_estimators': 100, 'subsample': 0.75}"
XGBoost,Boosted trees,hb_graph,46,0.331510814,2738,650,14,42,"{'learning_rate': 0.01, 'max_depth': 5, 'n_estimators': 80, 'subsample': 0.8}"
XGBoost,Boosted trees,pairwise,47,0.306456919,2598,790,4,42,"{'learning_rate': 0.05, 'max_depth': 5, 'n_estimators': 80, 'subsample': 0.8}"
XGBoost,Boosted trees,hypergraph,47,0.338258002,2598,790,8,42,"{'learning_rate': 0.05, 'max_depth': 5, 'n_estimators': 100, 'subsample': 0.8}"
XGBoost,Boosted trees,hb_graph,47,0.371136189,2598,790,14,42,"{'learning_rate': 0.01, 'max_depth': 5, 'n_estimators': 200, 'subsample': 1.0}"
XGBoost,Boosted trees,pairwise,48,0.293599153,2775,613,4,42,"{'learning_rate': 0.01, 'max_depth': 5, 'n_estimators': 200, 'subsample': 0.75}"
XGBoost,Boosted trees,hypergraph,48,0.414758617,2775,613,8,42,"{'learning_rate': 0.01, 'max_depth': 5, 'n_estimators': 100, 'subsample': 0.75}"
XGBoost,Boosted trees,hb_graph,48,0.448190047,2775,613,14,42,"{'learning_rate': 0.01, 'max_depth': 5, 'n_estimators': 200, 'subsample': 0.75}"
XGBoost,Boosted trees,pairwise,49,0.321831631,2759,629,4,42,"{'learning_rate': 0.01, 'max_depth': 5, 'n_estimators': 100, 'subsample': 0.8}"
XGBoost,Boosted trees,hypergraph,49,0.519289561,2759,629,8,42,"{'learning_rate': 0.01, 'max_depth': 5, 'n_estimators': 200, 'subsample': 1.0}"
XGBoost,Boosted trees,hb_graph,49,0.580626613,2759,629,14,42,"{'learning_rate': 0.01, 'max_depth': 5, 'n_estimators': 80, 'subsample': 0.75}"
XGBoost,Boosted trees,pairwise,50,0.211532902,2802,586,4,42,"{'learning_rate': 0.01, 'max_depth': None, 'n_estimators': 80, 'subsample': 0.75}"
XGBoost,Boosted trees,hypergraph,50,0.297750769,2802,586,8,42,"{'learning_rate': 0.01, 'max_depth': 5, 'n_estimators': 80, 'subsample': 0.75}"
XGBoost,Boosted trees,hb_graph,50,0.321845998,2802,586,14,42,"{'learning_rate': 0.05, 'max_depth': 5, 'n_estimators': 80, 'subsample': 0.75}"
LightGBM,Boosted trees,pairwise,1,0.292988479,2701,687,4,42,"{'learning_rate': 0.01, 'max_depth': 5, 'n_estimators': 200, 'num_leaves': 30}"
LightGBM,Boosted trees,hypergraph,1,0.340192365,2701,687,8,42,"{'learning_rate': 0.01, 'max_depth': None, 'n_estimators': 80, 'num_leaves': 100}"
LightGBM,Boosted trees,hb_graph,1,0.325419331,2701,687,14,42,"{'learning_rate': 0.01, 'max_depth': 5, 'n_estimators': 200, 'num_leaves': 30}"
LightGBM,Boosted trees,pairwise,2,0.249763288,2673,715,4,42,"{'learning_rate': 0.01, 'max_depth': 5, 'n_estimators': 200, 'num_leaves': 30}"
LightGBM,Boosted trees,hypergraph,2,0.265512912,2673,715,8,42,"{'learning_rate': 0.01, 'max_depth': 5, 'n_estimators': 200, 'num_leaves': 30}"
LightGBM,Boosted trees,hb_graph,2,0.27365676,2673,715,14,42,"{'learning_rate': 0.01, 'max_depth': 5, 'n_estimators': 200, 'num_leaves': 30}"
LightGBM,Boosted trees,pairwise,3,0.290719436,2665,723,4,42,"{'learning_rate': 0.01, 'max_depth': 5, 'n_estimators': 200, 'num_leaves': 30}"
LightGBM,Boosted trees,hypergraph,3,0.302418282,2665,723,8,42,"{'learning_rate': 0.01, 'max_depth': None, 'n_estimators': 80, 'num_leaves': 30}"
LightGBM,Boosted trees,hb_graph,3,0.238526568,2665,723,14,42,"{'learning_rate': 0.01, 'max_depth': 5, 'n_estimators': 80, 'num_leaves': 30}"
LightGBM,Boosted trees,pairwise,4,0.298223302,2749,639,4,42,"{'learning_rate': 0.01, 'max_depth': 5, 'n_estimators': 200, 'num_leaves': 30}"
LightGBM,Boosted trees,hypergraph,4,0.282710615,2749,639,8,42,"{'learning_rate': 0.01, 'max_depth': 5, 'n_estimators': 80, 'num_leaves': 30}"
LightGBM,Boosted trees,hb_graph,4,0.319385631,2749,639,14,42,"{'learning_rate': 0.05, 'max_depth': 5, 'n_estimators': 80, 'num_leaves': 30}"
LightGBM,Boosted trees,pairwise,5,0.130623557,2757,631,4,42,"{'learning_rate': 0.05, 'max_depth': None, 'n_estimators': 80, 'num_leaves': 30}"
LightGBM,Boosted trees,hypergraph,5,0.403767276,2757,631,8,42,"{'learning_rate': 0.01, 'max_depth': 5, 'n_estimators': 100, 'num_leaves': 30}"
LightGBM,Boosted trees,hb_graph,5,0.463984618,2757,631,14,42,"{'learning_rate': 0.01, 'max_depth': 5, 'n_estimators': 200, 'num_leaves': 30}"
LightGBM,Boosted trees,pairwise,6,0.532249106,2682,706,4,42,"{'learning_rate': 0.01, 'max_depth': 5, 'n_estimators': 200, 'num_leaves': 30}"
LightGBM,Boosted trees,hypergraph,6,0.520673436,2682,706,8,42,"{'learning_rate': 0.01, 'max_depth': 5, 'n_estimators': 100, 'num_leaves': 30}"
LightGBM,Boosted trees,hb_graph,6,0.556869054,2682,706,14,42,"{'learning_rate': 0.01, 'max_depth': 5, 'n_estimators': 200, 'num_leaves': 30}"
LightGBM,Boosted trees,pairwise,7,0.296034257,2760,628,4,42,"{'learning_rate': 0.01, 'max_depth': 5, 'n_estimators': 200, 'num_leaves': 30}"
LightGBM,Boosted trees,hypergraph,7,0.508725366,2760,628,8,42,"{'learning_rate': 0.01, 'max_depth': 5, 'n_estimators': 200, 'num_leaves': 30}"
LightGBM,Boosted trees,hb_graph,7,0.5191114,2760,628,14,42,"{'learning_rate': 0.05, 'max_depth': 10, 'n_estimators': 80, 'num_leaves': 100}"
LightGBM,Boosted trees,pairwise,8,0.197852102,2764,624,4,42,"{'learning_rate': 0.01, 'max_depth': 5, 'n_estimators': 200, 'num_leaves': 30}"
LightGBM,Boosted trees,hypergraph,8,0.280244606,2764,624,8,42,"{'learning_rate': 0.01, 'max_depth': 10, 'n_estimators': 80, 'num_leaves': 30}"
LightGBM,Boosted trees,hb_graph,8,0.319938042,2764,624,14,42,"{'learning_rate': 0.01, 'max_depth': 10, 'n_estimators': 80, 'num_leaves': 50}"
LightGBM,Boosted trees,pairwise,9,0.124497844,2748,640,4,42,"{'learning_rate': 0.01, 'max_depth': 5, 'n_estimators': 200, 'num_leaves': 30}"
LightGBM,Boosted trees,hypergraph,9,0.153772145,2748,640,8,42,"{'learning_rate': 0.01, 'max_depth': 5, 'n_estimators': 100, 'num_leaves': 30}"
LightGBM,Boosted trees,hb_graph,9,0.237268948,2748,640,14,42,"{'learning_rate': 0.01, 'max_depth': 5, 'n_estimators': 200, 'num_leaves': 30}"
LightGBM,Boosted trees,pairwise,10,0.231152886,2696,692,4,42,"{'learning_rate': 0.01, 'max_depth': 5, 'n_estimators': 200, 'num_leaves': 30}"
LightGBM,Boosted trees,hypergraph,10,0.455087931,2696,692,8,42,"{'learning_rate': 0.01, 'max_depth': 10, 'n_estimators': 80, 'num_leaves': 30}"
LightGBM,Boosted trees,hb_graph,10,0.489409284,2696,692,14,42,"{'learning_rate': 0.01, 'max_depth': 5, 'n_estimators': 200, 'num_leaves': 30}"
LightGBM,Boosted trees,pairwise,11,0.202271165,2801,587,4,42,"{'learning_rate': 0.05, 'max_depth': 5, 'n_estimators': 80, 'num_leaves': 30}"
LightGBM,Boosted trees,hypergraph,11,0.315756519,2801,587,8,42,"{'learning_rate': 0.01, 'max_depth': 10, 'n_estimators': 100, 'num_leaves': 30}"
LightGBM,Boosted trees,hb_graph,11,0.242631515,2801,587,14,42,"{'learning_rate': 0.01, 'max_depth': 5, 'n_estimators': 200, 'num_leaves': 30}"
LightGBM,Boosted trees,pairwise,12,0.307838034,2740,648,4,42,"{'learning_rate': 0.05, 'max_depth': 5, 'n_estimators': 80, 'num_leaves': 30}"
LightGBM,Boosted trees,hypergraph,12,0.291968352,2740,648,8,42,"{'learning_rate': 0.01, 'max_depth': 5, 'n_estimators': 100, 'num_leaves': 30}"
LightGBM,Boosted trees,hb_graph,12,0.339997876,2740,648,14,42,"{'learning_rate': 0.01, 'max_depth': 5, 'n_estimators': 200, 'num_leaves': 30}"
LightGBM,Boosted trees,pairwise,13,0.231369716,2636,752,4,42,"{'learning_rate': 0.01, 'max_depth': 5, 'n_estimators': 200, 'num_leaves': 30}"
LightGBM,Boosted trees,hypergraph,13,0.236646168,2636,752,8,42,"{'learning_rate': 0.01, 'max_depth': 5, 'n_estimators': 80, 'num_leaves': 30}"
LightGBM,Boosted trees,hb_graph,13,0.24059003,2636,752,14,42,"{'learning_rate': 0.01, 'max_depth': 5, 'n_estimators': 80, 'num_leaves': 30}"
LightGBM,Boosted trees,pairwise,14,0.413214561,2706,682,4,42,"{'learning_rate': 0.01, 'max_depth': 5, 'n_estimators': 80, 'num_leaves': 30}"
LightGBM,Boosted trees,hypergraph,14,0.564777701,2706,682,8,42,"{'learning_rate': 0.01, 'max_depth': 5, 'n_estimators': 100, 'num_leaves': 30}"
LightGBM,Boosted trees,hb_graph,14,0.519739935,2706,682,14,42,"{'learning_rate': 0.01, 'max_depth': 5, 'n_estimators': 200, 'num_leaves': 30}"
LightGBM,Boosted trees,pairwise,15,0.257814242,2684,704,4,42,"{'learning_rate': 0.05, 'max_depth': 5, 'n_estimators': 80, 'num_leaves': 30}"
LightGBM,Boosted trees,hypergraph,15,0.432194088,2684,704,8,42,"{'learning_rate': 0.01, 'max_depth': None, 'n_estimators': 80, 'num_leaves': 30}"
LightGBM,Boosted trees,hb_graph,15,0.478945537,2684,704,14,42,"{'learning_rate': 0.01, 'max_depth': 5, 'n_estimators': 80, 'num_leaves': 30}"
LightGBM,Boosted trees,pairwise,16,0.286166807,2673,715,4,42,"{'learning_rate': 0.05, 'max_depth': 5, 'n_estimators': 80, 'num_leaves': 30}"
LightGBM,Boosted trees,hypergraph,16,0.249868295,2673,715,8,42,"{'learning_rate': 0.05, 'max_depth': 5, 'n_estimators': 80, 'num_leaves': 30}"
LightGBM,Boosted trees,hb_graph,16,0.284193574,2673,715,14,42,"{'learning_rate': 0.05, 'max_depth': 5, 'n_estimators': 80, 'num_leaves': 30}"
LightGBM,Boosted trees,pairwise,17,0.20550138,2667,721,4,42,"{'learning_rate': 0.01, 'max_depth': 5, 'n_estimators': 200, 'num_leaves': 30}"
LightGBM,Boosted trees,hypergraph,17,0.24251425,2667,721,8,42,"{'learning_rate': 0.01, 'max_depth': None, 'n_estimators': 80, 'num_leaves': 100}"
LightGBM,Boosted trees,hb_graph,17,0.264064601,2667,721,14,42,"{'learning_rate': 0.01, 'max_depth': 5, 'n_estimators': 200, 'num_leaves': 30}"
LightGBM,Boosted trees,pairwise,18,0.241262646,2728,660,4,42,"{'learning_rate': 0.01, 'max_depth': 5, 'n_estimators': 200, 'num_leaves': 30}"
LightGBM,Boosted trees,hypergraph,18,0.309969624,2728,660,8,42,"{'learning_rate': 0.01, 'max_depth': 5, 'n_estimators': 100, 'num_leaves': 30}"
LightGBM,Boosted trees,hb_graph,18,0.319381193,2728,660,14,42,"{'learning_rate': 0.01, 'max_depth': 5, 'n_estimators': 100, 'num_leaves': 30}"
LightGBM,Boosted trees,pairwise,19,0.186867517,2791,597,4,42,"{'learning_rate': 0.01, 'max_depth': 10, 'n_estimators': 100, 'num_leaves': 50}"
LightGBM,Boosted trees,hypergraph,19,0.377473409,2791,597,8,42,"{'learning_rate': 0.01, 'max_depth': 5, 'n_estimators': 200, 'num_leaves': 30}"
LightGBM,Boosted trees,hb_graph,19,0.407967645,2791,597,14,42,"{'learning_rate': 0.01, 'max_depth': 5, 'n_estimators': 200, 'num_leaves': 30}"
LightGBM,Boosted trees,pairwise,20,0.206183697,2672,716,4,42,"{'learning_rate': 0.01, 'max_depth': 5, 'n_estimators': 200, 'num_leaves': 30}"
LightGBM,Boosted trees,hypergraph,20,0.296396673,2672,716,8,42,"{'learning_rate': 0.01, 'max_depth': 5, 'n_estimators': 80, 'num_leaves': 30}"
LightGBM,Boosted trees,hb_graph,20,0.363927381,2672,716,14,42,"{'learning_rate': 0.05, 'max_depth': 5, 'n_estimators': 80, 'num_leaves': 30}"
LightGBM,Boosted trees,pairwise,21,0.377285525,2738,650,4,42,"{'learning_rate': 0.01, 'max_depth': 5, 'n_estimators': 200, 'num_leaves': 30}"
LightGBM,Boosted trees,hypergraph,21,0.438523752,2738,650,8,42,"{'learning_rate': 0.01, 'max_depth': None, 'n_estimators': 80, 'num_leaves': 50}"
LightGBM,Boosted trees,hb_graph,21,0.478337338,2738,650,14,42,"{'learning_rate': 0.01, 'max_depth': 5, 'n_estimators': 100, 'num_leaves': 30}"
LightGBM,Boosted trees,pairwise,22,0.168594679,2683,705,4,42,"{'learning_rate': 0.01, 'max_depth': 5, 'n_estimators': 200, 'num_leaves': 30}"
LightGBM,Boosted trees,hypergraph,22,0.186644272,2683,705,8,42,"{'learning_rate': 0.01, 'max_depth': 5, 'n_estimators': 80, 'num_leaves': 30}"
LightGBM,Boosted trees,hb_graph,22,0.197652358,2683,705,14,42,"{'learning_rate': 0.01, 'max_depth': 5, 'n_estimators': 80, 'num_leaves': 30}"
LightGBM,Boosted trees,pairwise,23,0.223470286,2689,699,4,42,"{'learning_rate': 0.01, 'max_depth': 5, 'n_estimators': 200, 'num_leaves': 30}"
LightGBM,Boosted trees,hypergraph,23,0.219806648,2689,699,8,42,"{'learning_rate': 0.01, 'max_depth': None, 'n_estimators': 80, 'num_leaves': 30}"
LightGBM,Boosted trees,hb_graph,23,0.307912758,2689,699,14,42,"{'learning_rate': 0.01, 'max_depth': 5, 'n_estimators': 200, 'num_leaves': 30}"
LightGBM,Boosted trees,pairwise,24,0.303151809,2742,646,4,42,"{'learning_rate': 0.05, 'max_depth': 5, 'n_estimators': 80, 'num_leaves': 30}"
LightGBM,Boosted trees,hypergraph,24,0.310928934,2742,646,8,42,"{'learning_rate': 0.01, 'max_depth': 5, 'n_estimators': 80, 'num_leaves': 30}"
LightGBM,Boosted trees,hb_graph,24,0.306761542,2742,646,14,42,"{'learning_rate': 0.01, 'max_depth': 5, 'n_estimators': 80, 'num_leaves': 30}"
LightGBM,Boosted trees,pairwise,25,0.236534108,2736,652,4,42,"{'learning_rate': 0.01, 'max_depth': 5, 'n_estimators': 200, 'num_leaves': 30}"
LightGBM,Boosted trees,hypergraph,25,0.494069279,2736,652,8,42,"{'learning_rate': 0.01, 'max_depth': None, 'n_estimators': 100, 'num_leaves': 30}"
LightGBM,Boosted trees,hb_graph,25,0.582951757,2736,652,14,42,"{'learning_rate': 0.01, 'max_depth': 5, 'n_estimators': 200, 'num_leaves': 30}"
LightGBM,Boosted trees,pairwise,26,0.328651925,2743,645,4,42,"{'learning_rate': 0.05, 'max_depth': None, 'n_estimators': 100, 'num_leaves': 50}"
LightGBM,Boosted trees,hypergraph,26,0.560915513,2743,645,8,42,"{'learning_rate': 0.01, 'max_depth': 10, 'n_estimators': 100, 'num_leaves': 100}"
LightGBM,Boosted trees,hb_graph,26,0.635224451,2743,645,14,42,"{'learning_rate': 0.01, 'max_depth': 5, 'n_estimators': 100, 'num_leaves': 30}"
LightGBM,Boosted trees,pairwise,27,0.336352333,2701,687,4,42,"{'learning_rate': 0.05, 'max_depth': 5, 'n_estimators': 80, 'num_leaves': 30}"
LightGBM,Boosted trees,hypergraph,27,0.478154893,2701,687,8,42,"{'learning_rate': 0.01, 'max_depth': 5, 'n_estimators': 100, 'num_leaves': 30}"
LightGBM,Boosted trees,hb_graph,27,0.458132145,2701,687,14,42,"{'learning_rate': 0.01, 'max_depth': 5, 'n_estimators': 200, 'num_leaves': 30}"
LightGBM,Boosted trees,pairwise,28,0.372947954,2751,637,4,42,"{'learning_rate': 0.01, 'max_depth': 5, 'n_estimators': 200, 'num_leaves': 30}"
LightGBM,Boosted trees,hypergraph,28,0.421055985,2751,637,8,42,"{'learning_rate': 0.01, 'max_depth': 5, 'n_estimators': 100, 'num_leaves': 30}"
LightGBM,Boosted trees,hb_graph,28,0.439439168,2751,637,14,42,"{'learning_rate': 0.01, 'max_depth': 5, 'n_estimators': 80, 'num_leaves': 30}"
LightGBM,Boosted trees,pairwise,29,0.227705096,2656,732,4,42,"{'learning_rate': 0.01, 'max_depth': 5, 'n_estimators': 200, 'num_leaves': 30}"
LightGBM,Boosted trees,hypergraph,29,0.195508719,2656,732,8,42,"{'learning_rate': 0.01, 'max_depth': 10, 'n_estimators': 80, 'num_leaves': 100}"
LightGBM,Boosted trees,hb_graph,29,0.248865345,2656,732,14,42,"{'learning_rate': 0.01, 'max_depth': 5, 'n_estimators': 200, 'num_leaves': 30}"
LightGBM,Boosted trees,pairwise,30,0.217543594,2698,690,4,42,"{'learning_rate': 0.01, 'max_depth': 5, 'n_estimators': 200, 'num_leaves': 30}"
LightGBM,Boosted trees,hypergraph,30,0.324297585,2698,690,8,42,"{'learning_rate': 0.01, 'max_depth': 10, 'n_estimators': 80, 'num_leaves': 100}"
LightGBM,Boosted trees,hb_graph,30,0.383479516,2698,690,14,42,"{'learning_rate': 0.01, 'max_depth': 5, 'n_estimators': 200, 'num_leaves': 30}"
LightGBM,Boosted trees,pairwise,31,0.265125974,2756,632,4,42,"{'learning_rate': 0.01, 'max_depth': 5, 'n_estimators': 100, 'num_leaves': 30}"
LightGBM,Boosted trees,hypergraph,31,0.214693873,2756,632,8,42,"{'learning_rate': 0.01, 'max_depth': 5, 'n_estimators': 100, 'num_leaves': 30}"
LightGBM,Boosted trees,hb_graph,31,0.180218987,2756,632,14,42,"{'learning_rate': 0.01, 'max_depth': 5, 'n_estimators': 200, 'num_leaves': 30}"
LightGBM,Boosted trees,pairwise,32,0.313217389,2696,692,4,42,"{'learning_rate': 0.01, 'max_depth': 5, 'n_estimators': 200, 'num_leaves': 30}"
LightGBM,Boosted trees,hypergraph,32,0.335965708,2696,692,8,42,"{'learning_rate': 0.01, 'max_depth': 5, 'n_estimators': 100, 'num_leaves': 30}"
LightGBM,Boosted trees,hb_graph,32,0.300966392,2696,692,14,42,"{'learning_rate': 0.05, 'max_depth': 5, 'n_estimators': 80, 'num_leaves': 30}"
LightGBM,Boosted trees,pairwise,33,0.255242553,2771,617,4,42,"{'learning_rate': 0.01, 'max_depth': 5, 'n_estimators': 200, 'num_leaves': 30}"
LightGBM,Boosted trees,hypergraph,33,0.493459481,2771,617,8,42,"{'learning_rate': 0.01, 'max_depth': 5, 'n_estimators': 200, 'num_leaves': 30}"
LightGBM,Boosted trees,hb_graph,33,0.496753116,2771,617,14,42,"{'learning_rate': 0.01, 'max_depth': 5, 'n_estimators': 200, 'num_leaves': 30}"
LightGBM,Boosted trees,pairwise,34,0.234095606,2726,662,4,42,"{'learning_rate': 0.01, 'max_depth': None, 'n_estimators': 200, 'num_leaves': 30}"
LightGBM,Boosted trees,hypergraph,34,0.416618685,2726,662,8,42,"{'learning_rate': 0.01, 'max_depth': 5, 'n_estimators': 100, 'num_leaves': 30}"
LightGBM,Boosted trees,hb_graph,34,0.48130336,2726,662,14,42,"{'learning_rate': 0.01, 'max_depth': 5, 'n_estimators': 200, 'num_leaves': 30}"
LightGBM,Boosted trees,pairwise,35,0.28622086,2747,641,4,42,"{'learning_rate': 0.01, 'max_depth': 5, 'n_estimators': 200, 'num_leaves': 30}"
LightGBM,Boosted trees,hypergraph,35,0.336221665,2747,641,8,42,"{'learning_rate': 0.01, 'max_depth': 5, 'n_estimators': 80, 'num_leaves': 30}"
LightGBM,Boosted trees,hb_graph,35,0.341157476,2747,641,14,42,"{'learning_rate': 0.05, 'max_depth': None, 'n_estimators': 200, 'num_leaves': 30}"
LightGBM,Boosted trees,pairwise,36,0.30854615,2735,653,4,42,"{'learning_rate': 0.01, 'max_depth': 5, 'n_estimators': 200, 'num_leaves': 30}"
LightGBM,Boosted trees,hypergraph,36,0.350042643,2735,653,8,42,"{'learning_rate': 0.01, 'max_depth': 10, 'n_estimators': 80, 'num_leaves': 50}"
LightGBM,Boosted trees,hb_graph,36,0.370807927,2735,653,14,42,"{'learning_rate': 0.01, 'max_depth': 5, 'n_estimators': 80, 'num_leaves': 30}"
LightGBM,Boosted trees,pairwise,37,0.281067626,2763,625,4,42,"{'learning_rate': 0.01, 'max_depth': 10, 'n_estimators': 200, 'num_leaves': 30}"
LightGBM,Boosted trees,hypergraph,37,0.350586435,2763,625,8,42,"{'learning_rate': 0.01, 'max_depth': 5, 'n_estimators': 200, 'num_leaves': 30}"
LightGBM,Boosted trees,hb_graph,37,0.317773055,2763,625,14,42,"{'learning_rate': 0.01, 'max_depth': 5, 'n_estimators': 200, 'num_leaves': 30}"
LightGBM,Boosted trees,pairwise,38,0.28406917,2713,675,4,42,"{'learning_rate': 0.01, 'max_depth': 10, 'n_estimators': 80, 'num_leaves': 100}"
LightGBM,Boosted trees,hypergraph,38,0.492657007,2713,675,8,42,"{'learning_rate': 0.01, 'max_depth': 5, 'n_estimators': 80, 'num_leaves': 30}"
LightGBM,Boosted trees,hb_graph,38,0.551809589,2713,675,14,42,"{'learning_rate': 0.01, 'max_depth': 5, 'n_estimators': 100, 'num_leaves': 30}"
LightGBM,Boosted trees,pairwise,39,0.235902942,2807,581,4,42,"{'learning_rate': 0.01, 'max_depth': 5, 'n_estimators': 100, 'num_leaves': 30}"
LightGBM,Boosted trees,hypergraph,39,0.281190168,2807,581,8,42,"{'learning_rate': 0.01, 'max_depth': 10, 'n_estimators': 80, 'num_leaves': 100}"
LightGBM,Boosted trees,hb_graph,39,0.341144681,2807,581,14,42,"{'learning_rate': 0.05, 'max_depth': 10, 'n_estimators': 80, 'num_leaves': 50}"
LightGBM,Boosted trees,pairwise,40,0.274619333,2756,632,4,42,"{'learning_rate': 0.01, 'max_depth': 5, 'n_estimators': 200, 'num_leaves': 30}"
LightGBM,Boosted trees,hypergraph,40,0.489964715,2756,632,8,42,"{'learning_rate': 0.01, 'max_depth': 5, 'n_estimators': 80, 'num_leaves': 30}"
LightGBM,Boosted trees,hb_graph,40,0.508043101,2756,632,14,42,"{'learning_rate': 0.01, 'max_depth': 5, 'n_estimators': 200, 'num_leaves': 30}"
LightGBM,Boosted trees,pairwise,41,0.338864935,2733,655,4,42,"{'learning_rate': 0.01, 'max_depth': 5, 'n_estimators': 200, 'num_leaves': 30}"
LightGBM,Boosted trees,hypergraph,41,0.317919349,2733,655,8,42,"{'learning_rate': 0.01, 'max_depth': 5, 'n_estimators': 80, 'num_leaves': 30}"
LightGBM,Boosted trees,hb_graph,41,0.351661798,2733,655,14,42,"{'learning_rate': 0.01, 'max_depth': 5, 'n_estimators': 200, 'num_leaves': 30}"
LightGBM,Boosted trees,pairwise,42,0.342971397,2737,651,4,42,"{'learning_rate': 0.01, 'max_depth': 5, 'n_estimators': 200, 'num_leaves': 30}"
LightGBM,Boosted trees,hypergraph,42,0.490335491,2737,651,8,42,"{'learning_rate': 0.01, 'max_depth': None, 'n_estimators': 80, 'num_leaves': 100}"
LightGBM,Boosted trees,hb_graph,42,0.446972965,2737,651,14,42,"{'learning_rate': 0.05, 'max_depth': 5, 'n_estimators': 80, 'num_leaves': 30}"
LightGBM,Boosted trees,pairwise,43,0.219873755,2665,723,4,42,"{'learning_rate': 0.01, 'max_depth': 5, 'n_estimators': 80, 'num_leaves': 30}"
LightGBM,Boosted trees,hypergraph,43,0.261540318,2665,723,8,42,"{'learning_rate': 0.01, 'max_depth': 10, 'n_estimators': 80, 'num_leaves': 50}"
LightGBM,Boosted trees,hb_graph,43,0.296994986,2665,723,14,42,"{'learning_rate': 0.01, 'max_depth': 5, 'n_estimators': 100, 'num_leaves': 30}"
LightGBM,Boosted trees,pairwise,44,0.381967138,2773,615,4,42,"{'learning_rate': 0.01, 'max_depth': 5, 'n_estimators': 200, 'num_leaves': 30}"
LightGBM,Boosted trees,hypergraph,44,0.417065878,2773,615,8,42,"{'learning_rate': 0.05, 'max_depth': 5, 'n_estimators': 80, 'num_leaves': 30}"
LightGBM,Boosted trees,hb_graph,44,0.410520511,2773,615,14,42,"{'learning_rate': 0.01, 'max_depth': 5, 'n_estimators': 80, 'num_leaves': 30}"
LightGBM,Boosted trees,pairwise,45,0.209343426,2729,659,4,42,"{'learning_rate': 0.01, 'max_depth': 5, 'n_estimators': 100, 'num_leaves': 30}"
LightGBM,Boosted trees,hypergraph,45,0.459224255,2729,659,8,42,"{'learning_rate': 0.01, 'max_depth': 5, 'n_estimators': 100, 'num_leaves': 30}"
LightGBM,Boosted trees,hb_graph,45,0.497444253,2729,659,14,42,"{'learning_rate': 0.01, 'max_depth': 10, 'n_estimators': 100, 'num_leaves': 100}"
LightGBM,Boosted trees,pairwise,46,0.235958905,2738,650,4,42,"{'learning_rate': 0.01, 'max_depth': 5, 'n_estimators': 100, 'num_leaves': 30}"
LightGBM,Boosted trees,hypergraph,46,0.316539603,2738,650,8,42,"{'learning_rate': 0.01, 'max_depth': 10, 'n_estimators': 80, 'num_leaves': 100}"
LightGBM,Boosted trees,hb_graph,46,0.281931482,2738,650,14,42,"{'learning_rate': 0.01, 'max_depth': 5, 'n_estimators': 80, 'num_leaves': 30}"
LightGBM,Boosted trees,pairwise,47,0.289904714,2598,790,4,42,"{'learning_rate': 0.01, 'max_depth': 5, 'n_estimators': 200, 'num_leaves': 30}"
LightGBM,Boosted trees,hypergraph,47,0.369900748,2598,790,8,42,"{'learning_rate': 0.05, 'max_depth': 10, 'n_estimators': 80, 'num_leaves': 30}"
LightGBM,Boosted trees,hb_graph,47,0.36205697,2598,790,14,42,"{'learning_rate': 0.01, 'max_depth': 5, 'n_estimators': 80, 'num_leaves': 30}"
LightGBM,Boosted trees,pairwise,48,0.269523979,2775,613,4,42,"{'learning_rate': 0.01, 'max_depth': 5, 'n_estimators': 200, 'num_leaves': 30}"
LightGBM,Boosted trees,hypergraph,48,0.459613062,2775,613,8,42,"{'learning_rate': 0.01, 'max_depth': 10, 'n_estimators': 100, 'num_leaves': 30}"
LightGBM,Boosted trees,hb_graph,48,0.433470095,2775,613,14,42,"{'learning_rate': 0.01, 'max_depth': 5, 'n_estimators': 100, 'num_leaves': 30}"
LightGBM,Boosted trees,pairwise,49,0.234930403,2759,629,4,42,"{'learning_rate': 0.1, 'max_depth': None, 'n_estimators': 100, 'num_leaves': 100}"
LightGBM,Boosted trees,hypergraph,49,0.498904894,2759,629,8,42,"{'learning_rate': 0.01, 'max_depth': 5, 'n_estimators': 80, 'num_leaves': 30}"
LightGBM,Boosted trees,hb_graph,49,0.57654184,2759,629,14,42,"{'learning_rate': 0.01, 'max_depth': None, 'n_estimators': 100, 'num_leaves': 30}"
LightGBM,Boosted trees,pairwise,50,0.165695966,2802,586,4,42,"{'learning_rate': 0.05, 'max_depth': 5, 'n_estimators': 80, 'num_leaves': 30}"
LightGBM,Boosted trees,hypergraph,50,0.254719236,2802,586,8,42,"{'learning_rate': 0.01, 'max_depth': 5, 'n_estimators': 80, 'num_leaves': 30}"
LightGBM,Boosted trees,hb_graph,50,0.303667706,2802,586,14,42,"{'learning_rate': 0.01, 'max_depth': 5, 'n_estimators': 200, 'num_leaves': 30}"
TabPFN,Amortised,pairwise,1,0.331356375,2701,687,4,42,{}
TabPFN,Amortised,hypergraph,1,0.347155137,2701,687,8,42,{}
TabPFN,Amortised,hb_graph,1,0.326112684,2701,687,14,42,{}
TabPFN,Amortised,pairwise,2,0.307264098,2673,715,4,42,{}
TabPFN,Amortised,hypergraph,2,0.352228346,2673,715,8,42,{}
TabPFN,Amortised,hb_graph,2,0.370911969,2673,715,14,42,{}
TabPFN,Amortised,pairwise,3,0.262691394,2665,723,4,42,{}
TabPFN,Amortised,hypergraph,3,0.338645202,2665,723,8,42,{}
TabPFN,Amortised,hb_graph,3,0.366177195,2665,723,14,42,{}
TabPFN,Amortised,pairwise,4,0.314733973,2749,639,4,42,{}
TabPFN,Amortised,hypergraph,4,0.343931159,2749,639,8,42,{}
TabPFN,Amortised,hb_graph,4,0.369911702,2749,639,14,42,{}
TabPFN,Amortised,pairwise,5,0.160156105,2757,631,4,42,{}
TabPFN,Amortised,hypergraph,5,0.371913742,2757,631,8,42,{}
TabPFN,Amortised,hb_graph,5,0.549814031,2757,631,14,42,{}
TabPFN,Amortised,pairwise,6,0.515162163,2682,706,4,42,{}
TabPFN,Amortised,hypergraph,6,0.548881747,2682,706,8,42,{}
TabPFN,Amortised,hb_graph,6,0.545257443,2682,706,14,42,{}
TabPFN,Amortised,pairwise,7,0.428596501,2760,628,4,42,{}
TabPFN,Amortised,hypergraph,7,0.561711486,2760,628,8,42,{}
TabPFN,Amortised,hb_graph,7,0.549554085,2760,628,14,42,{}
TabPFN,Amortised,pairwise,8,0.189004048,2764,624,4,42,{}
TabPFN,Amortised,hypergraph,8,0.299961091,2764,624,8,42,{}
TabPFN,Amortised,hb_graph,8,0.367664095,2764,624,14,42,{}
TabPFN,Amortised,pairwise,9,0.14975005,2748,640,4,42,{}
TabPFN,Amortised,hypergraph,9,0.232538292,2748,640,8,42,{}
TabPFN,Amortised,hb_graph,9,0.292361003,2748,640,14,42,{}
TabPFN,Amortised,pairwise,10,0.265401589,2696,692,4,42,{}
TabPFN,Amortised,hypergraph,10,0.471621213,2696,692,8,42,{}
TabPFN,Amortised,hb_graph,10,0.510783482,2696,692,14,42,{}
TabPFN,Amortised,pairwise,11,0.184481343,2801,587,4,42,{}
TabPFN,Amortised,hypergraph,11,0.427701252,2801,587,8,42,{}
TabPFN,Amortised,hb_graph,11,0.422739926,2801,587,14,42,{}
TabPFN,Amortised,pairwise,12,0.295776139,2740,648,4,42,{}
TabPFN,Amortised,hypergraph,12,0.368016826,2740,648,8,42,{}
TabPFN,Amortised,hb_graph,12,0.365287884,2740,648,14,42,{}
TabPFN,Amortised,pairwise,13,0.248133172,2636,752,4,42,{}
TabPFN,Amortised,hypergraph,13,0.307123253,2636,752,8,42,{}
TabPFN,Amortised,hb_graph,13,0.347907858,2636,752,14,42,{}
TabPFN,Amortised,pairwise,14,0.475758064,2706,682,4,42,{}
TabPFN,Amortised,hypergraph,14,0.595078024,2706,682,8,42,{}
TabPFN,Amortised,hb_graph,14,0.482629984,2706,682,14,42,{}
TabPFN,Amortised,pairwise,15,0.297638559,2684,704,4,42,{}
TabPFN,Amortised,hypergraph,15,0.475737809,2684,704,8,42,{}
TabPFN,Amortised,hb_graph,15,0.571470744,2684,704,14,42,{}
TabPFN,Amortised,pairwise,16,0.284373086,2673,715,4,42,{}
TabPFN,Amortised,hypergraph,16,0.358002719,2673,715,8,42,{}
TabPFN,Amortised,hb_graph,16,0.401539172,2673,715,14,42,{}
TabPFN,Amortised,pairwise,17,0.222168975,2667,721,4,42,{}
TabPFN,Amortised,hypergraph,17,0.308253479,2667,721,8,42,{}
TabPFN,Amortised,hb_graph,17,0.362877284,2667,721,14,42,{}
TabPFN,Amortised,pairwise,18,0.29080634,2728,660,4,42,{}
TabPFN,Amortised,hypergraph,18,0.372197396,2728,660,8,42,{}
TabPFN,Amortised,hb_graph,18,0.383364217,2728,660,14,42,{}
TabPFN,Amortised,pairwise,19,0.248227016,2791,597,4,42,{}
TabPFN,Amortised,hypergraph,19,0.387111473,2791,597,8,42,{}
TabPFN,Amortised,hb_graph,19,0.487311124,2791,597,14,42,{}
TabPFN,Amortised,pairwise,20,0.215344702,2672,716,4,42,{}
TabPFN,Amortised,hypergraph,20,0.330795347,2672,716,8,42,{}
TabPFN,Amortised,hb_graph,20,0.357322347,2672,716,14,42,{}
TabPFN,Amortised,pairwise,21,0.418801655,2738,650,4,42,{}
TabPFN,Amortised,hypergraph,21,0.484338931,2738,650,8,42,{}
TabPFN,Amortised,hb_graph,21,0.531731894,2738,650,14,42,{}
TabPFN,Amortised,pairwise,22,0.186525663,2683,705,4,42,{}
TabPFN,Amortised,hypergraph,22,0.276974248,2683,705,8,42,{}
TabPFN,Amortised,hb_graph,22,0.28804369,2683,705,14,42,{}
TabPFN,Amortised,pairwise,23,0.250365219,2689,699,4,42,{}
TabPFN,Amortised,hypergraph,23,0.273127214,2689,699,8,42,{}
TabPFN,Amortised,hb_graph,23,0.319402305,2689,699,14,42,{}
TabPFN,Amortised,pairwise,24,0.301956724,2742,646,4,42,{}
TabPFN,Amortised,hypergraph,24,0.333290081,2742,646,8,42,{}
TabPFN,Amortised,hb_graph,24,0.349311335,2742,646,14,42,{}
TabPFN,Amortised,pairwise,25,0.27662507,2736,652,4,42,{}
TabPFN,Amortised,hypergraph,25,0.522542722,2736,652,8,42,{}
TabPFN,Amortised,hb_graph,25,0.594757046,2736,652,14,42,{}
TabPFN,Amortised,pairwise,26,0.388781882,2743,645,4,42,{}
TabPFN,Amortised,hypergraph,26,0.652453155,2743,645,8,42,{}
TabPFN,Amortised,hb_graph,26,0.687996939,2743,645,14,42,{}
TabPFN,Amortised,pairwise,27,0.386766808,2701,687,4,42,{}
TabPFN,Amortised,hypergraph,27,0.521577625,2701,687,8,42,{}
TabPFN,Amortised,hb_graph,27,0.526225738,2701,687,14,42,{}
TabPFN,Amortised,pairwise,28,0.486685902,2751,637,4,42,{}
TabPFN,Amortised,hypergraph,28,0.556947907,2751,637,8,42,{}
TabPFN,Amortised,hb_graph,28,0.530845348,2751,637,14,42,{}
TabPFN,Amortised,pairwise,29,0.211869652,2656,732,4,42,{}
TabPFN,Amortised,hypergraph,29,0.24161895,2656,732,8,42,{}
TabPFN,Amortised,hb_graph,29,0.269168884,2656,732,14,42,{}
TabPFN,Amortised,pairwise,30,0.242549195,2698,690,4,42,{}
TabPFN,Amortised,hypergraph,30,0.341786032,2698,690,8,42,{}
TabPFN,Amortised,hb_graph,30,0.411529408,2698,690,14,42,{}
TabPFN,Amortised,pairwise,31,0.259481523,2756,632,4,42,{}
TabPFN,Amortised,hypergraph,31,0.206015635,2756,632,8,42,{}
TabPFN,Amortised,hb_graph,31,0.230910444,2756,632,14,42,{}
TabPFN,Amortised,pairwise,32,0.316248682,2696,692,4,42,{}
TabPFN,Amortised,hypergraph,32,0.351377748,2696,692,8,42,{}
TabPFN,Amortised,hb_graph,32,0.35651599,2696,692,14,42,{}
TabPFN,Amortised,pairwise,33,0.346085327,2771,617,4,42,{}
TabPFN,Amortised,hypergraph,33,0.473983753,2771,617,8,42,{}
TabPFN,Amortised,hb_graph,33,0.519621108,2771,617,14,42,{}
TabPFN,Amortised,pairwise,34,0.253705384,2726,662,4,42,{}
TabPFN,Amortised,hypergraph,34,0.451899563,2726,662,8,42,{}
TabPFN,Amortised,hb_graph,34,0.569588724,2726,662,14,42,{}
TabPFN,Amortised,pairwise,35,0.32131188,2747,641,4,42,{}
TabPFN,Amortised,hypergraph,35,0.345543288,2747,641,8,42,{}
TabPFN,Amortised,hb_graph,35,0.361785724,2747,641,14,42,{}
TabPFN,Amortised,pairwise,36,0.279891004,2735,653,4,42,{}
TabPFN,Amortised,hypergraph,36,0.380780688,2735,653,8,42,{}
TabPFN,Amortised,hb_graph,36,0.39563218,2735,653,14,42,{}
TabPFN,Amortised,pairwise,37,0.347735912,2763,625,4,42,{}
TabPFN,Amortised,hypergraph,37,0.368372605,2763,625,8,42,{}
TabPFN,Amortised,hb_graph,37,0.38676388,2763,625,14,42,{}
TabPFN,Amortised,pairwise,38,0.355495519,2713,675,4,42,{}
TabPFN,Amortised,hypergraph,38,0.640354921,2713,675,8,42,{}
TabPFN,Amortised,hb_graph,38,0.71401302,2713,675,14,42,{}
TabPFN,Amortised,pairwise,39,0.255647544,2807,581,4,42,{}
TabPFN,Amortised,hypergraph,39,0.297980665,2807,581,8,42,{}
TabPFN,Amortised,hb_graph,39,0.35907563,2807,581,14,42,{}
TabPFN,Amortised,pairwise,40,0.299299391,2756,632,4,42,{}
TabPFN,Amortised,hypergraph,40,0.418694501,2756,632,8,42,{}
TabPFN,Amortised,hb_graph,40,0.498900158,2756,632,14,42,{}
TabPFN,Amortised,pairwise,41,0.336099427,2733,655,4,42,{}
TabPFN,Amortised,hypergraph,41,0.431570518,2733,655,8,42,{}
TabPFN,Amortised,hb_graph,41,0.325737559,2733,655,14,42,{}
TabPFN,Amortised,pairwise,42,0.367494897,2737,651,4,42,{}
TabPFN,Amortised,hypergraph,42,0.496446072,2737,651,8,42,{}
TabPFN,Amortised,hb_graph,42,0.502430103,2737,651,14,42,{}
TabPFN,Amortised,pairwise,43,0.244451508,2665,723,4,42,{}
TabPFN,Amortised,hypergraph,43,0.366078625,2665,723,8,42,{}
TabPFN,Amortised,hb_graph,43,0.418959349,2665,723,14,42,{}
TabPFN,Amortised,pairwise,44,0.409361877,2773,615,4,42,{}
TabPFN,Amortised,hypergraph,44,0.388147545,2773,615,8,42,{}
TabPFN,Amortised,hb_graph,44,0.444242695,2773,615,14,42,{}
TabPFN,Amortised,pairwise,45,0.33993932,2729,659,4,42,{}
TabPFN,Amortised,hypergraph,45,0.46780367,2729,659,8,42,{}
TabPFN,Amortised,hb_graph,45,0.528927601,2729,659,14,42,{}
TabPFN,Amortised,pairwise,46,0.267137672,2738,650,4,42,{}
TabPFN,Amortised,hypergraph,46,0.32144545,2738,650,8,42,{}
TabPFN,Amortised,hb_graph,46,0.330063377,2738,650,14,42,{}
TabPFN,Amortised,pairwise,47,0.336364352,2598,790,4,42,{}
TabPFN,Amortised,hypergraph,47,0.404040022,2598,790,8,42,{}
TabPFN,Amortised,hb_graph,47,0.440252548,2598,790,14,42,{}
TabPFN,Amortised,pairwise,48,0.287588778,2775,613,4,42,{}
TabPFN,Amortised,hypergraph,48,0.414694511,2775,613,8,42,{}
TabPFN,Amortised,hb_graph,48,0.536136107,2775,613,14,42,{}
TabPFN,Amortised,pairwise,49,0.284978607,2759,629,4,42,{}
TabPFN,Amortised,hypergraph,49,0.566243994,2759,629,8,42,{}
TabPFN,Amortised,hb_graph,49,0.654693083,2759,629,14,42,{}
TabPFN,Amortised,pairwise,50,0.222663712,2802,586,4,42,{}
TabPFN,Amortised,hypergraph,50,0.356360716,2802,586,8,42,{}
TabPFN,Amortised,hb_graph,50,0.3383501,2802,586,14,42,{}