model,mean,std
pure_random,-0.0006488863749878461,0.011161336652822344
pairwise_noise,0.0026705425110503554,0.019889204238435345
hypergraph_noise,-0.003423558781511708,0.01711678742166629
