feature,mean,std,median,min,max,n_splits,rank
pair_Degree,0.16956422363492893,0.09611837299245313,0.1504289689241315,0.022252369070334514,0.3804988812448376,15,1
