feature,mean,std,median,min,max,n_splits,rank
pair_LocalClustCoeff,0.20821490768365433,0.03048512981557132,0.21428588628120165,0.15988263186680532,0.2709392124663578,15,1
pair_Degree,0.12727593999367515,0.037891546237361864,0.12389377516139302,0.06097873243811149,0.20922518862570266,15,2
pair_AvgNeighborDegree,0.037221853546125255,0.015531924310815706,0.0400034127828379,0.011336146886332327,0.06672998743160329,15,3
pair_TriangleCount,0.013222938806090025,0.015490441325451479,0.0101567985074399,-0.0007355980148823105,0.06434223072953274,15,4
