feature,mean,std,median,min,max,n_splits,rank
pair_ComponentSize,0.10832146388349528,0.05400893866489926,0.110313205220549,0.030148930723564372,0.216346321319502,15,1
pair_LocalClustCoeff,0.07170825019070551,0.047856154882277624,0.07576437372343399,-0.00266938382165455,0.2028705350061125,15,2
pair_AvgNeighborDegree,0.059977148288995336,0.04288811915290445,0.05965322594042329,-0.021834354402023116,0.11992767484611053,15,3
pair_KatzCentrality,0.05570910659085152,0.04354200827991151,0.0552953127974943,-0.01046930839168939,0.14206722870746805,15,4
pair_EigenvectorCentrality,0.026263986730502804,0.02180821892939121,0.02663981906929367,-0.015263561417233121,0.06896193054490476,15,5
pair_BetweennessCentrality,0.02272649991397675,0.02149733421959499,0.019515807325172517,-0.010056500957254324,0.06473765347113447,15,6
pair_Degree,0.019963526076099643,0.021753131893466664,0.015933065443306478,-0.008482327148392985,0.06364988651949369,15,7
pair_TriangleCount,0.01919983859230757,0.026804052317560594,0.011729294155772386,-0.012606605180132586,0.09448424012461877,15,8
