feature,mean,std,median,min,max,n_splits,rank
pair_Degree,0.2037062885931405,0.06959993916824408,0.20852256107945233,0.06974106169118409,0.3113612774153515,15,1
