feature,mean,std,median,min,max,n_splits,rank
protein_MedianUniqueRatio,0.07325586792433754,0.039709008925544534,0.07834527969660401,-0.01393497503796996,0.1520704752452846,15,1
base_Degree,0.06415020042985325,0.027744859007274175,0.06416771352956643,0.022833902369178014,0.10762515548113345,15,2
base_AvgNeighbourDegree,0.043598782889888395,0.04219276579380509,0.03274187390712842,-0.010308290829745348,0.14930828666702967,15,3
base_TriangleCount,0.03268941759540486,0.031192374897267346,0.0406030334983009,-0.026357336863090434,0.08876735507197672,15,4
protein_RangeUniqueRatio,0.02978161148303082,0.04151786683307721,0.02730293510312636,-0.04866435975936375,0.11421647574106437,15,5
protein_MedComplexNodes,0.024781794922976084,0.018407770068544983,0.023475835977300803,-0.011923107698017596,0.05361364889005672,15,6
base_UniquePartners,0.013363656215321247,0.023964075691848233,0.01258749168540158,-0.025764963215252436,0.0588953892295264,15,7
base_LocalClustCoeff,0.006934592353030933,0.01655856974127093,0.0015160318541316998,-0.013396591243198674,0.04866884609158577,15,8
protein_RangeComplexNodes,-0.0030642559840328904,0.008005662000238016,-0.0006677966795076262,-0.02766033638011144,0.005525372123658811,15,9
