feature,mean,std,median,min,max,n_splits,rank
pair_TriangleCount,0.22095859777153745,0.03517030650086521,0.22597809593692872,0.1449953531790551,0.26371457928595654,15,1
pair_AvgNeighborDegree,0.08433574252748631,0.03441241859426685,0.08140067932702766,0.01936602922656942,0.14598433065902855,15,2
pair_Degree,0.08240513390499829,0.024008039424695808,0.08460401304288642,0.028206495023569457,0.1259302161164486,15,3
pair_LocalClustCoeff,0.04998448035400046,0.01389748095212509,0.04895364868849039,0.02742134441569271,0.0782709587732862,15,4
