feature,mean,std,median,min,max,n_splits,rank
base_Degree,0.11167555589122426,0.04638310259189967,0.09754609403507337,0.06043732275434109,0.21027662498769342,15,1
protein_MedianUniqueRatio,0.10215898245471625,0.04644983419459032,0.08266994099042299,0.03410032921444033,0.19643469319833531,15,2
protein_RangeUniqueRatio,0.07198932827716469,0.027127407508359076,0.07430838276386165,0.012544466012637506,0.11871357299295308,15,3
protein_MedComplexNodes,0.045288429505218865,0.03878254582669336,0.032844145846964413,0.003232919655748856,0.1346881411318746,15,4
base_AvgNeighbourDegree,0.024164530622236145,0.01271765737861346,0.020699832361192338,0.0074321599918053816,0.05109344138171641,15,5
base_UniquePartners,0.0208964688490846,0.015612546371550538,0.019860919916608794,-0.006790819371736767,0.049274223569493326,15,6
base_TriangleCount,0.009851211827779583,0.011382686737702773,0.009300206273679067,-0.011460940128183527,0.0315893784153623,15,7
protein_RangeComplexNodes,0.008263170079981523,0.007149926245719333,0.004761385351691455,1.640359595632135e-05,0.020168266845567235,15,8
base_LocalClustCoeff,0.004400550496022785,0.008146328126949386,0.00439595246045088,-0.005961715436867493,0.019743978037652606,15,9
