model,mean,std
pure_random,0.00018066823053156304,0.007711617186593935
pairwise_noise,-4.343308966943863e-05,0.00867338416604798
hypergraph_noise,-0.0002645542191600611,0.006464297665564302
