model,mean,std
pure_random,-0.002389271760738815,0.007643233452343097
pairwise_noise,-0.00662017880456901,0.012678141842769811
hypergraph_noise,-0.0014696548466878532,0.011143790340340496
