feature,mean,std,median,min,max,n_splits,rank
pair_LocalClustCoeff,0.2067841886302509,0.027934997579154467,0.20499898634631442,0.15944648590673227,0.2544348431536737,15,1
pair_Degree,0.12364510240606257,0.03040759943475688,0.12506796166250858,0.07351340963215265,0.18100272894533143,15,2
pair_AvgNeighborDegree,0.0483776388912258,0.01508038913516347,0.04665404373686803,0.025873877905288695,0.07892011673122123,15,3
pair_TriangleCount,0.010572142282791472,0.00462562406367379,0.011440647363140993,0.00308111216243539,0.0174100281049712,15,4
