feature,mean,std,median,min,max,n_splits,rank
pair_Degree,0.24413343247407526,0.0815567395942554,0.24489138431380836,0.1252011769357357,0.39286602741729443,15,1
