feature,mean,std,median,min,max,n_splits,rank
pair_LocalClustCoeff,0.11097457390742417,0.03379415527624772,0.12208454982479156,0.045427119030024235,0.1628719582734695,15,1
pair_BetweennessCentrality,0.09703434140587243,0.03938539356669511,0.09112216088862493,0.044940423524669905,0.17839115522507767,15,2
pair_EigenvectorCentrality,0.043870681144532346,0.030199056515838135,0.03717821411399884,0.015974755231585952,0.12953195531357556,15,3
pair_AvgNeighborDegree,0.02947261348410247,0.018345477344237554,0.025729261655908393,-0.009182968562603982,0.05790107781100044,15,4
pair_KatzCentrality,0.02736406265001571,0.022723280714223703,0.019355040499197784,-0.0030083163380173693,0.06805852273247463,15,5
pair_Degree,0.025822952706922586,0.02765987354992365,0.029034311296462573,-0.02516949678550115,0.07389455756152856,15,6
pair_TriangleCount,0.02512074269385996,0.021606605672192622,0.017641050488300607,-0.005096546425090059,0.06351107133067592,15,7
pair_ComponentSize,0.003142146684973348,0.005248950686034409,0.0024792709617300736,-0.006268639042557733,0.010860577662395603,15,8
