feature,mean,std,median,min,max,n_splits,rank
pair_Degree,0.20958234376729296,0.08939848624849359,0.21129219162448046,0.03869464209067045,0.332879856819751,15,1
