feature,mean,std,median,min,max,n_splits,rank
base_Degree,0.11364784563588334,0.04029586496964837,0.10606947177731044,0.05734581706138329,0.18160920934551605,15,1
protein_MedianUniqueRatio,0.0806126757285676,0.02803877449482079,0.08657161994708909,0.0324420106624433,0.1210106292734292,15,2
protein_MedComplexNodes,0.06838519051229992,0.029954528493121305,0.06257376698688408,0.014516562692704705,0.1406728776504697,15,3
protein_RangeUniqueRatio,0.062393443702562806,0.025059325591018367,0.06830481916915745,0.02399841537440691,0.09910693520662323,15,4
base_UniquePartners,0.03088087727984933,0.0238735021904793,0.03317431622470057,-0.0165160137194388,0.06450089067487559,15,5
protein_RangeComplexNodes,0.02050565460012637,0.007482015223182972,0.021711143944912952,0.008174198433469892,0.031966864756290056,15,6
