feature,mean,std,median,min,max,n_splits,rank
pair_Degree,0.04751590285249441,0.018213843876890304,0.0473381922929826,0.011998844455768341,0.0885924490953884,15,1
