model,mean,std
pure_random,-0.0016066246808959332,0.008059620599965348
pairwise_noise,-0.00037724492669633127,0.015679448570817878
hypergraph_noise,0.0012537894949598146,0.011028240082686044
