feature,mean,std,median,min,max,n_splits,rank
pair_TriangleCount,0.19490284390088636,0.058047610672034296,0.19706361207701978,0.06916913799799802,0.29284867267297754,15,1
pair_Degree,0.06982052213390534,0.036836015885213604,0.07438562521094162,0.02746226685567842,0.12243813767676526,15,2
pair_AvgNeighborDegree,0.06912327785316642,0.044096494229071845,0.07638509434585168,-0.01094687123653082,0.15148430344086447,15,3
pair_LocalClustCoeff,0.038967822881780995,0.017314328013226445,0.03604834818712384,0.013826877611537702,0.07252892565448481,15,4
