feature,mean,std,median,min,max,n_splits,rank
pair_TriangleCount,0.21577144597413156,0.06658512174623857,0.23079582609785718,0.09707682710353517,0.30734013312222225,15,1
pair_KatzCentrality,0.06970684340553825,0.057308503252330376,0.05791135783765202,0.0041030975793824535,0.21230086563977757,15,2
pair_Degree,0.055705535750971674,0.08225531163430805,0.02433003392862241,-0.02872657161343275,0.22498442100912733,15,3
pair_ComponentSize,0.05544711313983576,0.03684055230802125,0.047760226708216565,0.010054697151019188,0.14789099305251605,15,4
pair_LocalClustCoeff,0.023491781667555913,0.01548773827361731,0.01753117084437449,0.009226978325867352,0.06167758928588389,15,5
pair_AvgNeighborDegree,0.023440078256816578,0.026622050919370775,0.017423435215492132,-0.0031180315002098,0.10912876620894316,15,6
pair_EigenvectorCentrality,0.017814544413237186,0.020374391398762848,0.013106153666054632,-0.010068548956512801,0.053155649476565967,15,7
pair_BetweennessCentrality,0.00936435551463507,0.0076791872225371646,0.011586530850566856,-0.0024324747569576476,0.021758438927222956,15,8
