feature,mean,std,median,min,max,n_splits,rank
pair_Degree,0.08864765976204644,0.026987840430398397,0.08692427517374608,0.05151110542808943,0.14869059402716345,15,1
