feature,mean,std,median,min,max,n_splits,rank
pair_Degree,0.2110523589657541,0.08738236337604308,0.24025520053933852,0.055316072532191674,0.3471935037799209,15,1
