feature,mean,std,median,min,max,n_splits,rank
pair_Degree,0.23909230331628153,0.08402754886489298,0.22629138724528103,0.12147766527205817,0.403098394239649,15,1
