feature,mean,std,median,min,max,n_splits,rank
pair_Degree,0.07809670794352351,0.024939289129486095,0.07750823271242932,0.03796565511555599,0.12530419659685996,15,1
