feature,mean,std,median,min,max,n_splits,rank
protein_MedianUniqueRatio,0.058413452214126936,0.0363868927596348,0.05924127244404385,-0.009709979939106845,0.11880364612047367,15,1
protein_MedComplexNodes,0.05784682581883672,0.031952986678279664,0.05716774789800548,0.005669215962805008,0.11600516478763548,15,2
base_Degree,0.052563490133284325,0.023607827765414938,0.04945739109115745,0.016964404472084055,0.09603701103685228,15,3
protein_RangeUniqueRatio,0.04456885003432362,0.028431965044934653,0.04001637261126697,0.00958229220524941,0.09447957162270786,15,4
protein_RangeComplexNodes,0.017421976943164733,0.012988985199262096,0.01660067024537355,-0.001302357896991846,0.0445720973797077,15,5
base_UniquePartners,-0.01242175893867378,0.020595049241035026,-0.01245411366650812,-0.0541157325227414,0.016502453869920435,15,6
