feature,mean,std,median,min,max,n_splits,rank
pair_Degree,0.03796749801795106,0.017561322459717324,0.032484857004661846,0.01848413422793728,0.07161780492342298,15,1
