feature,mean,std,median,min,max,n_splits,rank
pair_Degree,0.21797960587069218,0.06163834336909638,0.2509389683684561,0.12488061453846107,0.28952733188871577,15,1
