model,mean,std
pure_random,0.0007032113806120968,0.014065022968320594
pairwise_noise,-0.00025298613604905995,0.005550846290364221
hypergraph_noise,0.0001710920107519914,0.0027270145258065357
