feature,mean,std,median,min,max,n_splits,rank
pair_Degree,0.2593202969268698,0.06131829040330975,0.2752069737130024,0.1415170858295512,0.32400870947959204,15,1
