feature,mean,std,median,min,max,n_splits,rank
protein_MedianUniqueRatio,0.18478206337002281,0.10795862411690917,0.18234358029786063,0.037002796461622495,0.43112132373367523,15,1
base_AvgNeighbourDegree,0.13300250714155956,0.0618445384959388,0.13049982728447315,0.04157744709980209,0.2274976132768788,15,2
base_Degree,0.12922790721528485,0.08387175112451255,0.13212106914072702,0.009225701747499515,0.2922223105661177,15,3
base_TriangleCount,0.10596913949595839,0.05041188627672435,0.08910982223823992,0.04335918748248381,0.22834555573335136,15,4
protein_MedComplexNodes,0.05899602037490434,0.04704370889119229,0.0568073674589749,0.0001382791399611033,0.16598720194013367,15,5
base_LocalClustCoeff,0.021976518933641817,0.026037429394560597,0.024390354465664583,-0.03954619744356353,0.07684697198017428,15,6
base_UniquePartners,0.004564065630820167,0.017182119775605693,0.0011673691991705981,-0.02200390578983566,0.04396435455311123,15,7
protein_RangeComplexNodes,-0.0005363186029348974,0.002332351475971864,0.0,-0.008649143106855484,0.0016819142546570741,15,8
protein_RangeUniqueRatio,-0.0020894375210360047,0.011823403592828676,0.0004057103387427041,-0.03192642769389322,0.018251686792481382,15,9
