feature,mean,std,median,min,max,n_splits,rank
protein_MedianUniqueRatio,0.08886232515479883,0.044334432527108565,0.08554815529330476,0.021875228507290612,0.16805374955072944,15,1
base_Degree,0.07667594150709393,0.03965988814645223,0.08243162619723302,0.020067046670673622,0.14438554343676469,15,2
protein_RangeUniqueRatio,0.04851884438700279,0.04412223017050173,0.04279273196607829,-0.0009596633865154303,0.1586256368090663,15,3
base_AvgNeighbourDegree,0.048284209619830314,0.04307825972090571,0.04208138295658744,-0.003384441209722258,0.14001345782762015,15,4
base_TriangleCount,0.03412982832786848,0.02149555486792987,0.03834388514775244,0.003583220386756883,0.0649150647586715,15,5
protein_MedComplexNodes,0.02501868857961517,0.0204615478163505,0.026260198693108593,-0.005218468465145093,0.06865947523467407,15,6
base_UniquePartners,0.02491167905658158,0.0250661495191979,0.02534130920386421,-0.005518627877952426,0.09817878863653143,15,7
base_LocalClustCoeff,0.01259144583927884,0.018551065290246995,0.009255893100498,-0.011675010138140063,0.04953860447137019,15,8
protein_RangeComplexNodes,0.0063009201681721114,0.009052771370784841,0.005028570848167343,-0.008479176151802392,0.024128900725616957,15,9
