model,mean,std
pure_random,-4.9496833054018124e-05,0.007239408174630367
pairwise_noise,0.0007135265158335718,0.00799087384344763
hypergraph_noise,0.0004224502635451727,0.006363957440509091
