feature,mean,std,median,min,max,n_splits,rank
pair_Degree,0.07007845842534112,0.0298956288166111,0.06784114269899542,0.02598699672221651,0.126245559184562,15,1
