feature,mean,std,median,min,max,n_splits,rank
pair_Degree,0.03782022633715666,0.023546907834132415,0.029462005847743566,0.003473205427069985,0.10640759832951999,15,1
