feature,mean,std,median,min,max,n_splits,rank
pair_LocalClustCoeff,0.08384922027331973,0.024388767064155197,0.08158858062867716,0.04879861359469253,0.13362359087852596,15,1
pair_BetweennessCentrality,0.06416488328800872,0.027220356321677353,0.06049810449342126,0.02487245796737245,0.12128441227632683,15,2
pair_TriangleCount,0.028702014948209405,0.015333718007703277,0.02809790756459741,0.0066577184144852915,0.05857099374227979,15,3
pair_AvgNeighborDegree,0.02573291301564753,0.0168316725791036,0.025696271522063663,-0.0013251653675389497,0.0660299345474266,15,4
pair_EigenvectorCentrality,0.012988544613056359,0.011961676920863308,0.011881111133859906,-0.0039006098403262745,0.041050902889194336,15,5
pair_Degree,0.003217492694004907,0.011509520064166008,0.0024744942155794313,-0.018670201093763474,0.02220716378580661,15,6
pair_KatzCentrality,-0.0006986107193133414,0.008645316482881681,-0.0023360365715817564,-0.01177669257962144,0.019938279836310108,15,7
pair_ComponentSize,-0.013101630279174294,0.012944212985207254,-0.015358187918530875,-0.03326408601156109,0.011517211421264528,15,8
