model,mean,std
pure_random,8.898461252523449e-05,0.010293520798303486
pairwise_noise,-0.000861411333395445,0.013058495839834344
hypergraph_noise,-0.00022084260591706946,0.008630092668289275
