model,mean,std
pure_random,0.00013310522556394275,0.010602019594742034
pairwise_noise,4.963316899098039e-05,0.014847410544153554
hypergraph_noise,4.277776046085185e-05,0.009390909906291387
