rank,type,feature,mean,std,hit_rate,binom_p
1,real,pair_LocalClustCoeff,0.10472351689646421,0.04872168357076575,1.0,1.401298464324817e-45
2,real,pair_AvgNeighborDegree,0.03434351244568353,0.029810618632432253,0.84,6.68983977234623e-18
3,real,pair_TriangleCount,0.02816986383471221,0.02439635445165197,0.8133333333333334,3.4304080655717806e-15
4,real,pair_Degree,0.02595241322583182,0.02849113288216276,0.6733333333333333,2.6269069412203377e-05
5,NOISE,rand_0,0.00038242911415904506,0.013729132166065633,,
6,NOISE,rand_1,0.00035422315744875854,0.014525490727189545,,
7,NOISE,rand_2,-0.00013651409243405522,0.01573388296496806,,
8,NOISE,rand_3,-0.0004016055032098268,0.015307076143662264,,
