feature,mean,std,median,n,is_noise
pair_LocalClustCoeff,0.10472351689646421,0.04872168357076575,0.10256143992168001,150,False
pair_AvgNeighborDegree,0.03434351244568353,0.029810618632432253,0.0324372162783413,150,False
pair_TriangleCount,0.02816986383471221,0.02439635445165197,0.027731050738113692,150,False
pair_Degree,0.02595241322583182,0.02849113288216276,0.019744993630600928,150,False
[noise × 4],4.963316899098039e-05,0.014847410544153554,-0.00028393504527443326,600,True
rand_0,0.00038242911415904506,0.013729132166065633,0.00045455491195451475,150,True
rand_1,0.00035422315744875854,0.014525490727189545,0.0005017339787495842,150,True
rand_2,-0.00013651409243405522,0.01573388296496806,-0.0013658281892343735,150,True
rand_3,-0.0004016055032098268,0.015307076143662264,-0.0010076844970760223,150,True
