model,mean,std
pure_random,0.0007348033773433649,0.011631551256528035
pairwise_noise,0.000261135849357147,0.004508048912609953
hypergraph_noise,0.00020694845501703833,0.0023595099425086363
