rank,type,feature,mean,std,hit_rate,binom_p
1,real,pair_TriangleCount,0.1444722703162293,0.0460152177201222,1.0,1.401298464324817e-45
2,real,pair_Degree,0.0852590137585462,0.0329353055203063,0.9933333333333333,2.1159606811304738e-43
3,real,pair_LocalClustCoeff,0.0303214501799254,0.0223219654515479,0.8733333333333333,9.06036169351255e-22
4,real,pair_AvgNeighborDegree,0.0176746108757135,0.0324589189840135,0.7,1.0588547527634432e-06
5,NOISE,rand_0,0.0009656720180662,0.0057665262294592,,
6,NOISE,rand_1,0.000858957314071,0.0050358603658684,,
7,NOISE,rand_2,-0.0001722993750995,0.0051044333061388,,
8,NOISE,rand_3,-0.0006207895305153,0.0059349080553861,,
