model,mean,std
pure_random,-0.00036760409455127593,0.012356076359190315
pairwise_noise,0.0002578851066306243,0.005516123305798997
hypergraph_noise,-8.23254490632402e-05,0.00258578558778589
