feature,mean,std,median,n,is_noise
rand_0,0.0004669647540256051,0.011539816792256236,0.0007071518087979983,150,True
rand_1,0.00014383745138924094,0.011701884559014249,-0.0013562508320942121,150,True
rand_2,0.0005910634445758524,0.012017953669197055,0.0007517160656089054,150,True
rand_3,0.0015057943603229965,0.010662649271966158,0.00042953498117635633,150,True
rand_4,0.0009663568764031294,0.012130559175162443,-0.0007978878321660707,150,True
