feature,mean,std,median,n,is_noise
pair_TriangleCount,0.14447227031622936,0.04601521772012223,0.1551361244384319,150,False
pair_Degree,0.0852590137585462,0.03293530552030637,0.08550664369984422,150,False
pair_LocalClustCoeff,0.030321450179925467,0.022321965451547958,0.02704795297533291,150,False
pair_AvgNeighborDegree,0.017674610875713554,0.03245891898401351,0.02178246477279973,150,False
[noise × 4],0.0002578851066306243,0.005516123305798997,0.00013787701614279558,600,True
rand_0,0.0009656720180662822,0.005766526229459241,0.0008061646016157219,150,True
rand_1,0.000858957314071057,0.005035860365868484,0.0007140627088382673,150,True
rand_2,-0.0001722993750995267,0.005104433306138877,-4.0555372930514697e-05,150,True
rand_3,-0.0006207895305153151,0.005934908055386128,-0.0007804302846375011,150,True
