feature,mean,std,median,min,max,n_splits,rank
protein_MedComplexNodes,0.1223016476233021,0.022553234058743286,0.11817504617791283,0.08799345490878044,0.16245805028619867,15,1
base_Degree,0.0975149921028404,0.0322614652227234,0.08383047482764308,0.04955274651437075,0.15906832271144075,15,2
protein_RangeUniqueRatio,0.07234092706496847,0.017405881653001685,0.07583313182030535,0.042507957086313254,0.10562381290892056,15,3
base_UniquePartners,0.03346413942464997,0.026399888306843314,0.026048647915562922,-0.010919832581307493,0.07298617151049694,15,4
protein_RangeComplexNodes,0.0227139467307362,0.015694622099564765,0.014983460473769134,0.0055378777401126345,0.06296800281890394,15,5
protein_MedianUniqueRatio,0.017246453070373122,0.022524259977737535,0.013546162198600314,-0.021972691736730665,0.05421432663291259,15,6
