feature,mean,std,median,min,max,n_splits,rank
pair_Degree,0.06234534293716845,0.02781087117268777,0.060696529796966714,0.024090333350476112,0.11823204754709563,15,1
