feature,mean,std,median,min,max,n_splits,rank
protein_MedianUniqueRatio,0.19567490281708658,0.06753110747412161,0.16991511849728827,0.08623713567096078,0.305543207808291,15,1
base_AvgNeighbourDegree,0.12799234651147065,0.06913480319042092,0.11550549535599712,0.009139835216855472,0.27115304453438693,15,2
base_Degree,0.12284317439311122,0.08338569746069678,0.09852852398199494,-0.05299021943934854,0.26608825034105343,15,3
base_TriangleCount,0.0964034149629819,0.05221853383960722,0.08979492669228553,0.019618962933586934,0.20861880182327597,15,4
protein_MedComplexNodes,0.03977712874924888,0.03828953892180534,0.03274452361933604,0.00021637014241201457,0.13791939929032657,15,5
base_LocalClustCoeff,0.020229795828491375,0.038093062563935604,0.011926544676427236,-0.029603985352248712,0.11993424471551255,15,6
base_UniquePartners,0.006068092186532981,0.02000224494032801,0.005961663390485067,-0.020870775716335888,0.05784983840986968,15,7
protein_RangeUniqueRatio,0.0009196038614143141,0.012638177150167565,0.0016453292248644307,-0.028327910675604622,0.01733098600499019,15,8
protein_RangeComplexNodes,-0.0025192954754447035,0.012270745278360865,5.8328444640298736e-05,-0.04335571532626349,0.01031526080542603,15,9
