model,family,tier,split_index,pr_auc,n_train,n_test,n_features,seed,best_params
LogisticRegression,Linear,pairwise,1,0.45657889615040836,2645,661,4,42,{'clf__C': np.float64(0.006026889128682512)}
LogisticRegression,Linear,hypergraph,1,0.5172230304373808,2645,661,8,42,{'clf__C': np.float64(0.0745934328572655)}
LogisticRegression,Linear,hb_graph,1,0.5429937984587213,2645,661,14,42,{'clf__C': np.float64(0.4205156450913872)}
LogisticRegression,Linear,pairwise,2,0.4532340383146309,2645,661,4,42,{'clf__C': np.float64(0.011526449540315618)}
LogisticRegression,Linear,hypergraph,2,0.5194561701809653,2645,661,8,42,{'clf__C': np.float64(0.033205591037519584)}
LogisticRegression,Linear,hb_graph,2,0.5340199584847473,2645,661,14,42,{'clf__C': np.float64(4.5705630998014515)}
LogisticRegression,Linear,pairwise,3,0.47731836286900353,2643,663,4,42,{'clf__C': np.float64(0.028585493941961918)}
LogisticRegression,Linear,hypergraph,3,0.5839628954866797,2643,663,8,42,{'clf__C': np.float64(0.14445251022763064)}
LogisticRegression,Linear,hb_graph,3,0.5907026688053769,2643,663,14,42,{'clf__C': np.float64(70.72114131472235)}
LogisticRegression,Linear,pairwise,4,0.41814541801108485,2644,662,4,42,{'clf__C': np.float64(0.028585493941961918)}
LogisticRegression,Linear,hypergraph,4,0.48605357733844995,2644,662,8,42,{'clf__C': np.float64(0.028585493941961918)}
LogisticRegression,Linear,hb_graph,4,0.5579042089579831,2644,662,14,42,{'clf__C': np.float64(14.528246637516036)}
LogisticRegression,Linear,pairwise,5,0.44156821774254534,2645,661,4,42,{'clf__C': np.float64(0.008111941985431923)}
LogisticRegression,Linear,hypergraph,5,0.5489578328369878,2645,661,8,42,{'clf__C': np.float64(0.0745934328572655)}
LogisticRegression,Linear,hb_graph,5,0.5737570158766845,2645,661,14,42,{'clf__C': np.float64(0.4205156450913872)}
LogisticRegression,Linear,pairwise,6,0.44723580584836375,2644,662,4,42,{'clf__C': np.float64(0.001267425589893723)}
LogisticRegression,Linear,hypergraph,6,0.5374358842686849,2644,662,8,42,{'clf__C': np.float64(0.0745934328572655)}
LogisticRegression,Linear,hb_graph,6,0.5338241519483348,2644,662,14,42,{'clf__C': np.float64(0.0060252157362038605)}
LogisticRegression,Linear,pairwise,7,0.4673744265922679,2645,661,4,42,{'clf__C': np.float64(0.008260808399079604)}
LogisticRegression,Linear,hypergraph,7,0.5554985984696311,2645,661,8,42,{'clf__C': np.float64(0.0745934328572655)}
LogisticRegression,Linear,hb_graph,7,0.6005433497947336,2645,661,14,42,{'clf__C': np.float64(0.4205156450913872)}
LogisticRegression,Linear,pairwise,8,0.4735441639841993,2643,663,4,42,{'clf__C': np.float64(0.0745934328572655)}
LogisticRegression,Linear,hypergraph,8,0.53652075887352,2643,663,8,42,{'clf__C': np.float64(0.14445251022763064)}
LogisticRegression,Linear,hb_graph,8,0.5498140363155726,2643,663,14,42,{'clf__C': np.float64(0.9846738873614566)}
LogisticRegression,Linear,pairwise,9,0.523546614613688,2645,661,4,42,{'clf__C': np.float64(0.008260808399079604)}
LogisticRegression,Linear,hypergraph,9,0.5507960961150318,2645,661,8,42,{'clf__C': np.float64(0.14445251022763064)}
LogisticRegression,Linear,hb_graph,9,0.5496686626355648,2645,661,14,42,{'clf__C': np.float64(70.72114131472235)}
LogisticRegression,Linear,pairwise,10,0.4658431674937365,2646,660,4,42,{'clf__C': np.float64(0.0745934328572655)}
LogisticRegression,Linear,hypergraph,10,0.51655864981116,2646,660,8,42,{'clf__C': np.float64(0.0745934328572655)}
LogisticRegression,Linear,hb_graph,10,0.5865155173435374,2646,660,14,42,{'clf__C': np.float64(14.528246637516036)}
LogisticRegression,Linear,pairwise,11,0.4456520952208956,2645,661,4,42,{'clf__C': np.float64(0.001267425589893723)}
LogisticRegression,Linear,hypergraph,11,0.5127814348463222,2645,661,8,42,{'clf__C': np.float64(0.028585493941961918)}
LogisticRegression,Linear,hb_graph,11,0.5512792336693524,2645,661,14,42,{'clf__C': np.float64(4.5705630998014515)}
LogisticRegression,Linear,pairwise,12,0.4896663466509554,2645,661,4,42,{'clf__C': np.float64(0.011526449540315618)}
LogisticRegression,Linear,hypergraph,12,0.5150574987164735,2645,661,8,42,{'clf__C': np.float64(0.0745934328572655)}
LogisticRegression,Linear,hb_graph,12,0.5362381953980854,2645,661,14,42,{'clf__C': np.float64(3.4702669886504163)}
LogisticRegression,Linear,pairwise,13,0.43360195495832754,2643,663,4,42,{'clf__C': np.float64(0.028585493941961918)}
LogisticRegression,Linear,hypergraph,13,0.46105493211973014,2643,663,8,42,{'clf__C': np.float64(0.0745934328572655)}
LogisticRegression,Linear,hb_graph,13,0.48318541264688997,2643,663,14,42,{'clf__C': np.float64(4.5705630998014515)}
LogisticRegression,Linear,pairwise,14,0.5152831930615065,2643,663,4,42,{'clf__C': np.float64(0.006026889128682512)}
LogisticRegression,Linear,hypergraph,14,0.5589758072090645,2643,663,8,42,{'clf__C': np.float64(1.0129197956845732)}
LogisticRegression,Linear,hb_graph,14,0.5791923512246556,2643,663,14,42,{'clf__C': np.float64(0.9846738873614566)}
LogisticRegression,Linear,pairwise,15,0.46283419438353085,2644,662,4,42,{'clf__C': np.float64(0.006026889128682512)}
LogisticRegression,Linear,hypergraph,15,0.5083628355348968,2644,662,8,42,{'clf__C': np.float64(0.033205591037519584)}
LogisticRegression,Linear,hb_graph,15,0.5647963532437963,2644,662,14,42,{'clf__C': np.float64(4.5705630998014515)}
LogisticRegression,Linear,pairwise,16,0.5045408537855114,2643,663,4,42,{'clf__C': np.float64(0.001267425589893723)}
LogisticRegression,Linear,hypergraph,16,0.5726765494207995,2643,663,8,42,{'clf__C': np.float64(0.14445251022763064)}
LogisticRegression,Linear,hb_graph,16,0.5575804388400168,2643,663,14,42,{'clf__C': np.float64(1.0129197956845732)}
LogisticRegression,Linear,pairwise,17,0.457434719363039,2645,661,4,42,{'clf__C': np.float64(0.001267425589893723)}
LogisticRegression,Linear,hypergraph,17,0.5094598611899754,2645,661,8,42,{'clf__C': np.float64(0.14445251022763064)}
LogisticRegression,Linear,hb_graph,17,0.5462792791167159,2645,661,14,42,{'clf__C': np.float64(4.5705630998014515)}
LogisticRegression,Linear,pairwise,18,0.4303746935775531,2643,663,4,42,{'clf__C': np.float64(0.001267425589893723)}
LogisticRegression,Linear,hypergraph,18,0.5240655194285873,2643,663,8,42,{'clf__C': np.float64(0.0745934328572655)}
LogisticRegression,Linear,hb_graph,18,0.5480012648195993,2643,663,14,42,{'clf__C': np.float64(3.4702669886504163)}
LogisticRegression,Linear,pairwise,19,0.4796789814029209,2644,662,4,42,{'clf__C': np.float64(0.001267425589893723)}
LogisticRegression,Linear,hypergraph,19,0.5195524502834228,2644,662,8,42,{'clf__C': np.float64(0.033205591037519584)}
LogisticRegression,Linear,hb_graph,19,0.5279588757334631,2644,662,14,42,{'clf__C': np.float64(4.5705630998014515)}
LogisticRegression,Linear,pairwise,20,0.4472278311089456,2643,663,4,42,{'clf__C': np.float64(0.001267425589893723)}
LogisticRegression,Linear,hypergraph,20,0.5128230449123327,2643,663,8,42,{'clf__C': np.float64(0.0745934328572655)}
LogisticRegression,Linear,hb_graph,20,0.5344970023779637,2643,663,14,42,{'clf__C': np.float64(0.4205156450913872)}
LogisticRegression,Linear,pairwise,21,0.45271466583388403,2644,662,4,42,{'clf__C': np.float64(0.028585493941961918)}
LogisticRegression,Linear,hypergraph,21,0.4735614277948123,2644,662,8,42,{'clf__C': np.float64(0.4205156450913872)}
LogisticRegression,Linear,hb_graph,21,0.5021528824537828,2644,662,14,42,{'clf__C': np.float64(0.9846738873614566)}
LogisticRegression,Linear,pairwise,22,0.4538283154156731,2643,663,4,42,{'clf__C': np.float64(0.033205591037519584)}
LogisticRegression,Linear,hypergraph,22,0.5431232800383865,2643,663,8,42,{'clf__C': np.float64(0.028585493941961918)}
LogisticRegression,Linear,hb_graph,22,0.5465134140324702,2643,663,14,42,{'clf__C': np.float64(0.4205156450913872)}
LogisticRegression,Linear,pairwise,23,0.5228211555485429,2644,662,4,42,{'clf__C': np.float64(0.0745934328572655)}
LogisticRegression,Linear,hypergraph,23,0.6055951273858853,2644,662,8,42,{'clf__C': np.float64(0.14445251022763064)}
LogisticRegression,Linear,hb_graph,23,0.6323267226576766,2644,662,14,42,{'clf__C': np.float64(56.69849511478853)}
LogisticRegression,Linear,pairwise,24,0.4456173164086164,2645,661,4,42,{'clf__C': np.float64(0.008260808399079604)}
LogisticRegression,Linear,hypergraph,24,0.5163848695484725,2645,661,8,42,{'clf__C': np.float64(0.0745934328572655)}
LogisticRegression,Linear,hb_graph,24,0.5807907843394107,2645,661,14,42,{'clf__C': np.float64(21.42302175774105)}
LogisticRegression,Linear,pairwise,25,0.46544982780919564,2645,661,4,42,{'clf__C': np.float64(0.001267425589893723)}
LogisticRegression,Linear,hypergraph,25,0.5104709970686694,2645,661,8,42,{'clf__C': np.float64(0.028585493941961918)}
LogisticRegression,Linear,hb_graph,25,0.5398393022777128,2645,661,14,42,{'clf__C': np.float64(1.0129197956845732)}
LogisticRegression,Linear,pairwise,26,0.4547199728338609,2643,663,4,42,{'clf__C': np.float64(0.011526449540315618)}
LogisticRegression,Linear,hypergraph,26,0.5322621495535258,2643,663,8,42,{'clf__C': np.float64(0.14445251022763064)}
LogisticRegression,Linear,hb_graph,26,0.5667035174789161,2643,663,14,42,{'clf__C': np.float64(0.9846738873614566)}
LogisticRegression,Linear,pairwise,27,0.4642427493140269,2643,663,4,42,{'clf__C': np.float64(0.011526449540315618)}
LogisticRegression,Linear,hypergraph,27,0.5313249626796401,2643,663,8,42,{'clf__C': np.float64(0.14445251022763064)}
LogisticRegression,Linear,hb_graph,27,0.5390316347267917,2643,663,14,42,{'clf__C': np.float64(70.72114131472235)}
LogisticRegression,Linear,pairwise,28,0.47836151901200585,2643,663,4,42,{'clf__C': np.float64(0.033205591037519584)}
LogisticRegression,Linear,hypergraph,28,0.5286523404390083,2643,663,8,42,{'clf__C': np.float64(0.028585493941961918)}
LogisticRegression,Linear,hb_graph,28,0.5668929532132503,2643,663,14,42,{'clf__C': np.float64(21.42302175774105)}
LogisticRegression,Linear,pairwise,29,0.49232544050728594,2645,661,4,42,{'clf__C': np.float64(0.011526449540315618)}
LogisticRegression,Linear,hypergraph,29,0.5210434682582593,2645,661,8,42,{'clf__C': np.float64(0.0745934328572655)}
LogisticRegression,Linear,hb_graph,29,0.5608989626547204,2645,661,14,42,{'clf__C': np.float64(56.69849511478853)}
LogisticRegression,Linear,pairwise,30,0.4445014040700744,2644,662,4,42,{'clf__C': np.float64(0.0019517224641449498)}
LogisticRegression,Linear,hypergraph,30,0.5240688372868957,2644,662,8,42,{'clf__C': np.float64(0.033205591037519584)}
LogisticRegression,Linear,hb_graph,30,0.6015991139088184,2644,662,14,42,{'clf__C': np.float64(70.72114131472235)}
LogisticRegression,Linear,pairwise,31,0.4853246621948101,2645,661,4,42,{'clf__C': np.float64(0.001267425589893723)}
LogisticRegression,Linear,hypergraph,31,0.5381253052332148,2645,661,8,42,{'clf__C': np.float64(0.028585493941961918)}
LogisticRegression,Linear,hb_graph,31,0.6137841615220513,2645,661,14,42,{'clf__C': np.float64(0.9846738873614566)}
LogisticRegression,Linear,pairwise,32,0.4668378763963249,2643,663,4,42,{'clf__C': np.float64(0.001267425589893723)}
LogisticRegression,Linear,hypergraph,32,0.5211286237972556,2643,663,8,42,{'clf__C': np.float64(0.0745934328572655)}
LogisticRegression,Linear,hb_graph,32,0.5597971510246411,2643,663,14,42,{'clf__C': np.float64(1.0129197956845732)}
LogisticRegression,Linear,pairwise,33,0.504929222059408,2644,662,4,42,{'clf__C': np.float64(0.001267425589893723)}
LogisticRegression,Linear,hypergraph,33,0.5478351167300793,2644,662,8,42,{'clf__C': np.float64(0.14445251022763064)}
LogisticRegression,Linear,hb_graph,33,0.5538888086711564,2644,662,14,42,{'clf__C': np.float64(4.5705630998014515)}
LogisticRegression,Linear,pairwise,34,0.42825932201068095,2644,662,4,42,{'clf__C': np.float64(0.001267425589893723)}
LogisticRegression,Linear,hypergraph,34,0.5135709978211228,2644,662,8,42,{'clf__C': np.float64(0.0745934328572655)}
LogisticRegression,Linear,hb_graph,34,0.5137126640173707,2644,662,14,42,{'clf__C': np.float64(4.5705630998014515)}
LogisticRegression,Linear,pairwise,35,0.4736544008246327,2644,662,4,42,{'clf__C': np.float64(0.011526449540315618)}
LogisticRegression,Linear,hypergraph,35,0.5067068236909766,2644,662,8,42,{'clf__C': np.float64(0.14445251022763064)}
LogisticRegression,Linear,hb_graph,35,0.5437506756700405,2644,662,14,42,{'clf__C': np.float64(3.4702669886504163)}
LogisticRegression,Linear,pairwise,36,0.4508492576821119,2644,662,4,42,{'clf__C': np.float64(0.001267425589893723)}
LogisticRegression,Linear,hypergraph,36,0.5084590425871615,2644,662,8,42,{'clf__C': np.float64(0.0745934328572655)}
LogisticRegression,Linear,hb_graph,36,0.5465117321117894,2644,662,14,42,{'clf__C': np.float64(14.528246637516036)}
LogisticRegression,Linear,pairwise,37,0.4815904600703216,2644,662,4,42,{'clf__C': np.float64(0.011526449540315618)}
LogisticRegression,Linear,hypergraph,37,0.5286999758406267,2644,662,8,42,{'clf__C': np.float64(0.0745934328572655)}
LogisticRegression,Linear,hb_graph,37,0.5626405645003161,2644,662,14,42,{'clf__C': np.float64(0.028585493941961918)}
LogisticRegression,Linear,pairwise,38,0.5015735331041566,2644,662,4,42,{'clf__C': np.float64(0.0745934328572655)}
LogisticRegression,Linear,hypergraph,38,0.560189908588319,2644,662,8,42,{'clf__C': np.float64(0.028585493941961918)}
LogisticRegression,Linear,hb_graph,38,0.6041799047390712,2644,662,14,42,{'clf__C': np.float64(0.4205156450913872)}
LogisticRegression,Linear,pairwise,39,0.462500938665771,2644,662,4,42,{'clf__C': np.float64(0.011526449540315618)}
LogisticRegression,Linear,hypergraph,39,0.5553691922765889,2644,662,8,42,{'clf__C': np.float64(0.028585493941961918)}
LogisticRegression,Linear,hb_graph,39,0.5602260720805139,2644,662,14,42,{'clf__C': np.float64(3.4702669886504163)}
LogisticRegression,Linear,pairwise,40,0.4634326865825629,2643,663,4,42,{'clf__C': np.float64(0.011526449540315618)}
LogisticRegression,Linear,hypergraph,40,0.5240373994505917,2643,663,8,42,{'clf__C': np.float64(0.0745934328572655)}
LogisticRegression,Linear,hb_graph,40,0.5675800550149234,2643,663,14,42,{'clf__C': np.float64(4.5705630998014515)}
LogisticRegression,Linear,pairwise,41,0.48446696002530754,2646,660,4,42,{'clf__C': np.float64(0.001267425589893723)}
LogisticRegression,Linear,hypergraph,41,0.49164694480671245,2646,660,8,42,{'clf__C': np.float64(0.011526449540315618)}
LogisticRegression,Linear,hb_graph,41,0.5553670359790895,2646,660,14,42,{'clf__C': np.float64(3.4702669886504163)}
LogisticRegression,Linear,pairwise,42,0.5036178302092384,2643,663,4,42,{'clf__C': np.float64(0.011526449540315618)}
LogisticRegression,Linear,hypergraph,42,0.5663532973939154,2643,663,8,42,{'clf__C': np.float64(0.0745934328572655)}
LogisticRegression,Linear,hb_graph,42,0.5793704243355599,2643,663,14,42,{'clf__C': np.float64(0.4205156450913872)}
LogisticRegression,Linear,pairwise,43,0.4191853424487375,2645,661,4,42,{'clf__C': np.float64(0.028585493941961918)}
LogisticRegression,Linear,hypergraph,43,0.48269638089280137,2645,661,8,42,{'clf__C': np.float64(0.0745934328572655)}
LogisticRegression,Linear,hb_graph,43,0.5288679772618896,2645,661,14,42,{'clf__C': np.float64(3.4702669886504163)}
LogisticRegression,Linear,pairwise,44,0.4869288111578801,2643,663,4,42,{'clf__C': np.float64(0.008260808399079604)}
LogisticRegression,Linear,hypergraph,44,0.5394730214576879,2643,663,8,42,{'clf__C': np.float64(0.033205591037519584)}
LogisticRegression,Linear,hb_graph,44,0.570061888382639,2643,663,14,42,{'clf__C': np.float64(4.5705630998014515)}
LogisticRegression,Linear,pairwise,45,0.48499227742862683,2643,663,4,42,{'clf__C': np.float64(0.001267425589893723)}
LogisticRegression,Linear,hypergraph,45,0.5701915647201815,2643,663,8,42,{'clf__C': np.float64(0.14445251022763064)}
LogisticRegression,Linear,hb_graph,45,0.606540968402688,2643,663,14,42,{'clf__C': np.float64(3.4702669886504163)}
LogisticRegression,Linear,pairwise,46,0.4932865876616632,2644,662,4,42,{'clf__C': np.float64(0.033205591037519584)}
LogisticRegression,Linear,hypergraph,46,0.5542645257833547,2644,662,8,42,{'clf__C': np.float64(0.028585493941961918)}
LogisticRegression,Linear,hb_graph,46,0.5737639016844034,2644,662,14,42,{'clf__C': np.float64(21.42302175774105)}
LogisticRegression,Linear,pairwise,47,0.44575231913920577,2644,662,4,42,{'clf__C': np.float64(0.008260808399079604)}
LogisticRegression,Linear,hypergraph,47,0.48631095025174004,2644,662,8,42,{'clf__C': np.float64(0.0745934328572655)}
LogisticRegression,Linear,hb_graph,47,0.5057336962586816,2644,662,14,42,{'clf__C': np.float64(0.4205156450913872)}
LogisticRegression,Linear,pairwise,48,0.4456262366527225,2644,662,4,42,{'clf__C': np.float64(0.028585493941961918)}
LogisticRegression,Linear,hypergraph,48,0.5298553172740654,2644,662,8,42,{'clf__C': np.float64(0.0745934328572655)}
LogisticRegression,Linear,hb_graph,48,0.5289121408949016,2644,662,14,42,{'clf__C': np.float64(3.4702669886504163)}
LogisticRegression,Linear,pairwise,49,0.43919182254975997,2644,662,4,42,{'clf__C': np.float64(0.011526449540315618)}
LogisticRegression,Linear,hypergraph,49,0.5271102933028928,2644,662,8,42,{'clf__C': np.float64(0.033205591037519584)}
LogisticRegression,Linear,hb_graph,49,0.5624757111280659,2644,662,14,42,{'clf__C': np.float64(14.528246637516036)}
LogisticRegression,Linear,pairwise,50,0.4190884922876563,2644,662,4,42,{'clf__C': np.float64(0.033205591037519584)}
LogisticRegression,Linear,hypergraph,50,0.4786664737225418,2644,662,8,42,{'clf__C': np.float64(0.028585493941961918)}
LogisticRegression,Linear,hb_graph,50,0.5486792446607089,2644,662,14,42,{'clf__C': np.float64(1.0129197956845732)}
RBF-SVM,Kernel,pairwise,1,0.47171105261906143,2645,661,4,42,"{'clf__C': 1, 'clf__gamma': 0.01}"
RBF-SVM,Kernel,hypergraph,1,0.43856112215582704,2645,661,8,42,"{'clf__C': 1, 'clf__gamma': 0.001}"
RBF-SVM,Kernel,hb_graph,1,0.4867083748091705,2645,661,14,42,"{'clf__C': 1, 'clf__gamma': 0.001}"
RBF-SVM,Kernel,pairwise,2,0.4465581093787132,2645,661,4,42,"{'clf__C': 0.1, 'clf__gamma': 'scale'}"
RBF-SVM,Kernel,hypergraph,2,0.4619566076819335,2645,661,8,42,"{'clf__C': 1, 'clf__gamma': 0.001}"
RBF-SVM,Kernel,hb_graph,2,0.5525455449541224,2645,661,14,42,"{'clf__C': 100, 'clf__gamma': 0.001}"
RBF-SVM,Kernel,pairwise,3,0.4907182742827417,2643,663,4,42,"{'clf__C': 1, 'clf__gamma': 0.01}"
RBF-SVM,Kernel,hypergraph,3,0.49290966082594107,2643,663,8,42,"{'clf__C': 1, 'clf__gamma': 0.001}"
RBF-SVM,Kernel,hb_graph,3,0.5845641826325978,2643,663,14,42,"{'clf__C': 10, 'clf__gamma': 0.001}"
RBF-SVM,Kernel,pairwise,4,0.4148291891595183,2644,662,4,42,"{'clf__C': 0.1, 'clf__gamma': 'scale'}"
RBF-SVM,Kernel,hypergraph,4,0.42959541167734794,2644,662,8,42,"{'clf__C': 1, 'clf__gamma': 0.001}"
RBF-SVM,Kernel,hb_graph,4,0.5138576892394485,2644,662,14,42,"{'clf__C': 10, 'clf__gamma': 0.001}"
RBF-SVM,Kernel,pairwise,5,0.48729469219418464,2645,661,4,42,"{'clf__C': 1, 'clf__gamma': 0.01}"
RBF-SVM,Kernel,hypergraph,5,0.4804226837916835,2645,661,8,42,"{'clf__C': 1, 'clf__gamma': 0.001}"
RBF-SVM,Kernel,hb_graph,5,0.5706748533208917,2645,661,14,42,"{'clf__C': 100, 'clf__gamma': 0.001}"
RBF-SVM,Kernel,pairwise,6,0.45144883520098145,2644,662,4,42,"{'clf__C': 1, 'clf__gamma': 0.01}"
RBF-SVM,Kernel,hypergraph,6,0.46084951194529045,2644,662,8,42,"{'clf__C': 1, 'clf__gamma': 0.001}"
RBF-SVM,Kernel,hb_graph,6,0.55646945135571,2644,662,14,42,"{'clf__C': 1, 'clf__gamma': 'scale'}"
RBF-SVM,Kernel,pairwise,7,0.4563210682276545,2645,661,4,42,"{'clf__C': 1, 'clf__gamma': 0.001}"
RBF-SVM,Kernel,hypergraph,7,0.46392774201694253,2645,661,8,42,"{'clf__C': 1, 'clf__gamma': 0.001}"
RBF-SVM,Kernel,hb_graph,7,0.5912012715110632,2645,661,14,42,"{'clf__C': 100, 'clf__gamma': 0.001}"
RBF-SVM,Kernel,pairwise,8,0.48704272976755025,2643,663,4,42,"{'clf__C': 1, 'clf__gamma': 0.01}"
RBF-SVM,Kernel,hypergraph,8,0.468315533178514,2643,663,8,42,"{'clf__C': 1, 'clf__gamma': 0.001}"
RBF-SVM,Kernel,hb_graph,8,0.5279048452379432,2643,663,14,42,"{'clf__C': 100, 'clf__gamma': 0.001}"
RBF-SVM,Kernel,pairwise,9,0.5334819421336642,2645,661,4,42,"{'clf__C': 1, 'clf__gamma': 0.01}"
RBF-SVM,Kernel,hypergraph,9,0.4966616718541409,2645,661,8,42,"{'clf__C': 1, 'clf__gamma': 0.001}"
RBF-SVM,Kernel,hb_graph,9,0.5487121642415462,2645,661,14,42,"{'clf__C': 10, 'clf__gamma': 0.001}"
RBF-SVM,Kernel,pairwise,10,0.47275253925218064,2646,660,4,42,"{'clf__C': 1, 'clf__gamma': 0.01}"
RBF-SVM,Kernel,hypergraph,10,0.4213050399936746,2646,660,8,42,"{'clf__C': 1, 'clf__gamma': 0.001}"
RBF-SVM,Kernel,hb_graph,10,0.5654840304218476,2646,660,14,42,"{'clf__C': 10, 'clf__gamma': 0.001}"
RBF-SVM,Kernel,pairwise,11,0.4632512432282716,2645,661,4,42,"{'clf__C': 1, 'clf__gamma': 0.01}"
RBF-SVM,Kernel,hypergraph,11,0.47130538102595704,2645,661,8,42,"{'clf__C': 1, 'clf__gamma': 0.001}"
RBF-SVM,Kernel,hb_graph,11,0.502945959374055,2645,661,14,42,"{'clf__C': 1, 'clf__gamma': 0.001}"
RBF-SVM,Kernel,pairwise,12,0.48452452416704117,2645,661,4,42,"{'clf__C': 1, 'clf__gamma': 0.01}"
RBF-SVM,Kernel,hypergraph,12,0.47366398471512283,2645,661,8,42,"{'clf__C': 1, 'clf__gamma': 0.001}"
RBF-SVM,Kernel,hb_graph,12,0.5632636156520119,2645,661,14,42,"{'clf__C': 100, 'clf__gamma': 0.001}"
RBF-SVM,Kernel,pairwise,13,0.4457928371668949,2643,663,4,42,"{'clf__C': 1, 'clf__gamma': 0.01}"
RBF-SVM,Kernel,hypergraph,13,0.42674951168148767,2643,663,8,42,"{'clf__C': 1, 'clf__gamma': 0.001}"
RBF-SVM,Kernel,hb_graph,13,0.47393688118072796,2643,663,14,42,"{'clf__C': 100, 'clf__gamma': 0.001}"
RBF-SVM,Kernel,pairwise,14,0.5320236589640486,2643,663,4,42,"{'clf__C': 1, 'clf__gamma': 0.01}"
RBF-SVM,Kernel,hypergraph,14,0.5077454670706535,2643,663,8,42,"{'clf__C': 1, 'clf__gamma': 0.001}"
RBF-SVM,Kernel,hb_graph,14,0.5571186202280055,2643,663,14,42,"{'clf__C': 100, 'clf__gamma': 0.001}"
RBF-SVM,Kernel,pairwise,15,0.48462991605467665,2644,662,4,42,"{'clf__C': 0.1, 'clf__gamma': 'scale'}"
RBF-SVM,Kernel,hypergraph,15,0.4414079448604429,2644,662,8,42,"{'clf__C': 1, 'clf__gamma': 0.001}"
RBF-SVM,Kernel,hb_graph,15,0.5555240765418015,2644,662,14,42,"{'clf__C': 100, 'clf__gamma': 0.001}"
RBF-SVM,Kernel,pairwise,16,0.5147767747427515,2643,663,4,42,"{'clf__C': 1, 'clf__gamma': 0.01}"
RBF-SVM,Kernel,hypergraph,16,0.5452227939863329,2643,663,8,42,"{'clf__C': 1, 'clf__gamma': 0.001}"
RBF-SVM,Kernel,hb_graph,16,0.5721055223635629,2643,663,14,42,"{'clf__C': 100, 'clf__gamma': 0.001}"
RBF-SVM,Kernel,pairwise,17,0.45811741651589977,2645,661,4,42,"{'clf__C': 1, 'clf__gamma': 0.01}"
RBF-SVM,Kernel,hypergraph,17,0.437920470733421,2645,661,8,42,"{'clf__C': 1, 'clf__gamma': 0.001}"
RBF-SVM,Kernel,hb_graph,17,0.5341393920268511,2645,661,14,42,"{'clf__C': 10, 'clf__gamma': 0.001}"
RBF-SVM,Kernel,pairwise,18,0.44446564183225784,2643,663,4,42,"{'clf__C': 1, 'clf__gamma': 0.01}"
RBF-SVM,Kernel,hypergraph,18,0.5229345345279299,2643,663,8,42,"{'clf__C': 10, 'clf__gamma': 0.001}"
RBF-SVM,Kernel,hb_graph,18,0.5192602880852798,2643,663,14,42,"{'clf__C': 10, 'clf__gamma': 0.001}"
RBF-SVM,Kernel,pairwise,19,0.46664890988720087,2644,662,4,42,"{'clf__C': 1, 'clf__gamma': 0.01}"
RBF-SVM,Kernel,hypergraph,19,0.47671795506723125,2644,662,8,42,"{'clf__C': 1, 'clf__gamma': 0.001}"
RBF-SVM,Kernel,hb_graph,19,0.5308397476047249,2644,662,14,42,"{'clf__C': 10, 'clf__gamma': 0.001}"
RBF-SVM,Kernel,pairwise,20,0.4451793954780913,2643,663,4,42,"{'clf__C': 1, 'clf__gamma': 0.01}"
RBF-SVM,Kernel,hypergraph,20,0.4223155550433255,2643,663,8,42,"{'clf__C': 1, 'clf__gamma': 0.001}"
RBF-SVM,Kernel,hb_graph,20,0.5121210900139661,2643,663,14,42,"{'clf__C': 100, 'clf__gamma': 0.001}"
RBF-SVM,Kernel,pairwise,21,0.46052705434194946,2644,662,4,42,"{'clf__C': 1, 'clf__gamma': 0.01}"
RBF-SVM,Kernel,hypergraph,21,0.4057145472909357,2644,662,8,42,"{'clf__C': 1, 'clf__gamma': 0.001}"
RBF-SVM,Kernel,hb_graph,21,0.4771619033117379,2644,662,14,42,"{'clf__C': 1, 'clf__gamma': 0.001}"
RBF-SVM,Kernel,pairwise,22,0.48654801774933204,2643,663,4,42,"{'clf__C': 1, 'clf__gamma': 0.01}"
RBF-SVM,Kernel,hypergraph,22,0.5052503826783855,2643,663,8,42,"{'clf__C': 1, 'clf__gamma': 0.001}"
RBF-SVM,Kernel,hb_graph,22,0.5456708494309496,2643,663,14,42,"{'clf__C': 10, 'clf__gamma': 0.001}"
RBF-SVM,Kernel,pairwise,23,0.5240129372226198,2644,662,4,42,"{'clf__C': 1, 'clf__gamma': 0.01}"
RBF-SVM,Kernel,hypergraph,23,0.5081002536000442,2644,662,8,42,"{'clf__C': 1, 'clf__gamma': 0.001}"
RBF-SVM,Kernel,hb_graph,23,0.6223423046446115,2644,662,14,42,"{'clf__C': 10, 'clf__gamma': 0.001}"
RBF-SVM,Kernel,pairwise,24,0.4386011004709832,2645,661,4,42,"{'clf__C': 1, 'clf__gamma': 0.01}"
RBF-SVM,Kernel,hypergraph,24,0.4497773112326209,2645,661,8,42,"{'clf__C': 1, 'clf__gamma': 0.001}"
RBF-SVM,Kernel,hb_graph,24,0.49416398328829086,2645,661,14,42,"{'clf__C': 1, 'clf__gamma': 0.001}"
RBF-SVM,Kernel,pairwise,25,0.4583787365085321,2645,661,4,42,"{'clf__C': 0.1, 'clf__gamma': 'scale'}"
RBF-SVM,Kernel,hypergraph,25,0.44866615670670856,2645,661,8,42,"{'clf__C': 1, 'clf__gamma': 0.001}"
RBF-SVM,Kernel,hb_graph,25,0.49618555276294696,2645,661,14,42,"{'clf__C': 1, 'clf__gamma': 0.001}"
RBF-SVM,Kernel,pairwise,26,0.4579026557968962,2643,663,4,42,"{'clf__C': 1, 'clf__gamma': 0.01}"
RBF-SVM,Kernel,hypergraph,26,0.4294226044342294,2643,663,8,42,"{'clf__C': 1, 'clf__gamma': 0.001}"
RBF-SVM,Kernel,hb_graph,26,0.4937500541869808,2643,663,14,42,"{'clf__C': 1, 'clf__gamma': 0.001}"
RBF-SVM,Kernel,pairwise,27,0.49376979304662394,2643,663,4,42,"{'clf__C': 0.1, 'clf__gamma': 'scale'}"
RBF-SVM,Kernel,hypergraph,27,0.4461164825869345,2643,663,8,42,"{'clf__C': 1, 'clf__gamma': 0.001}"
RBF-SVM,Kernel,hb_graph,27,0.4984552200030507,2643,663,14,42,"{'clf__C': 1, 'clf__gamma': 0.001}"
RBF-SVM,Kernel,pairwise,28,0.4872721442949439,2643,663,4,42,"{'clf__C': 1, 'clf__gamma': 0.01}"
RBF-SVM,Kernel,hypergraph,28,0.4685294585496558,2643,663,8,42,"{'clf__C': 1, 'clf__gamma': 0.001}"
RBF-SVM,Kernel,hb_graph,28,0.533918540927832,2643,663,14,42,"{'clf__C': 100, 'clf__gamma': 0.001}"
RBF-SVM,Kernel,pairwise,29,0.4819556854240229,2645,661,4,42,"{'clf__C': 1, 'clf__gamma': 0.01}"
RBF-SVM,Kernel,hypergraph,29,0.4747660372324767,2645,661,8,42,"{'clf__C': 1, 'clf__gamma': 0.001}"
RBF-SVM,Kernel,hb_graph,29,0.5931022130161652,2645,661,14,42,"{'clf__C': 100, 'clf__gamma': 0.001}"
RBF-SVM,Kernel,pairwise,30,0.4664517776570376,2644,662,4,42,"{'clf__C': 0.1, 'clf__gamma': 'scale'}"
RBF-SVM,Kernel,hypergraph,30,0.4241828244528079,2644,662,8,42,"{'clf__C': 1, 'clf__gamma': 0.001}"
RBF-SVM,Kernel,hb_graph,30,0.5741445946783373,2644,662,14,42,"{'clf__C': 10, 'clf__gamma': 0.001}"
RBF-SVM,Kernel,pairwise,31,0.4466217199256811,2645,661,4,42,"{'clf__C': 0.1, 'clf__gamma': 'scale'}"
RBF-SVM,Kernel,hypergraph,31,0.46265272866297497,2645,661,8,42,"{'clf__C': 1, 'clf__gamma': 0.001}"
RBF-SVM,Kernel,hb_graph,31,0.5392106363345128,2645,661,14,42,"{'clf__C': 10, 'clf__gamma': 0.001}"
RBF-SVM,Kernel,pairwise,32,0.47940551649367824,2643,663,4,42,"{'clf__C': 1, 'clf__gamma': 0.01}"
RBF-SVM,Kernel,hypergraph,32,0.4731288205107029,2643,663,8,42,"{'clf__C': 1, 'clf__gamma': 0.001}"
RBF-SVM,Kernel,hb_graph,32,0.5581396745083841,2643,663,14,42,"{'clf__C': 100, 'clf__gamma': 0.001}"
RBF-SVM,Kernel,pairwise,33,0.4817273006296771,2644,662,4,42,"{'clf__C': 0.1, 'clf__gamma': 'scale'}"
RBF-SVM,Kernel,hypergraph,33,0.46791568644793247,2644,662,8,42,"{'clf__C': 1, 'clf__gamma': 0.001}"
RBF-SVM,Kernel,hb_graph,33,0.5714057531659408,2644,662,14,42,"{'clf__C': 10, 'clf__gamma': 0.001}"
RBF-SVM,Kernel,pairwise,34,0.44573066280375095,2644,662,4,42,"{'clf__C': 1, 'clf__gamma': 0.01}"
RBF-SVM,Kernel,hypergraph,34,0.4530611930674556,2644,662,8,42,"{'clf__C': 1, 'clf__gamma': 0.001}"
RBF-SVM,Kernel,hb_graph,34,0.4728293002630691,2644,662,14,42,"{'clf__C': 1, 'clf__gamma': 0.001}"
RBF-SVM,Kernel,pairwise,35,0.47568728899061963,2644,662,4,42,"{'clf__C': 1, 'clf__gamma': 0.01}"
RBF-SVM,Kernel,hypergraph,35,0.45440801761113336,2644,662,8,42,"{'clf__C': 1, 'clf__gamma': 0.001}"
RBF-SVM,Kernel,hb_graph,35,0.545833389509724,2644,662,14,42,"{'clf__C': 100, 'clf__gamma': 0.001}"
RBF-SVM,Kernel,pairwise,36,0.4564912044876599,2644,662,4,42,"{'clf__C': 100, 'clf__gamma': 0.001}"
RBF-SVM,Kernel,hypergraph,36,0.47540615437397843,2644,662,8,42,"{'clf__C': 1, 'clf__gamma': 0.001}"
RBF-SVM,Kernel,hb_graph,36,0.5505687462543615,2644,662,14,42,"{'clf__C': 100, 'clf__gamma': 0.001}"
RBF-SVM,Kernel,pairwise,37,0.4752956234885146,2644,662,4,42,"{'clf__C': 0.1, 'clf__gamma': 'scale'}"
RBF-SVM,Kernel,hypergraph,37,0.4139098921421466,2644,662,8,42,"{'clf__C': 1, 'clf__gamma': 0.001}"
RBF-SVM,Kernel,hb_graph,37,0.5657369036911963,2644,662,14,42,"{'clf__C': 10, 'clf__gamma': 0.001}"
RBF-SVM,Kernel,pairwise,38,0.5326316498407488,2644,662,4,42,"{'clf__C': 1, 'clf__gamma': 0.01}"
RBF-SVM,Kernel,hypergraph,38,0.49887585481235763,2644,662,8,42,"{'clf__C': 1, 'clf__gamma': 0.001}"
RBF-SVM,Kernel,hb_graph,38,0.5646820826708103,2644,662,14,42,"{'clf__C': 1, 'clf__gamma': 0.001}"
RBF-SVM,Kernel,pairwise,39,0.48114769359606635,2644,662,4,42,"{'clf__C': 1, 'clf__gamma': 0.01}"
RBF-SVM,Kernel,hypergraph,39,0.4850382873608079,2644,662,8,42,"{'clf__C': 1, 'clf__gamma': 0.001}"
RBF-SVM,Kernel,hb_graph,39,0.5333810822348432,2644,662,14,42,"{'clf__C': 10, 'clf__gamma': 0.001}"
RBF-SVM,Kernel,pairwise,40,0.4575508888535767,2643,663,4,42,"{'clf__C': 0.1, 'clf__gamma': 'scale'}"
RBF-SVM,Kernel,hypergraph,40,0.46139682504276897,2643,663,8,42,"{'clf__C': 1, 'clf__gamma': 0.001}"
RBF-SVM,Kernel,hb_graph,40,0.5379857639135422,2643,663,14,42,"{'clf__C': 100, 'clf__gamma': 0.001}"
RBF-SVM,Kernel,pairwise,41,0.48774396453034075,2646,660,4,42,"{'clf__C': 1, 'clf__gamma': 0.01}"
RBF-SVM,Kernel,hypergraph,41,0.4527079960414279,2646,660,8,42,"{'clf__C': 1, 'clf__gamma': 0.001}"
RBF-SVM,Kernel,hb_graph,41,0.5022298854487398,2646,660,14,42,"{'clf__C': 1, 'clf__gamma': 0.001}"
RBF-SVM,Kernel,pairwise,42,0.49138116462579606,2643,663,4,42,"{'clf__C': 1, 'clf__gamma': 0.01}"
RBF-SVM,Kernel,hypergraph,42,0.4482873152584196,2643,663,8,42,"{'clf__C': 1, 'clf__gamma': 0.001}"
RBF-SVM,Kernel,hb_graph,42,0.5734556455868407,2643,663,14,42,"{'clf__C': 10, 'clf__gamma': 0.001}"
RBF-SVM,Kernel,pairwise,43,0.4318286731526688,2645,661,4,42,"{'clf__C': 1, 'clf__gamma': 0.01}"
RBF-SVM,Kernel,hypergraph,43,0.4324603429786002,2645,661,8,42,"{'clf__C': 1, 'clf__gamma': 0.001}"
RBF-SVM,Kernel,hb_graph,43,0.5136932473062474,2645,661,14,42,"{'clf__C': 10, 'clf__gamma': 0.001}"
RBF-SVM,Kernel,pairwise,44,0.4926180162490607,2643,663,4,42,"{'clf__C': 1, 'clf__gamma': 0.01}"
RBF-SVM,Kernel,hypergraph,44,0.5478374035053437,2643,663,8,42,"{'clf__C': 1, 'clf__gamma': 'scale'}"
RBF-SVM,Kernel,hb_graph,44,0.527369116766355,2643,663,14,42,"{'clf__C': 1, 'clf__gamma': 0.001}"
RBF-SVM,Kernel,pairwise,45,0.4929418592894774,2643,663,4,42,"{'clf__C': 1, 'clf__gamma': 0.01}"
RBF-SVM,Kernel,hypergraph,45,0.5153820027727575,2643,663,8,42,"{'clf__C': 1, 'clf__gamma': 0.001}"
RBF-SVM,Kernel,hb_graph,45,0.5857341460659901,2643,663,14,42,"{'clf__C': 100, 'clf__gamma': 0.001}"
RBF-SVM,Kernel,pairwise,46,0.5148520358945581,2644,662,4,42,"{'clf__C': 0.1, 'clf__gamma': 'scale'}"
RBF-SVM,Kernel,hypergraph,46,0.488579489051124,2644,662,8,42,"{'clf__C': 1, 'clf__gamma': 0.001}"
RBF-SVM,Kernel,hb_graph,46,0.5523199766821714,2644,662,14,42,"{'clf__C': 100, 'clf__gamma': 0.001}"
RBF-SVM,Kernel,pairwise,47,0.43644099300084116,2644,662,4,42,"{'clf__C': 1, 'clf__gamma': 0.01}"
RBF-SVM,Kernel,hypergraph,47,0.4352264469245487,2644,662,8,42,"{'clf__C': 1, 'clf__gamma': 0.001}"
RBF-SVM,Kernel,hb_graph,47,0.46950627213607543,2644,662,14,42,"{'clf__C': 100, 'clf__gamma': 0.001}"
RBF-SVM,Kernel,pairwise,48,0.4565279894491111,2644,662,4,42,"{'clf__C': 1, 'clf__gamma': 0.01}"
RBF-SVM,Kernel,hypergraph,48,0.44752936962277934,2644,662,8,42,"{'clf__C': 1, 'clf__gamma': 0.001}"
RBF-SVM,Kernel,hb_graph,48,0.5097927271902423,2644,662,14,42,"{'clf__C': 10, 'clf__gamma': 0.001}"
RBF-SVM,Kernel,pairwise,49,0.4316564400873471,2644,662,4,42,"{'clf__C': 100, 'clf__gamma': 0.001}"
RBF-SVM,Kernel,hypergraph,49,0.45294388202991276,2644,662,8,42,"{'clf__C': 1, 'clf__gamma': 0.001}"
RBF-SVM,Kernel,hb_graph,49,0.5407586887161095,2644,662,14,42,"{'clf__C': 100, 'clf__gamma': 0.001}"
RBF-SVM,Kernel,pairwise,50,0.4253711209623347,2644,662,4,42,"{'clf__C': 0.1, 'clf__gamma': 'scale'}"
RBF-SVM,Kernel,hypergraph,50,0.4216622087569845,2644,662,8,42,"{'clf__C': 1, 'clf__gamma': 0.001}"
RBF-SVM,Kernel,hb_graph,50,0.5300062644466764,2644,662,14,42,"{'clf__C': 100, 'clf__gamma': 0.001}"
MLP,Neural,pairwise,1,0.47361283139902155,2645,661,4,42,"{'clf__alpha': np.float64(5.415244119402538e-05), 'clf__hidden_layer_sizes': (128, 64), 'clf__learning_rate_init': np.float64(0.001672269700618367)}"
MLP,Neural,hypergraph,1,0.5317347777843998,2645,661,8,42,"{'clf__alpha': np.float64(0.0026926469100861782), 'clf__hidden_layer_sizes': (64,), 'clf__learning_rate_init': np.float64(0.000796156607806294)}"
MLP,Neural,hb_graph,1,0.5609820542099252,2645,661,14,42,"{'clf__alpha': np.float64(4.207053950287933e-05), 'clf__hidden_layer_sizes': (64, 32), 'clf__learning_rate_init': np.float64(0.0008288916866885138)}"
MLP,Neural,pairwise,2,0.45941160232051664,2645,661,4,42,"{'clf__alpha': np.float64(1.2087541473056957e-05), 'clf__hidden_layer_sizes': (128,), 'clf__learning_rate_init': np.float64(0.0027796975515266818)}"
MLP,Neural,hypergraph,2,0.5815216405002097,2645,661,8,42,"{'clf__alpha': np.float64(5.415244119402538e-05), 'clf__hidden_layer_sizes': (128, 64), 'clf__learning_rate_init': np.float64(0.001672269700618367)}"
MLP,Neural,hb_graph,2,0.5218150089250201,2645,661,14,42,"{'clf__alpha': np.float64(3.077180271250682e-05), 'clf__hidden_layer_sizes': (64,), 'clf__learning_rate_init': np.float64(0.00463863097239728)}"
MLP,Neural,pairwise,3,0.5256721457739548,2643,663,4,42,"{'clf__alpha': np.float64(0.00021618942406574428), 'clf__hidden_layer_sizes': (128, 64), 'clf__learning_rate_init': np.float64(0.0026070247583707662)}"
MLP,Neural,hypergraph,3,0.5799740403680498,2643,663,8,42,"{'clf__alpha': np.float64(0.07852755494724252), 'clf__hidden_layer_sizes': (64, 32), 'clf__learning_rate_init': np.float64(0.0008168455894760156)}"
MLP,Neural,hb_graph,3,0.6083149200428282,2643,663,14,42,"{'clf__alpha': np.float64(3.077180271250682e-05), 'clf__hidden_layer_sizes': (64,), 'clf__learning_rate_init': np.float64(0.00463863097239728)}"
MLP,Neural,pairwise,4,0.4514382134283713,2644,662,4,42,"{'clf__alpha': np.float64(0.00021618942406574428), 'clf__hidden_layer_sizes': (128, 64), 'clf__learning_rate_init': np.float64(0.0026070247583707662)}"
MLP,Neural,hypergraph,4,0.5422735145233952,2644,662,8,42,"{'clf__alpha': np.float64(1.2087541473056957e-05), 'clf__hidden_layer_sizes': (128,), 'clf__learning_rate_init': np.float64(0.0027796975515266818)}"
MLP,Neural,hb_graph,4,0.5837766064220694,2644,662,14,42,"{'clf__alpha': np.float64(5.415244119402538e-05), 'clf__hidden_layer_sizes': (128, 64), 'clf__learning_rate_init': np.float64(0.001672269700618367)}"
MLP,Neural,pairwise,5,0.4180578418655345,2645,661,4,42,"{'clf__alpha': np.float64(1.2087541473056957e-05), 'clf__hidden_layer_sizes': (128,), 'clf__learning_rate_init': np.float64(0.0027796975515266818)}"
MLP,Neural,hypergraph,5,0.557875255134426,2645,661,8,42,"{'clf__alpha': np.float64(8.386394780402559e-05), 'clf__hidden_layer_sizes': (128, 64), 'clf__learning_rate_init': np.float64(0.0007591104805282694)}"
MLP,Neural,hb_graph,5,0.5617023794065857,2645,661,14,42,"{'clf__alpha': np.float64(0.00021618942406574428), 'clf__hidden_layer_sizes': (128, 64), 'clf__learning_rate_init': np.float64(0.0026070247583707662)}"
MLP,Neural,pairwise,6,0.466801867042023,2644,662,4,42,"{'clf__alpha': np.float64(5.415244119402538e-05), 'clf__hidden_layer_sizes': (128, 64), 'clf__learning_rate_init': np.float64(0.001672269700618367)}"
MLP,Neural,hypergraph,6,0.530920754541773,2644,662,8,42,"{'clf__alpha': np.float64(8.386394780402559e-05), 'clf__hidden_layer_sizes': (128, 64), 'clf__learning_rate_init': np.float64(0.0007591104805282694)}"
MLP,Neural,hb_graph,6,0.5429216990130505,2644,662,14,42,"{'clf__alpha': np.float64(3.077180271250682e-05), 'clf__hidden_layer_sizes': (64,), 'clf__learning_rate_init': np.float64(0.00463863097239728)}"
MLP,Neural,pairwise,7,0.5486506840666964,2645,661,4,42,"{'clf__alpha': np.float64(5.415244119402538e-05), 'clf__hidden_layer_sizes': (128, 64), 'clf__learning_rate_init': np.float64(0.001672269700618367)}"
MLP,Neural,hypergraph,7,0.5593150090112191,2645,661,8,42,"{'clf__alpha': np.float64(8.386394780402559e-05), 'clf__hidden_layer_sizes': (128, 64), 'clf__learning_rate_init': np.float64(0.0007591104805282694)}"
MLP,Neural,hb_graph,7,0.5935849338400768,2645,661,14,42,"{'clf__alpha': np.float64(0.07852755494724252), 'clf__hidden_layer_sizes': (64, 32), 'clf__learning_rate_init': np.float64(0.0008168455894760156)}"
MLP,Neural,pairwise,8,0.44351720294008523,2643,663,4,42,"{'clf__alpha': np.float64(0.00021618942406574428), 'clf__hidden_layer_sizes': (128, 64), 'clf__learning_rate_init': np.float64(0.0026070247583707662)}"
MLP,Neural,hypergraph,8,0.5454784336511709,2643,663,8,42,"{'clf__alpha': np.float64(5.415244119402538e-05), 'clf__hidden_layer_sizes': (128, 64), 'clf__learning_rate_init': np.float64(0.001672269700618367)}"
MLP,Neural,hb_graph,8,0.5719943605278445,2643,663,14,42,"{'clf__alpha': np.float64(1.2087541473056957e-05), 'clf__hidden_layer_sizes': (128,), 'clf__learning_rate_init': np.float64(0.0027796975515266818)}"
MLP,Neural,pairwise,9,0.49577701141894015,2645,661,4,42,"{'clf__alpha': np.float64(0.00021618942406574428), 'clf__hidden_layer_sizes': (128, 64), 'clf__learning_rate_init': np.float64(0.0026070247583707662)}"
MLP,Neural,hypergraph,9,0.5728305507867343,2645,661,8,42,"{'clf__alpha': np.float64(0.00021618942406574428), 'clf__hidden_layer_sizes': (128, 64), 'clf__learning_rate_init': np.float64(0.0026070247583707662)}"
MLP,Neural,hb_graph,9,0.5448746044950242,2645,661,14,42,"{'clf__alpha': np.float64(0.004467752817973905), 'clf__hidden_layer_sizes': (128,), 'clf__learning_rate_init': np.float64(0.0007084541505250223)}"
MLP,Neural,pairwise,10,0.4744004130083316,2646,660,4,42,"{'clf__alpha': np.float64(0.00021618942406574428), 'clf__hidden_layer_sizes': (128, 64), 'clf__learning_rate_init': np.float64(0.0026070247583707662)}"
MLP,Neural,hypergraph,10,0.4883898052533411,2646,660,8,42,"{'clf__alpha': np.float64(8.386394780402559e-05), 'clf__hidden_layer_sizes': (128, 64), 'clf__learning_rate_init': np.float64(0.0007591104805282694)}"
MLP,Neural,hb_graph,10,0.6120431997876272,2646,660,14,42,"{'clf__alpha': np.float64(0.004467752817973905), 'clf__hidden_layer_sizes': (128,), 'clf__learning_rate_init': np.float64(0.0007084541505250223)}"
MLP,Neural,pairwise,11,0.4216070921114916,2645,661,4,42,"{'clf__alpha': np.float64(0.00021618942406574428), 'clf__hidden_layer_sizes': (128, 64), 'clf__learning_rate_init': np.float64(0.0026070247583707662)}"
MLP,Neural,hypergraph,11,0.5696966076983608,2645,661,8,42,"{'clf__alpha': np.float64(3.077180271250682e-05), 'clf__hidden_layer_sizes': (64,), 'clf__learning_rate_init': np.float64(0.00463863097239728)}"
MLP,Neural,hb_graph,11,0.5620923876898012,2645,661,14,42,"{'clf__alpha': np.float64(0.00021618942406574428), 'clf__hidden_layer_sizes': (128, 64), 'clf__learning_rate_init': np.float64(0.0026070247583707662)}"
MLP,Neural,pairwise,12,0.46204600734883455,2645,661,4,42,"{'clf__alpha': np.float64(3.077180271250682e-05), 'clf__hidden_layer_sizes': (64,), 'clf__learning_rate_init': np.float64(0.00463863097239728)}"
MLP,Neural,hypergraph,12,0.5603080748539675,2645,661,8,42,"{'clf__alpha': np.float64(8.386394780402559e-05), 'clf__hidden_layer_sizes': (128, 64), 'clf__learning_rate_init': np.float64(0.0007591104805282694)}"
MLP,Neural,hb_graph,12,0.5882158777812705,2645,661,14,42,"{'clf__alpha': np.float64(1.2087541473056957e-05), 'clf__hidden_layer_sizes': (128,), 'clf__learning_rate_init': np.float64(0.0027796975515266818)}"
MLP,Neural,pairwise,13,0.4034192532228224,2643,663,4,42,"{'clf__alpha': np.float64(0.00021618942406574428), 'clf__hidden_layer_sizes': (128, 64), 'clf__learning_rate_init': np.float64(0.0026070247583707662)}"
MLP,Neural,hypergraph,13,0.47131640685682963,2643,663,8,42,"{'clf__alpha': np.float64(1.1299516083106613e-05), 'clf__hidden_layer_sizes': (64,), 'clf__learning_rate_init': np.float64(0.00853618986286683)}"
MLP,Neural,hb_graph,13,0.4971551512101752,2643,663,14,42,"{'clf__alpha': np.float64(1.2087541473056957e-05), 'clf__hidden_layer_sizes': (128,), 'clf__learning_rate_init': np.float64(0.0027796975515266818)}"
MLP,Neural,pairwise,14,0.5139400947629136,2643,663,4,42,"{'clf__alpha': np.float64(5.415244119402538e-05), 'clf__hidden_layer_sizes': (128, 64), 'clf__learning_rate_init': np.float64(0.001672269700618367)}"
MLP,Neural,hypergraph,14,0.5801546460471904,2643,663,8,42,"{'clf__alpha': np.float64(8.386394780402559e-05), 'clf__hidden_layer_sizes': (128, 64), 'clf__learning_rate_init': np.float64(0.0007591104805282694)}"
MLP,Neural,hb_graph,14,0.5936279637052034,2643,663,14,42,"{'clf__alpha': np.float64(1.2087541473056957e-05), 'clf__hidden_layer_sizes': (128,), 'clf__learning_rate_init': np.float64(0.0027796975515266818)}"
MLP,Neural,pairwise,15,0.47863655894139234,2644,662,4,42,"{'clf__alpha': np.float64(1.1299516083106613e-05), 'clf__hidden_layer_sizes': (64,), 'clf__learning_rate_init': np.float64(0.00853618986286683)}"
MLP,Neural,hypergraph,15,0.5602413103864186,2644,662,8,42,"{'clf__alpha': np.float64(8.386394780402559e-05), 'clf__hidden_layer_sizes': (128, 64), 'clf__learning_rate_init': np.float64(0.0007591104805282694)}"
MLP,Neural,hb_graph,15,0.5983810450773679,2644,662,14,42,"{'clf__alpha': np.float64(5.415244119402538e-05), 'clf__hidden_layer_sizes': (128, 64), 'clf__learning_rate_init': np.float64(0.001672269700618367)}"
MLP,Neural,pairwise,16,0.47313097380888125,2643,663,4,42,"{'clf__alpha': np.float64(0.00021618942406574428), 'clf__hidden_layer_sizes': (128, 64), 'clf__learning_rate_init': np.float64(0.0026070247583707662)}"
MLP,Neural,hypergraph,16,0.6006051110051628,2643,663,8,42,"{'clf__alpha': np.float64(5.415244119402538e-05), 'clf__hidden_layer_sizes': (128, 64), 'clf__learning_rate_init': np.float64(0.001672269700618367)}"
MLP,Neural,hb_graph,16,0.5791121112631378,2643,663,14,42,"{'clf__alpha': np.float64(3.077180271250682e-05), 'clf__hidden_layer_sizes': (64,), 'clf__learning_rate_init': np.float64(0.00463863097239728)}"
MLP,Neural,pairwise,17,0.4700190421401117,2645,661,4,42,"{'clf__alpha': np.float64(0.00021618942406574428), 'clf__hidden_layer_sizes': (128, 64), 'clf__learning_rate_init': np.float64(0.0026070247583707662)}"
MLP,Neural,hypergraph,17,0.5785386420516879,2645,661,8,42,"{'clf__alpha': np.float64(5.415244119402538e-05), 'clf__hidden_layer_sizes': (128, 64), 'clf__learning_rate_init': np.float64(0.001672269700618367)}"
MLP,Neural,hb_graph,17,0.5856220703039831,2645,661,14,42,"{'clf__alpha': np.float64(5.415244119402538e-05), 'clf__hidden_layer_sizes': (128, 64), 'clf__learning_rate_init': np.float64(0.001672269700618367)}"
MLP,Neural,pairwise,18,0.460015520909973,2643,663,4,42,"{'clf__alpha': np.float64(0.00021618942406574428), 'clf__hidden_layer_sizes': (128, 64), 'clf__learning_rate_init': np.float64(0.0026070247583707662)}"
MLP,Neural,hypergraph,18,0.5611725688735983,2643,663,8,42,"{'clf__alpha': np.float64(0.00021618942406574428), 'clf__hidden_layer_sizes': (128, 64), 'clf__learning_rate_init': np.float64(0.0026070247583707662)}"
MLP,Neural,hb_graph,18,0.5318165721023542,2643,663,14,42,"{'clf__alpha': np.float64(0.013826232179369865), 'clf__hidden_layer_sizes': (64, 32), 'clf__learning_rate_init': np.float64(0.0005820013372709848)}"
MLP,Neural,pairwise,19,0.490573523443644,2644,662,4,42,"{'clf__alpha': np.float64(0.00021618942406574428), 'clf__hidden_layer_sizes': (128, 64), 'clf__learning_rate_init': np.float64(0.0026070247583707662)}"
MLP,Neural,hypergraph,19,0.5792852267307127,2644,662,8,42,"{'clf__alpha': np.float64(8.386394780402559e-05), 'clf__hidden_layer_sizes': (128, 64), 'clf__learning_rate_init': np.float64(0.0007591104805282694)}"
MLP,Neural,hb_graph,19,0.5577474692630283,2644,662,14,42,"{'clf__alpha': np.float64(1.2087541473056957e-05), 'clf__hidden_layer_sizes': (128,), 'clf__learning_rate_init': np.float64(0.0027796975515266818)}"
MLP,Neural,pairwise,20,0.4545437142301051,2643,663,4,42,"{'clf__alpha': np.float64(0.00021618942406574428), 'clf__hidden_layer_sizes': (128, 64), 'clf__learning_rate_init': np.float64(0.0026070247583707662)}"
MLP,Neural,hypergraph,20,0.5530031930820544,2643,663,8,42,"{'clf__alpha': np.float64(1.1299516083106613e-05), 'clf__hidden_layer_sizes': (64,), 'clf__learning_rate_init': np.float64(0.00853618986286683)}"
MLP,Neural,hb_graph,20,0.5571149733875997,2643,663,14,42,"{'clf__alpha': np.float64(0.07852755494724252), 'clf__hidden_layer_sizes': (64, 32), 'clf__learning_rate_init': np.float64(0.0008168455894760156)}"
MLP,Neural,pairwise,21,0.48293024179735455,2644,662,4,42,"{'clf__alpha': np.float64(5.415244119402538e-05), 'clf__hidden_layer_sizes': (128, 64), 'clf__learning_rate_init': np.float64(0.001672269700618367)}"
MLP,Neural,hypergraph,21,0.5295382086410182,2644,662,8,42,"{'clf__alpha': np.float64(1.1299516083106613e-05), 'clf__hidden_layer_sizes': (64,), 'clf__learning_rate_init': np.float64(0.00853618986286683)}"
MLP,Neural,hb_graph,21,0.5347033146815284,2644,662,14,42,"{'clf__alpha': np.float64(3.077180271250682e-05), 'clf__hidden_layer_sizes': (64,), 'clf__learning_rate_init': np.float64(0.00463863097239728)}"
MLP,Neural,pairwise,22,0.5024771995003541,2643,663,4,42,"{'clf__alpha': np.float64(0.07852755494724252), 'clf__hidden_layer_sizes': (64, 32), 'clf__learning_rate_init': np.float64(0.0008168455894760156)}"
MLP,Neural,hypergraph,22,0.5305484340089304,2643,663,8,42,"{'clf__alpha': np.float64(0.00021618942406574428), 'clf__hidden_layer_sizes': (128, 64), 'clf__learning_rate_init': np.float64(0.0026070247583707662)}"
MLP,Neural,hb_graph,22,0.5473780564925413,2643,663,14,42,"{'clf__alpha': np.float64(4.207053950287933e-05), 'clf__hidden_layer_sizes': (64, 32), 'clf__learning_rate_init': np.float64(0.0008288916866885138)}"
MLP,Neural,pairwise,23,0.5130476594731415,2644,662,4,42,"{'clf__alpha': np.float64(0.07852755494724252), 'clf__hidden_layer_sizes': (64, 32), 'clf__learning_rate_init': np.float64(0.0008168455894760156)}"
MLP,Neural,hypergraph,23,0.6269493407006336,2644,662,8,42,"{'clf__alpha': np.float64(0.00021618942406574428), 'clf__hidden_layer_sizes': (128, 64), 'clf__learning_rate_init': np.float64(0.0026070247583707662)}"
MLP,Neural,hb_graph,23,0.5848889771053446,2644,662,14,42,"{'clf__alpha': np.float64(0.004467752817973905), 'clf__hidden_layer_sizes': (128,), 'clf__learning_rate_init': np.float64(0.0007084541505250223)}"
MLP,Neural,pairwise,24,0.4833433160919095,2645,661,4,42,"{'clf__alpha': np.float64(1.1299516083106613e-05), 'clf__hidden_layer_sizes': (64,), 'clf__learning_rate_init': np.float64(0.00853618986286683)}"
MLP,Neural,hypergraph,24,0.472177750130067,2645,661,8,42,"{'clf__alpha': np.float64(0.004467752817973905), 'clf__hidden_layer_sizes': (128,), 'clf__learning_rate_init': np.float64(0.0007084541505250223)}"
MLP,Neural,hb_graph,24,0.5608525988126696,2645,661,14,42,"{'clf__alpha': np.float64(0.013826232179369865), 'clf__hidden_layer_sizes': (64, 32), 'clf__learning_rate_init': np.float64(0.0005820013372709848)}"
MLP,Neural,pairwise,25,0.4997492616572228,2645,661,4,42,"{'clf__alpha': np.float64(0.00021618942406574428), 'clf__hidden_layer_sizes': (128, 64), 'clf__learning_rate_init': np.float64(0.0026070247583707662)}"
MLP,Neural,hypergraph,25,0.5856534629414668,2645,661,8,42,"{'clf__alpha': np.float64(8.386394780402559e-05), 'clf__hidden_layer_sizes': (128, 64), 'clf__learning_rate_init': np.float64(0.0007591104805282694)}"
MLP,Neural,hb_graph,25,0.5502875546815345,2645,661,14,42,"{'clf__alpha': np.float64(3.077180271250682e-05), 'clf__hidden_layer_sizes': (64,), 'clf__learning_rate_init': np.float64(0.00463863097239728)}"
MLP,Neural,pairwise,26,0.483965523839619,2643,663,4,42,"{'clf__alpha': np.float64(0.00021618942406574428), 'clf__hidden_layer_sizes': (128, 64), 'clf__learning_rate_init': np.float64(0.0026070247583707662)}"
MLP,Neural,hypergraph,26,0.49885665811094176,2643,663,8,42,"{'clf__alpha': np.float64(0.0026926469100861782), 'clf__hidden_layer_sizes': (64,), 'clf__learning_rate_init': np.float64(0.000796156607806294)}"
MLP,Neural,hb_graph,26,0.5073940904594458,2643,663,14,42,"{'clf__alpha': np.float64(5.415244119402538e-05), 'clf__hidden_layer_sizes': (128, 64), 'clf__learning_rate_init': np.float64(0.001672269700618367)}"
MLP,Neural,pairwise,27,0.414915315733197,2643,663,4,42,"{'clf__alpha': np.float64(0.00021618942406574428), 'clf__hidden_layer_sizes': (128, 64), 'clf__learning_rate_init': np.float64(0.0026070247583707662)}"
MLP,Neural,hypergraph,27,0.5465550965393895,2643,663,8,42,"{'clf__alpha': np.float64(5.415244119402538e-05), 'clf__hidden_layer_sizes': (128, 64), 'clf__learning_rate_init': np.float64(0.001672269700618367)}"
MLP,Neural,hb_graph,27,0.5693782781950342,2643,663,14,42,"{'clf__alpha': np.float64(1.2087541473056957e-05), 'clf__hidden_layer_sizes': (128,), 'clf__learning_rate_init': np.float64(0.0027796975515266818)}"
MLP,Neural,pairwise,28,0.4898403726031741,2643,663,4,42,"{'clf__alpha': np.float64(5.415244119402538e-05), 'clf__hidden_layer_sizes': (128, 64), 'clf__learning_rate_init': np.float64(0.001672269700618367)}"
MLP,Neural,hypergraph,28,0.5372518875860676,2643,663,8,42,"{'clf__alpha': np.float64(0.00021618942406574428), 'clf__hidden_layer_sizes': (128, 64), 'clf__learning_rate_init': np.float64(0.0026070247583707662)}"
MLP,Neural,hb_graph,28,0.5604845111027728,2643,663,14,42,"{'clf__alpha': np.float64(0.004467752817973905), 'clf__hidden_layer_sizes': (128,), 'clf__learning_rate_init': np.float64(0.0007084541505250223)}"
MLP,Neural,pairwise,29,0.5241658824930774,2645,661,4,42,"{'clf__alpha': np.float64(0.00021618942406574428), 'clf__hidden_layer_sizes': (128, 64), 'clf__learning_rate_init': np.float64(0.0026070247583707662)}"
MLP,Neural,hypergraph,29,0.563657755303004,2645,661,8,42,"{'clf__alpha': np.float64(5.415244119402538e-05), 'clf__hidden_layer_sizes': (128, 64), 'clf__learning_rate_init': np.float64(0.001672269700618367)}"
MLP,Neural,hb_graph,29,0.6214216339377319,2645,661,14,42,"{'clf__alpha': np.float64(3.077180271250682e-05), 'clf__hidden_layer_sizes': (64,), 'clf__learning_rate_init': np.float64(0.00463863097239728)}"
MLP,Neural,pairwise,30,0.4671385686680718,2644,662,4,42,"{'clf__alpha': np.float64(1.1299516083106613e-05), 'clf__hidden_layer_sizes': (64,), 'clf__learning_rate_init': np.float64(0.00853618986286683)}"
MLP,Neural,hypergraph,30,0.584432738461447,2644,662,8,42,"{'clf__alpha': np.float64(8.386394780402559e-05), 'clf__hidden_layer_sizes': (128, 64), 'clf__learning_rate_init': np.float64(0.0007591104805282694)}"
MLP,Neural,hb_graph,30,0.6081674490078328,2644,662,14,42,"{'clf__alpha': np.float64(1.2087541473056957e-05), 'clf__hidden_layer_sizes': (128,), 'clf__learning_rate_init': np.float64(0.0027796975515266818)}"
MLP,Neural,pairwise,31,0.5405778653979745,2645,661,4,42,"{'clf__alpha': np.float64(8.386394780402559e-05), 'clf__hidden_layer_sizes': (128, 64), 'clf__learning_rate_init': np.float64(0.0007591104805282694)}"
MLP,Neural,hypergraph,31,0.5974225180641194,2645,661,8,42,"{'clf__alpha': np.float64(0.00021618942406574428), 'clf__hidden_layer_sizes': (128, 64), 'clf__learning_rate_init': np.float64(0.0026070247583707662)}"
MLP,Neural,hb_graph,31,0.6210911115802275,2645,661,14,42,"{'clf__alpha': np.float64(0.013826232179369865), 'clf__hidden_layer_sizes': (64, 32), 'clf__learning_rate_init': np.float64(0.0005820013372709848)}"
MLP,Neural,pairwise,32,0.48075497340554063,2643,663,4,42,"{'clf__alpha': np.float64(0.00021618942406574428), 'clf__hidden_layer_sizes': (128, 64), 'clf__learning_rate_init': np.float64(0.0026070247583707662)}"
MLP,Neural,hypergraph,32,0.5292686954853827,2643,663,8,42,"{'clf__alpha': np.float64(8.386394780402559e-05), 'clf__hidden_layer_sizes': (128, 64), 'clf__learning_rate_init': np.float64(0.0007591104805282694)}"
MLP,Neural,hb_graph,32,0.5592380527889803,2643,663,14,42,"{'clf__alpha': np.float64(1.2087541473056957e-05), 'clf__hidden_layer_sizes': (128,), 'clf__learning_rate_init': np.float64(0.0027796975515266818)}"
MLP,Neural,pairwise,33,0.5394044149256916,2644,662,4,42,"{'clf__alpha': np.float64(1.2087541473056957e-05), 'clf__hidden_layer_sizes': (128,), 'clf__learning_rate_init': np.float64(0.0027796975515266818)}"
MLP,Neural,hypergraph,33,0.5498691620595038,2644,662,8,42,"{'clf__alpha': np.float64(8.386394780402559e-05), 'clf__hidden_layer_sizes': (128, 64), 'clf__learning_rate_init': np.float64(0.0007591104805282694)}"
MLP,Neural,hb_graph,33,0.5915144603048615,2644,662,14,42,"{'clf__alpha': np.float64(1.2087541473056957e-05), 'clf__hidden_layer_sizes': (128,), 'clf__learning_rate_init': np.float64(0.0027796975515266818)}"
MLP,Neural,pairwise,34,0.4555881181942067,2644,662,4,42,"{'clf__alpha': np.float64(1.2087541473056957e-05), 'clf__hidden_layer_sizes': (128,), 'clf__learning_rate_init': np.float64(0.0027796975515266818)}"
MLP,Neural,hypergraph,34,0.5132318230503237,2644,662,8,42,"{'clf__alpha': np.float64(0.00021618942406574428), 'clf__hidden_layer_sizes': (128, 64), 'clf__learning_rate_init': np.float64(0.0026070247583707662)}"
MLP,Neural,hb_graph,34,0.5448182256082807,2644,662,14,42,"{'clf__alpha': np.float64(1.2087541473056957e-05), 'clf__hidden_layer_sizes': (128,), 'clf__learning_rate_init': np.float64(0.0027796975515266818)}"
MLP,Neural,pairwise,35,0.4891050592060576,2644,662,4,42,"{'clf__alpha': np.float64(1.2087541473056957e-05), 'clf__hidden_layer_sizes': (128,), 'clf__learning_rate_init': np.float64(0.0027796975515266818)}"
MLP,Neural,hypergraph,35,0.5133005400607411,2644,662,8,42,"{'clf__alpha': np.float64(8.386394780402559e-05), 'clf__hidden_layer_sizes': (128, 64), 'clf__learning_rate_init': np.float64(0.0007591104805282694)}"
MLP,Neural,hb_graph,35,0.5609108171316811,2644,662,14,42,"{'clf__alpha': np.float64(1.2087541473056957e-05), 'clf__hidden_layer_sizes': (128,), 'clf__learning_rate_init': np.float64(0.0027796975515266818)}"
MLP,Neural,pairwise,36,0.5386231338429663,2644,662,4,42,"{'clf__alpha': np.float64(0.00021618942406574428), 'clf__hidden_layer_sizes': (128, 64), 'clf__learning_rate_init': np.float64(0.0026070247583707662)}"
MLP,Neural,hypergraph,36,0.5472503400053624,2644,662,8,42,"{'clf__alpha': np.float64(1.2087541473056957e-05), 'clf__hidden_layer_sizes': (128,), 'clf__learning_rate_init': np.float64(0.0027796975515266818)}"
MLP,Neural,hb_graph,36,0.5955033699317341,2644,662,14,42,"{'clf__alpha': np.float64(0.00021618942406574428), 'clf__hidden_layer_sizes': (128, 64), 'clf__learning_rate_init': np.float64(0.0026070247583707662)}"
MLP,Neural,pairwise,37,0.5319147380593454,2644,662,4,42,"{'clf__alpha': np.float64(1.1299516083106613e-05), 'clf__hidden_layer_sizes': (64,), 'clf__learning_rate_init': np.float64(0.00853618986286683)}"
MLP,Neural,hypergraph,37,0.6055459074347139,2644,662,8,42,"{'clf__alpha': np.float64(1.1299516083106613e-05), 'clf__hidden_layer_sizes': (64,), 'clf__learning_rate_init': np.float64(0.00853618986286683)}"
MLP,Neural,hb_graph,37,0.5955473324071813,2644,662,14,42,"{'clf__alpha': np.float64(0.0026926469100861782), 'clf__hidden_layer_sizes': (64,), 'clf__learning_rate_init': np.float64(0.000796156607806294)}"
MLP,Neural,pairwise,38,0.5323161261797265,2644,662,4,42,"{'clf__alpha': np.float64(0.00021618942406574428), 'clf__hidden_layer_sizes': (128, 64), 'clf__learning_rate_init': np.float64(0.0026070247583707662)}"
MLP,Neural,hypergraph,38,0.5933619647855674,2644,662,8,42,"{'clf__alpha': np.float64(8.386394780402559e-05), 'clf__hidden_layer_sizes': (128, 64), 'clf__learning_rate_init': np.float64(0.0007591104805282694)}"
MLP,Neural,hb_graph,38,0.6121463712467387,2644,662,14,42,"{'clf__alpha': np.float64(0.07852755494724252), 'clf__hidden_layer_sizes': (64, 32), 'clf__learning_rate_init': np.float64(0.0008168455894760156)}"
MLP,Neural,pairwise,39,0.5002073265904838,2644,662,4,42,"{'clf__alpha': np.float64(5.415244119402538e-05), 'clf__hidden_layer_sizes': (128, 64), 'clf__learning_rate_init': np.float64(0.001672269700618367)}"
MLP,Neural,hypergraph,39,0.5941732742415691,2644,662,8,42,"{'clf__alpha': np.float64(0.00021618942406574428), 'clf__hidden_layer_sizes': (128, 64), 'clf__learning_rate_init': np.float64(0.0026070247583707662)}"
MLP,Neural,hb_graph,39,0.5652433047681146,2644,662,14,42,"{'clf__alpha': np.float64(0.013826232179369865), 'clf__hidden_layer_sizes': (64, 32), 'clf__learning_rate_init': np.float64(0.0005820013372709848)}"
MLP,Neural,pairwise,40,0.46498048091585364,2643,663,4,42,"{'clf__alpha': np.float64(0.00021618942406574428), 'clf__hidden_layer_sizes': (128, 64), 'clf__learning_rate_init': np.float64(0.0026070247583707662)}"
MLP,Neural,hypergraph,40,0.5732228385212886,2643,663,8,42,"{'clf__alpha': np.float64(3.077180271250682e-05), 'clf__hidden_layer_sizes': (64,), 'clf__learning_rate_init': np.float64(0.00463863097239728)}"
MLP,Neural,hb_graph,40,0.5859241821218635,2643,663,14,42,"{'clf__alpha': np.float64(1.2087541473056957e-05), 'clf__hidden_layer_sizes': (128,), 'clf__learning_rate_init': np.float64(0.0027796975515266818)}"
MLP,Neural,pairwise,41,0.4801700298200142,2646,660,4,42,"{'clf__alpha': np.float64(0.00021618942406574428), 'clf__hidden_layer_sizes': (128, 64), 'clf__learning_rate_init': np.float64(0.0026070247583707662)}"
MLP,Neural,hypergraph,41,0.5087862867511899,2646,660,8,42,"{'clf__alpha': np.float64(0.004467752817973905), 'clf__hidden_layer_sizes': (128,), 'clf__learning_rate_init': np.float64(0.0007084541505250223)}"
MLP,Neural,hb_graph,41,0.5498651153865427,2646,660,14,42,"{'clf__alpha': np.float64(1.2087541473056957e-05), 'clf__hidden_layer_sizes': (128,), 'clf__learning_rate_init': np.float64(0.0027796975515266818)}"
MLP,Neural,pairwise,42,0.5365425761698346,2643,663,4,42,"{'clf__alpha': np.float64(8.386394780402559e-05), 'clf__hidden_layer_sizes': (128, 64), 'clf__learning_rate_init': np.float64(0.0007591104805282694)}"
MLP,Neural,hypergraph,42,0.6110358559444794,2643,663,8,42,"{'clf__alpha': np.float64(5.415244119402538e-05), 'clf__hidden_layer_sizes': (128, 64), 'clf__learning_rate_init': np.float64(0.001672269700618367)}"
MLP,Neural,hb_graph,42,0.6179474938079303,2643,663,14,42,"{'clf__alpha': np.float64(1.2087541473056957e-05), 'clf__hidden_layer_sizes': (128,), 'clf__learning_rate_init': np.float64(0.0027796975515266818)}"
MLP,Neural,pairwise,43,0.44858247785434147,2645,661,4,42,"{'clf__alpha': np.float64(4.207053950287933e-05), 'clf__hidden_layer_sizes': (64, 32), 'clf__learning_rate_init': np.float64(0.0008288916866885138)}"
MLP,Neural,hypergraph,43,0.49200199668184175,2645,661,8,42,"{'clf__alpha': np.float64(5.415244119402538e-05), 'clf__hidden_layer_sizes': (128, 64), 'clf__learning_rate_init': np.float64(0.001672269700618367)}"
MLP,Neural,hb_graph,43,0.5690372946395769,2645,661,14,42,"{'clf__alpha': np.float64(5.415244119402538e-05), 'clf__hidden_layer_sizes': (128, 64), 'clf__learning_rate_init': np.float64(0.001672269700618367)}"
MLP,Neural,pairwise,44,0.48101968539153384,2643,663,4,42,"{'clf__alpha': np.float64(0.00021618942406574428), 'clf__hidden_layer_sizes': (128, 64), 'clf__learning_rate_init': np.float64(0.0026070247583707662)}"
MLP,Neural,hypergraph,44,0.49400440764176434,2643,663,8,42,"{'clf__alpha': np.float64(0.004467752817973905), 'clf__hidden_layer_sizes': (128,), 'clf__learning_rate_init': np.float64(0.0007084541505250223)}"
MLP,Neural,hb_graph,44,0.5647642856827482,2643,663,14,42,"{'clf__alpha': np.float64(0.004467752817973905), 'clf__hidden_layer_sizes': (128,), 'clf__learning_rate_init': np.float64(0.0007084541505250223)}"
MLP,Neural,pairwise,45,0.4554984710800527,2643,663,4,42,"{'clf__alpha': np.float64(0.00021618942406574428), 'clf__hidden_layer_sizes': (128, 64), 'clf__learning_rate_init': np.float64(0.0026070247583707662)}"
MLP,Neural,hypergraph,45,0.5501071413154346,2643,663,8,42,"{'clf__alpha': np.float64(5.415244119402538e-05), 'clf__hidden_layer_sizes': (128, 64), 'clf__learning_rate_init': np.float64(0.001672269700618367)}"
MLP,Neural,hb_graph,45,0.5971271955760735,2643,663,14,42,"{'clf__alpha': np.float64(0.004467752817973905), 'clf__hidden_layer_sizes': (128,), 'clf__learning_rate_init': np.float64(0.0007084541505250223)}"
MLP,Neural,pairwise,46,0.4954033616865038,2644,662,4,42,"{'clf__alpha': np.float64(5.415244119402538e-05), 'clf__hidden_layer_sizes': (128, 64), 'clf__learning_rate_init': np.float64(0.001672269700618367)}"
MLP,Neural,hypergraph,46,0.5326620534995554,2644,662,8,42,"{'clf__alpha': np.float64(8.386394780402559e-05), 'clf__hidden_layer_sizes': (128, 64), 'clf__learning_rate_init': np.float64(0.0007591104805282694)}"
MLP,Neural,hb_graph,46,0.5412253903905797,2644,662,14,42,"{'clf__alpha': np.float64(8.386394780402559e-05), 'clf__hidden_layer_sizes': (128, 64), 'clf__learning_rate_init': np.float64(0.0007591104805282694)}"
MLP,Neural,pairwise,47,0.4398555766887941,2644,662,4,42,"{'clf__alpha': np.float64(0.00021618942406574428), 'clf__hidden_layer_sizes': (128, 64), 'clf__learning_rate_init': np.float64(0.0026070247583707662)}"
MLP,Neural,hypergraph,47,0.49425006571208024,2644,662,8,42,"{'clf__alpha': np.float64(8.386394780402559e-05), 'clf__hidden_layer_sizes': (128, 64), 'clf__learning_rate_init': np.float64(0.0007591104805282694)}"
MLP,Neural,hb_graph,47,0.5041303372291148,2644,662,14,42,"{'clf__alpha': np.float64(1.2087541473056957e-05), 'clf__hidden_layer_sizes': (128,), 'clf__learning_rate_init': np.float64(0.0027796975515266818)}"
MLP,Neural,pairwise,48,0.4359553940249597,2644,662,4,42,"{'clf__alpha': np.float64(0.07852755494724252), 'clf__hidden_layer_sizes': (64, 32), 'clf__learning_rate_init': np.float64(0.0008168455894760156)}"
MLP,Neural,hypergraph,48,0.5306461257240359,2644,662,8,42,"{'clf__alpha': np.float64(5.415244119402538e-05), 'clf__hidden_layer_sizes': (128, 64), 'clf__learning_rate_init': np.float64(0.001672269700618367)}"
MLP,Neural,hb_graph,48,0.5321537794290754,2644,662,14,42,"{'clf__alpha': np.float64(1.2087541473056957e-05), 'clf__hidden_layer_sizes': (128,), 'clf__learning_rate_init': np.float64(0.0027796975515266818)}"
MLP,Neural,pairwise,49,0.46501671372280595,2644,662,4,42,"{'clf__alpha': np.float64(4.207053950287933e-05), 'clf__hidden_layer_sizes': (64, 32), 'clf__learning_rate_init': np.float64(0.0008288916866885138)}"
MLP,Neural,hypergraph,49,0.4264013413570437,2644,662,8,42,"{'clf__alpha': np.float64(0.004467752817973905), 'clf__hidden_layer_sizes': (128,), 'clf__learning_rate_init': np.float64(0.0007084541505250223)}"
MLP,Neural,hb_graph,49,0.5264965689975161,2644,662,14,42,"{'clf__alpha': np.float64(5.415244119402538e-05), 'clf__hidden_layer_sizes': (128, 64), 'clf__learning_rate_init': np.float64(0.001672269700618367)}"
MLP,Neural,pairwise,50,0.42518631930781364,2644,662,4,42,"{'clf__alpha': np.float64(0.00021618942406574428), 'clf__hidden_layer_sizes': (128, 64), 'clf__learning_rate_init': np.float64(0.0026070247583707662)}"
MLP,Neural,hypergraph,50,0.5487263805606644,2644,662,8,42,"{'clf__alpha': np.float64(0.00021618942406574428), 'clf__hidden_layer_sizes': (128, 64), 'clf__learning_rate_init': np.float64(0.0026070247583707662)}"
MLP,Neural,hb_graph,50,0.5757908765021059,2644,662,14,42,"{'clf__alpha': np.float64(3.077180271250682e-05), 'clf__hidden_layer_sizes': (64,), 'clf__learning_rate_init': np.float64(0.00463863097239728)}"
RandomForest,Bagged trees,pairwise,1,0.6204436586624381,2645,661,4,42,"{'max_depth': 5, 'min_samples_split': 10, 'n_estimators': 100}"
RandomForest,Bagged trees,hypergraph,1,0.6299628947778368,2645,661,8,42,"{'max_depth': 5, 'min_samples_split': 5, 'n_estimators': 200}"
RandomForest,Bagged trees,hb_graph,1,0.6677322753893172,2645,661,14,42,"{'max_depth': 5, 'min_samples_split': 10, 'n_estimators': 80}"
RandomForest,Bagged trees,pairwise,2,0.5726081264389067,2645,661,4,42,"{'max_depth': 5, 'min_samples_split': 5, 'n_estimators': 80}"
RandomForest,Bagged trees,hypergraph,2,0.633978578403433,2645,661,8,42,"{'max_depth': 5, 'min_samples_split': 2, 'n_estimators': 200}"
RandomForest,Bagged trees,hb_graph,2,0.6344742913586284,2645,661,14,42,"{'max_depth': 5, 'min_samples_split': 2, 'n_estimators': 200}"
RandomForest,Bagged trees,pairwise,3,0.6541997757901522,2643,663,4,42,"{'max_depth': 5, 'min_samples_split': 10, 'n_estimators': 200}"
RandomForest,Bagged trees,hypergraph,3,0.6811237914743941,2643,663,8,42,"{'max_depth': 5, 'min_samples_split': 2, 'n_estimators': 80}"
RandomForest,Bagged trees,hb_graph,3,0.6901197676071357,2643,663,14,42,"{'max_depth': 5, 'min_samples_split': 2, 'n_estimators': 200}"
RandomForest,Bagged trees,pairwise,4,0.5795587695906151,2644,662,4,42,"{'max_depth': 5, 'min_samples_split': 10, 'n_estimators': 100}"
RandomForest,Bagged trees,hypergraph,4,0.5928247674652691,2644,662,8,42,"{'max_depth': 5, 'min_samples_split': 5, 'n_estimators': 80}"
RandomForest,Bagged trees,hb_graph,4,0.6237090354239553,2644,662,14,42,"{'max_depth': 5, 'min_samples_split': 10, 'n_estimators': 80}"
RandomForest,Bagged trees,pairwise,5,0.6615784529816774,2645,661,4,42,"{'max_depth': 5, 'min_samples_split': 2, 'n_estimators': 80}"
RandomForest,Bagged trees,hypergraph,5,0.673639636779935,2645,661,8,42,"{'max_depth': 5, 'min_samples_split': 10, 'n_estimators': 100}"
RandomForest,Bagged trees,hb_graph,5,0.690274959508572,2645,661,14,42,"{'max_depth': 5, 'min_samples_split': 5, 'n_estimators': 100}"
RandomForest,Bagged trees,pairwise,6,0.6274933560280173,2644,662,4,42,"{'max_depth': 5, 'min_samples_split': 10, 'n_estimators': 200}"
RandomForest,Bagged trees,hypergraph,6,0.6448005340876509,2644,662,8,42,"{'max_depth': 5, 'min_samples_split': 5, 'n_estimators': 200}"
RandomForest,Bagged trees,hb_graph,6,0.6606315558937697,2644,662,14,42,"{'max_depth': 5, 'min_samples_split': 10, 'n_estimators': 80}"
RandomForest,Bagged trees,pairwise,7,0.6555040232205568,2645,661,4,42,"{'max_depth': 5, 'min_samples_split': 2, 'n_estimators': 200}"
RandomForest,Bagged trees,hypergraph,7,0.6690289821447901,2645,661,8,42,"{'max_depth': 5, 'min_samples_split': 2, 'n_estimators': 200}"
RandomForest,Bagged trees,hb_graph,7,0.6744566900775789,2645,661,14,42,"{'max_depth': 5, 'min_samples_split': 10, 'n_estimators': 200}"
RandomForest,Bagged trees,pairwise,8,0.5911120445962124,2643,663,4,42,"{'max_depth': 5, 'min_samples_split': 2, 'n_estimators': 80}"
RandomForest,Bagged trees,hypergraph,8,0.6084786576765475,2643,663,8,42,"{'max_depth': 5, 'min_samples_split': 5, 'n_estimators': 100}"
RandomForest,Bagged trees,hb_graph,8,0.6356167698927382,2643,663,14,42,"{'max_depth': 5, 'min_samples_split': 5, 'n_estimators': 80}"
RandomForest,Bagged trees,pairwise,9,0.6203583528743355,2645,661,4,42,"{'max_depth': 5, 'min_samples_split': 10, 'n_estimators': 100}"
RandomForest,Bagged trees,hypergraph,9,0.6451643841169746,2645,661,8,42,"{'max_depth': 5, 'min_samples_split': 2, 'n_estimators': 200}"
RandomForest,Bagged trees,hb_graph,9,0.6588131001694383,2645,661,14,42,"{'max_depth': 5, 'min_samples_split': 10, 'n_estimators': 200}"
RandomForest,Bagged trees,pairwise,10,0.621792610379912,2646,660,4,42,"{'max_depth': 5, 'min_samples_split': 10, 'n_estimators': 100}"
RandomForest,Bagged trees,hypergraph,10,0.6312519368904148,2646,660,8,42,"{'max_depth': 5, 'min_samples_split': 5, 'n_estimators': 200}"
RandomForest,Bagged trees,hb_graph,10,0.6511371384558808,2646,660,14,42,"{'max_depth': 5, 'min_samples_split': 5, 'n_estimators': 200}"
RandomForest,Bagged trees,pairwise,11,0.6354908161764491,2645,661,4,42,"{'max_depth': 5, 'min_samples_split': 2, 'n_estimators': 80}"
RandomForest,Bagged trees,hypergraph,11,0.645887344909668,2645,661,8,42,"{'max_depth': 5, 'min_samples_split': 5, 'n_estimators': 100}"
RandomForest,Bagged trees,hb_graph,11,0.6478513863853917,2645,661,14,42,"{'max_depth': 5, 'min_samples_split': 10, 'n_estimators': 200}"
RandomForest,Bagged trees,pairwise,12,0.5940765633795858,2645,661,4,42,"{'max_depth': 5, 'min_samples_split': 5, 'n_estimators': 100}"
RandomForest,Bagged trees,hypergraph,12,0.6281256817724227,2645,661,8,42,"{'max_depth': 5, 'min_samples_split': 5, 'n_estimators': 200}"
RandomForest,Bagged trees,hb_graph,12,0.6421554230228897,2645,661,14,42,"{'max_depth': 5, 'min_samples_split': 10, 'n_estimators': 80}"
RandomForest,Bagged trees,pairwise,13,0.5606148769647794,2643,663,4,42,"{'max_depth': 5, 'min_samples_split': 10, 'n_estimators': 100}"
RandomForest,Bagged trees,hypergraph,13,0.5499567877968212,2643,663,8,42,"{'max_depth': 5, 'min_samples_split': 10, 'n_estimators': 80}"
RandomForest,Bagged trees,hb_graph,13,0.56832992251763,2643,663,14,42,"{'max_depth': 5, 'min_samples_split': 10, 'n_estimators': 80}"
RandomForest,Bagged trees,pairwise,14,0.6412869456360812,2643,663,4,42,"{'max_depth': 5, 'min_samples_split': 2, 'n_estimators': 80}"
RandomForest,Bagged trees,hypergraph,14,0.6407211160952694,2643,663,8,42,"{'max_depth': 5, 'min_samples_split': 2, 'n_estimators': 100}"
RandomForest,Bagged trees,hb_graph,14,0.6542065061773917,2643,663,14,42,"{'max_depth': 5, 'min_samples_split': 10, 'n_estimators': 200}"
RandomForest,Bagged trees,pairwise,15,0.5804181520428873,2644,662,4,42,"{'max_depth': 5, 'min_samples_split': 5, 'n_estimators': 100}"
RandomForest,Bagged trees,hypergraph,15,0.6177173270798315,2644,662,8,42,"{'max_depth': 5, 'min_samples_split': 10, 'n_estimators': 100}"
RandomForest,Bagged trees,hb_graph,15,0.6404922940046436,2644,662,14,42,"{'max_depth': 5, 'min_samples_split': 2, 'n_estimators': 200}"
RandomForest,Bagged trees,pairwise,16,0.6054080000936165,2643,663,4,42,"{'max_depth': 5, 'min_samples_split': 5, 'n_estimators': 80}"
RandomForest,Bagged trees,hypergraph,16,0.6320461326386675,2643,663,8,42,"{'max_depth': 5, 'min_samples_split': 2, 'n_estimators': 80}"
RandomForest,Bagged trees,hb_graph,16,0.6000737446211309,2643,663,14,42,"{'max_depth': 5, 'min_samples_split': 10, 'n_estimators': 80}"
RandomForest,Bagged trees,pairwise,17,0.6347227804384453,2645,661,4,42,"{'max_depth': 5, 'min_samples_split': 5, 'n_estimators': 200}"
RandomForest,Bagged trees,hypergraph,17,0.6471657773890147,2645,661,8,42,"{'max_depth': 5, 'min_samples_split': 10, 'n_estimators': 200}"
RandomForest,Bagged trees,hb_graph,17,0.6594074528581643,2645,661,14,42,"{'max_depth': 5, 'min_samples_split': 5, 'n_estimators': 80}"
RandomForest,Bagged trees,pairwise,18,0.6170384161103522,2643,663,4,42,"{'max_depth': 5, 'min_samples_split': 2, 'n_estimators': 100}"
RandomForest,Bagged trees,hypergraph,18,0.6182160835252685,2643,663,8,42,"{'max_depth': 5, 'min_samples_split': 5, 'n_estimators': 80}"
RandomForest,Bagged trees,hb_graph,18,0.6282900817108756,2643,663,14,42,"{'max_depth': 5, 'min_samples_split': 5, 'n_estimators': 80}"
RandomForest,Bagged trees,pairwise,19,0.6146543745083564,2644,662,4,42,"{'max_depth': 5, 'min_samples_split': 5, 'n_estimators': 200}"
RandomForest,Bagged trees,hypergraph,19,0.6461898077732845,2644,662,8,42,"{'max_depth': 5, 'min_samples_split': 10, 'n_estimators': 80}"
RandomForest,Bagged trees,hb_graph,19,0.6397927646212701,2644,662,14,42,"{'max_depth': 5, 'min_samples_split': 10, 'n_estimators': 80}"
RandomForest,Bagged trees,pairwise,20,0.6078711232876008,2643,663,4,42,"{'max_depth': 5, 'min_samples_split': 10, 'n_estimators': 100}"
RandomForest,Bagged trees,hypergraph,20,0.6181896300668466,2643,663,8,42,"{'max_depth': 5, 'min_samples_split': 5, 'n_estimators': 100}"
RandomForest,Bagged trees,hb_graph,20,0.6199364310420751,2643,663,14,42,"{'max_depth': 5, 'min_samples_split': 10, 'n_estimators': 80}"
RandomForest,Bagged trees,pairwise,21,0.6093755655732896,2644,662,4,42,"{'max_depth': 5, 'min_samples_split': 10, 'n_estimators': 80}"
RandomForest,Bagged trees,hypergraph,21,0.6211437258059782,2644,662,8,42,"{'max_depth': 5, 'min_samples_split': 2, 'n_estimators': 200}"
RandomForest,Bagged trees,hb_graph,21,0.6352826452333697,2644,662,14,42,"{'max_depth': 5, 'min_samples_split': 10, 'n_estimators': 80}"
RandomForest,Bagged trees,pairwise,22,0.6199352350377995,2643,663,4,42,"{'max_depth': 5, 'min_samples_split': 2, 'n_estimators': 200}"
RandomForest,Bagged trees,hypergraph,22,0.6482664345053918,2643,663,8,42,"{'max_depth': 5, 'min_samples_split': 5, 'n_estimators': 80}"
RandomForest,Bagged trees,hb_graph,22,0.6511185012853151,2643,663,14,42,"{'max_depth': 5, 'min_samples_split': 10, 'n_estimators': 80}"
RandomForest,Bagged trees,pairwise,23,0.6475244420855597,2644,662,4,42,"{'max_depth': 5, 'min_samples_split': 5, 'n_estimators': 100}"
RandomForest,Bagged trees,hypergraph,23,0.6662924503434166,2644,662,8,42,"{'max_depth': 5, 'min_samples_split': 5, 'n_estimators': 200}"
RandomForest,Bagged trees,hb_graph,23,0.6948027500251056,2644,662,14,42,"{'max_depth': 5, 'min_samples_split': 10, 'n_estimators': 80}"
RandomForest,Bagged trees,pairwise,24,0.5820877151629491,2645,661,4,42,"{'max_depth': 5, 'min_samples_split': 5, 'n_estimators': 80}"
RandomForest,Bagged trees,hypergraph,24,0.6108912704048567,2645,661,8,42,"{'max_depth': 5, 'min_samples_split': 2, 'n_estimators': 80}"
RandomForest,Bagged trees,hb_graph,24,0.618331440986127,2645,661,14,42,"{'max_depth': 5, 'min_samples_split': 10, 'n_estimators': 200}"
RandomForest,Bagged trees,pairwise,25,0.5958603221846586,2645,661,4,42,"{'max_depth': 5, 'min_samples_split': 2, 'n_estimators': 80}"
RandomForest,Bagged trees,hypergraph,25,0.6203263799047903,2645,661,8,42,"{'max_depth': 5, 'min_samples_split': 5, 'n_estimators': 80}"
RandomForest,Bagged trees,hb_graph,25,0.6298479456783539,2645,661,14,42,"{'max_depth': 5, 'min_samples_split': 5, 'n_estimators': 80}"
RandomForest,Bagged trees,pairwise,26,0.6133516310282348,2643,663,4,42,"{'max_depth': 5, 'min_samples_split': 2, 'n_estimators': 200}"
RandomForest,Bagged trees,hypergraph,26,0.6373728153201775,2643,663,8,42,"{'max_depth': 5, 'min_samples_split': 2, 'n_estimators': 80}"
RandomForest,Bagged trees,hb_graph,26,0.6621047036242127,2643,663,14,42,"{'max_depth': 5, 'min_samples_split': 5, 'n_estimators': 80}"
RandomForest,Bagged trees,pairwise,27,0.6198394484784631,2643,663,4,42,"{'max_depth': 5, 'min_samples_split': 2, 'n_estimators': 80}"
RandomForest,Bagged trees,hypergraph,27,0.6097507365370756,2643,663,8,42,"{'max_depth': 5, 'min_samples_split': 10, 'n_estimators': 100}"
RandomForest,Bagged trees,hb_graph,27,0.6370522623437499,2643,663,14,42,"{'max_depth': 5, 'min_samples_split': 2, 'n_estimators': 100}"
RandomForest,Bagged trees,pairwise,28,0.6251953223615522,2643,663,4,42,"{'max_depth': 5, 'min_samples_split': 2, 'n_estimators': 200}"
RandomForest,Bagged trees,hypergraph,28,0.6144179892751015,2643,663,8,42,"{'max_depth': 5, 'min_samples_split': 5, 'n_estimators': 200}"
RandomForest,Bagged trees,hb_graph,28,0.6370238341125385,2643,663,14,42,"{'max_depth': 5, 'min_samples_split': 5, 'n_estimators': 80}"
RandomForest,Bagged trees,pairwise,29,0.6503969966219318,2645,661,4,42,"{'max_depth': 5, 'min_samples_split': 2, 'n_estimators': 100}"
RandomForest,Bagged trees,hypergraph,29,0.6660987782312549,2645,661,8,42,"{'max_depth': 5, 'min_samples_split': 10, 'n_estimators': 100}"
RandomForest,Bagged trees,hb_graph,29,0.6947446369233642,2645,661,14,42,"{'max_depth': 5, 'min_samples_split': 10, 'n_estimators': 80}"
RandomForest,Bagged trees,pairwise,30,0.6413731747874634,2644,662,4,42,"{'max_depth': 5, 'min_samples_split': 5, 'n_estimators': 80}"
RandomForest,Bagged trees,hypergraph,30,0.6718482061578828,2644,662,8,42,"{'max_depth': 5, 'min_samples_split': 5, 'n_estimators': 100}"
RandomForest,Bagged trees,hb_graph,30,0.6956783737693618,2644,662,14,42,"{'max_depth': 5, 'min_samples_split': 10, 'n_estimators': 200}"
RandomForest,Bagged trees,pairwise,31,0.6229001539382805,2645,661,4,42,"{'max_depth': 5, 'min_samples_split': 5, 'n_estimators': 200}"
RandomForest,Bagged trees,hypergraph,31,0.6697139205288063,2645,661,8,42,"{'max_depth': 5, 'min_samples_split': 10, 'n_estimators': 200}"
RandomForest,Bagged trees,hb_graph,31,0.6750094211668023,2645,661,14,42,"{'max_depth': 5, 'min_samples_split': 5, 'n_estimators': 80}"
RandomForest,Bagged trees,pairwise,32,0.6099597638653956,2643,663,4,42,"{'max_depth': 5, 'min_samples_split': 10, 'n_estimators': 200}"
RandomForest,Bagged trees,hypergraph,32,0.6091456464524092,2643,663,8,42,"{'max_depth': 5, 'min_samples_split': 5, 'n_estimators': 80}"
RandomForest,Bagged trees,hb_graph,32,0.6380367330860056,2643,663,14,42,"{'max_depth': 5, 'min_samples_split': 10, 'n_estimators': 80}"
RandomForest,Bagged trees,pairwise,33,0.6228078616500199,2644,662,4,42,"{'max_depth': 5, 'min_samples_split': 10, 'n_estimators': 100}"
RandomForest,Bagged trees,hypergraph,33,0.6501930352178167,2644,662,8,42,"{'max_depth': 5, 'min_samples_split': 10, 'n_estimators': 80}"
RandomForest,Bagged trees,hb_graph,33,0.6678988643994616,2644,662,14,42,"{'max_depth': 5, 'min_samples_split': 5, 'n_estimators': 80}"
RandomForest,Bagged trees,pairwise,34,0.5736840654078977,2644,662,4,42,"{'max_depth': 5, 'min_samples_split': 5, 'n_estimators': 200}"
RandomForest,Bagged trees,hypergraph,34,0.5786421063844752,2644,662,8,42,"{'max_depth': 5, 'min_samples_split': 10, 'n_estimators': 100}"
RandomForest,Bagged trees,hb_graph,34,0.5940014558412633,2644,662,14,42,"{'max_depth': 5, 'min_samples_split': 2, 'n_estimators': 80}"
RandomForest,Bagged trees,pairwise,35,0.6076222538914848,2644,662,4,42,"{'max_depth': 5, 'min_samples_split': 10, 'n_estimators': 80}"
RandomForest,Bagged trees,hypergraph,35,0.6392043583577799,2644,662,8,42,"{'max_depth': 5, 'min_samples_split': 2, 'n_estimators': 100}"
RandomForest,Bagged trees,hb_graph,35,0.6262683747686155,2644,662,14,42,"{'max_depth': 5, 'min_samples_split': 10, 'n_estimators': 200}"
RandomForest,Bagged trees,pairwise,36,0.5934724987517453,2644,662,4,42,"{'max_depth': 5, 'min_samples_split': 5, 'n_estimators': 200}"
RandomForest,Bagged trees,hypergraph,36,0.6204320130486377,2644,662,8,42,"{'max_depth': 5, 'min_samples_split': 10, 'n_estimators': 200}"
RandomForest,Bagged trees,hb_graph,36,0.6500213193128176,2644,662,14,42,"{'max_depth': 5, 'min_samples_split': 10, 'n_estimators': 80}"
RandomForest,Bagged trees,pairwise,37,0.6746868981312494,2644,662,4,42,"{'max_depth': 5, 'min_samples_split': 2, 'n_estimators': 100}"
RandomForest,Bagged trees,hypergraph,37,0.6691690277745354,2644,662,8,42,"{'max_depth': 5, 'min_samples_split': 2, 'n_estimators': 80}"
RandomForest,Bagged trees,hb_graph,37,0.6996670547665621,2644,662,14,42,"{'max_depth': 5, 'min_samples_split': 10, 'n_estimators': 200}"
RandomForest,Bagged trees,pairwise,38,0.6192759912871602,2644,662,4,42,"{'max_depth': 5, 'min_samples_split': 10, 'n_estimators': 80}"
RandomForest,Bagged trees,hypergraph,38,0.6530961272864408,2644,662,8,42,"{'max_depth': 5, 'min_samples_split': 2, 'n_estimators': 80}"
RandomForest,Bagged trees,hb_graph,38,0.6737040191058016,2644,662,14,42,"{'max_depth': 5, 'min_samples_split': 10, 'n_estimators': 80}"
RandomForest,Bagged trees,pairwise,39,0.6253513944396374,2644,662,4,42,"{'max_depth': 5, 'min_samples_split': 10, 'n_estimators': 80}"
RandomForest,Bagged trees,hypergraph,39,0.650381459843336,2644,662,8,42,"{'max_depth': 5, 'min_samples_split': 10, 'n_estimators': 80}"
RandomForest,Bagged trees,hb_graph,39,0.6423446087645676,2644,662,14,42,"{'max_depth': 5, 'min_samples_split': 10, 'n_estimators': 80}"
RandomForest,Bagged trees,pairwise,40,0.6000931337220403,2643,663,4,42,"{'max_depth': 5, 'min_samples_split': 10, 'n_estimators': 80}"
RandomForest,Bagged trees,hypergraph,40,0.6355177622579147,2643,663,8,42,"{'max_depth': 5, 'min_samples_split': 10, 'n_estimators': 100}"
RandomForest,Bagged trees,hb_graph,40,0.6719442757831684,2643,663,14,42,"{'max_depth': 5, 'min_samples_split': 10, 'n_estimators': 80}"
RandomForest,Bagged trees,pairwise,41,0.638414586617486,2646,660,4,42,"{'max_depth': 5, 'min_samples_split': 10, 'n_estimators': 80}"
RandomForest,Bagged trees,hypergraph,41,0.6421182753403947,2646,660,8,42,"{'max_depth': 5, 'min_samples_split': 2, 'n_estimators': 200}"
RandomForest,Bagged trees,hb_graph,41,0.6670556377481563,2646,660,14,42,"{'max_depth': 5, 'min_samples_split': 10, 'n_estimators': 80}"
RandomForest,Bagged trees,pairwise,42,0.6362005799755515,2643,663,4,42,"{'max_depth': 5, 'min_samples_split': 10, 'n_estimators': 100}"
RandomForest,Bagged trees,hypergraph,42,0.6544993983916773,2643,663,8,42,"{'max_depth': 5, 'min_samples_split': 10, 'n_estimators': 100}"
RandomForest,Bagged trees,hb_graph,42,0.6818861120683375,2643,663,14,42,"{'max_depth': 5, 'min_samples_split': 10, 'n_estimators': 200}"
RandomForest,Bagged trees,pairwise,43,0.5637616565586673,2645,661,4,42,"{'max_depth': 5, 'min_samples_split': 2, 'n_estimators': 100}"
RandomForest,Bagged trees,hypergraph,43,0.5995172383542111,2645,661,8,42,"{'max_depth': 5, 'min_samples_split': 10, 'n_estimators': 100}"
RandomForest,Bagged trees,hb_graph,43,0.6341109539631111,2645,661,14,42,"{'max_depth': 5, 'min_samples_split': 10, 'n_estimators': 100}"
RandomForest,Bagged trees,pairwise,44,0.6026389700255097,2643,663,4,42,"{'max_depth': 5, 'min_samples_split': 10, 'n_estimators': 80}"
RandomForest,Bagged trees,hypergraph,44,0.6253574996592414,2643,663,8,42,"{'max_depth': 5, 'min_samples_split': 5, 'n_estimators': 100}"
RandomForest,Bagged trees,hb_graph,44,0.6508867266911613,2643,663,14,42,"{'max_depth': 5, 'min_samples_split': 10, 'n_estimators': 100}"
RandomForest,Bagged trees,pairwise,45,0.6715706493384099,2643,663,4,42,"{'max_depth': 5, 'min_samples_split': 10, 'n_estimators': 200}"
RandomForest,Bagged trees,hypergraph,45,0.693606068496255,2643,663,8,42,"{'max_depth': 5, 'min_samples_split': 10, 'n_estimators': 100}"
RandomForest,Bagged trees,hb_graph,45,0.7110801085275877,2643,663,14,42,"{'max_depth': 5, 'min_samples_split': 10, 'n_estimators': 80}"
RandomForest,Bagged trees,pairwise,46,0.6261949176326862,2644,662,4,42,"{'max_depth': 5, 'min_samples_split': 5, 'n_estimators': 200}"
RandomForest,Bagged trees,hypergraph,46,0.6280318377341482,2644,662,8,42,"{'max_depth': 5, 'min_samples_split': 10, 'n_estimators': 100}"
RandomForest,Bagged trees,hb_graph,46,0.6352315797644573,2644,662,14,42,"{'max_depth': 5, 'min_samples_split': 10, 'n_estimators': 80}"
RandomForest,Bagged trees,pairwise,47,0.5793779342191281,2644,662,4,42,"{'max_depth': 5, 'min_samples_split': 10, 'n_estimators': 80}"
RandomForest,Bagged trees,hypergraph,47,0.5959556776310423,2644,662,8,42,"{'max_depth': 5, 'min_samples_split': 5, 'n_estimators': 100}"
RandomForest,Bagged trees,hb_graph,47,0.6012699916209177,2644,662,14,42,"{'max_depth': 5, 'min_samples_split': 5, 'n_estimators': 80}"
RandomForest,Bagged trees,pairwise,48,0.5977526264483914,2644,662,4,42,"{'max_depth': 5, 'min_samples_split': 2, 'n_estimators': 80}"
RandomForest,Bagged trees,hypergraph,48,0.625486486295217,2644,662,8,42,"{'max_depth': 5, 'min_samples_split': 10, 'n_estimators': 200}"
RandomForest,Bagged trees,hb_graph,48,0.622957244552749,2644,662,14,42,"{'max_depth': 5, 'min_samples_split': 10, 'n_estimators': 200}"
RandomForest,Bagged trees,pairwise,49,0.5796553948980698,2644,662,4,42,"{'max_depth': 5, 'min_samples_split': 2, 'n_estimators': 100}"
RandomForest,Bagged trees,hypergraph,49,0.6095505991863347,2644,662,8,42,"{'max_depth': 5, 'min_samples_split': 10, 'n_estimators': 80}"
RandomForest,Bagged trees,hb_graph,49,0.6204428918962058,2644,662,14,42,"{'max_depth': 5, 'min_samples_split': 5, 'n_estimators': 100}"
RandomForest,Bagged trees,pairwise,50,0.6236952080913017,2644,662,4,42,"{'max_depth': 5, 'min_samples_split': 2, 'n_estimators': 100}"
RandomForest,Bagged trees,hypergraph,50,0.6451608278313787,2644,662,8,42,"{'max_depth': 5, 'min_samples_split': 5, 'n_estimators': 200}"
RandomForest,Bagged trees,hb_graph,50,0.6826523585089539,2644,662,14,42,"{'max_depth': 5, 'min_samples_split': 5, 'n_estimators': 200}"
XGBoost,Boosted trees,pairwise,1,0.6499259844937811,2645,661,4,42,"{'learning_rate': 0.01, 'max_depth': 5, 'n_estimators': 200, 'subsample': 0.8}"
XGBoost,Boosted trees,hypergraph,1,0.6475867175658405,2645,661,8,42,"{'learning_rate': 0.01, 'max_depth': 5, 'n_estimators': 80, 'subsample': 0.75}"
XGBoost,Boosted trees,hb_graph,1,0.6960632780471678,2645,661,14,42,"{'learning_rate': 0.01, 'max_depth': 5, 'n_estimators': 200, 'subsample': 0.8}"
XGBoost,Boosted trees,pairwise,2,0.5957749908418981,2645,661,4,42,"{'learning_rate': 0.05, 'max_depth': 5, 'n_estimators': 80, 'subsample': 0.8}"
XGBoost,Boosted trees,hypergraph,2,0.6373507423414178,2645,661,8,42,"{'learning_rate': 0.01, 'max_depth': 5, 'n_estimators': 100, 'subsample': 0.75}"
XGBoost,Boosted trees,hb_graph,2,0.6354102595109123,2645,661,14,42,"{'learning_rate': 0.01, 'max_depth': 5, 'n_estimators': 80, 'subsample': 0.8}"
XGBoost,Boosted trees,pairwise,3,0.6542452593642654,2643,663,4,42,"{'learning_rate': 0.01, 'max_depth': 5, 'n_estimators': 80, 'subsample': 0.8}"
XGBoost,Boosted trees,hypergraph,3,0.7015199994428902,2643,663,8,42,"{'learning_rate': 0.05, 'max_depth': 5, 'n_estimators': 80, 'subsample': 0.8}"
XGBoost,Boosted trees,hb_graph,3,0.6953709613503122,2643,663,14,42,"{'learning_rate': 0.01, 'max_depth': 5, 'n_estimators': 100, 'subsample': 0.75}"
XGBoost,Boosted trees,pairwise,4,0.6025550701050962,2644,662,4,42,"{'learning_rate': 0.01, 'max_depth': 5, 'n_estimators': 200, 'subsample': 0.75}"
XGBoost,Boosted trees,hypergraph,4,0.6047353630030008,2644,662,8,42,"{'learning_rate': 0.01, 'max_depth': 5, 'n_estimators': 100, 'subsample': 0.75}"
XGBoost,Boosted trees,hb_graph,4,0.6394939611365362,2644,662,14,42,"{'learning_rate': 0.01, 'max_depth': 5, 'n_estimators': 100, 'subsample': 0.75}"
XGBoost,Boosted trees,pairwise,5,0.6776036733085391,2645,661,4,42,"{'learning_rate': 0.01, 'max_depth': 5, 'n_estimators': 200, 'subsample': 0.8}"
XGBoost,Boosted trees,hypergraph,5,0.6879018776993885,2645,661,8,42,"{'learning_rate': 0.01, 'max_depth': 5, 'n_estimators': 80, 'subsample': 0.8}"
XGBoost,Boosted trees,hb_graph,5,0.6920256035967118,2645,661,14,42,"{'learning_rate': 0.01, 'max_depth': 5, 'n_estimators': 80, 'subsample': 0.75}"
XGBoost,Boosted trees,pairwise,6,0.6298647316768764,2644,662,4,42,"{'learning_rate': 0.01, 'max_depth': 5, 'n_estimators': 80, 'subsample': 0.75}"
XGBoost,Boosted trees,hypergraph,6,0.6628085533222707,2644,662,8,42,"{'learning_rate': 0.01, 'max_depth': 5, 'n_estimators': 200, 'subsample': 0.75}"
XGBoost,Boosted trees,hb_graph,6,0.6841894014241889,2644,662,14,42,"{'learning_rate': 0.01, 'max_depth': 5, 'n_estimators': 200, 'subsample': 0.8}"
XGBoost,Boosted trees,pairwise,7,0.677557889610709,2645,661,4,42,"{'learning_rate': 0.01, 'max_depth': 5, 'n_estimators': 200, 'subsample': 0.75}"
XGBoost,Boosted trees,hypergraph,7,0.6705364351415704,2645,661,8,42,"{'learning_rate': 0.01, 'max_depth': 5, 'n_estimators': 100, 'subsample': 0.75}"
XGBoost,Boosted trees,hb_graph,7,0.6940073193404863,2645,661,14,42,"{'learning_rate': 0.01, 'max_depth': 5, 'n_estimators': 100, 'subsample': 0.75}"
XGBoost,Boosted trees,pairwise,8,0.5929740854512869,2643,663,4,42,"{'learning_rate': 0.01, 'max_depth': 5, 'n_estimators': 100, 'subsample': 0.8}"
XGBoost,Boosted trees,hypergraph,8,0.6253920782120955,2643,663,8,42,"{'learning_rate': 0.01, 'max_depth': 5, 'n_estimators': 100, 'subsample': 0.75}"
XGBoost,Boosted trees,hb_graph,8,0.6522556191086166,2643,663,14,42,"{'learning_rate': 0.01, 'max_depth': 5, 'n_estimators': 100, 'subsample': 0.75}"
XGBoost,Boosted trees,pairwise,9,0.6316908687071962,2645,661,4,42,"{'learning_rate': 0.01, 'max_depth': 5, 'n_estimators': 200, 'subsample': 0.8}"
XGBoost,Boosted trees,hypergraph,9,0.6616933818907255,2645,661,8,42,"{'learning_rate': 0.05, 'max_depth': 5, 'n_estimators': 80, 'subsample': 1.0}"
XGBoost,Boosted trees,hb_graph,9,0.6449151390449651,2645,661,14,42,"{'learning_rate': 0.01, 'max_depth': 5, 'n_estimators': 80, 'subsample': 1.0}"
XGBoost,Boosted trees,pairwise,10,0.6216881959136393,2646,660,4,42,"{'learning_rate': 0.01, 'max_depth': 5, 'n_estimators': 80, 'subsample': 0.8}"
XGBoost,Boosted trees,hypergraph,10,0.6470355684606759,2646,660,8,42,"{'learning_rate': 0.01, 'max_depth': 5, 'n_estimators': 100, 'subsample': 0.75}"
XGBoost,Boosted trees,hb_graph,10,0.6651168291172442,2646,660,14,42,"{'learning_rate': 0.01, 'max_depth': 5, 'n_estimators': 100, 'subsample': 0.75}"
XGBoost,Boosted trees,pairwise,11,0.6442799550256681,2645,661,4,42,"{'learning_rate': 0.01, 'max_depth': 5, 'n_estimators': 200, 'subsample': 0.75}"
XGBoost,Boosted trees,hypergraph,11,0.6300011841093023,2645,661,8,42,"{'learning_rate': 0.01, 'max_depth': 5, 'n_estimators': 80, 'subsample': 0.75}"
XGBoost,Boosted trees,hb_graph,11,0.6784449034149352,2645,661,14,42,"{'learning_rate': 0.05, 'max_depth': 5, 'n_estimators': 80, 'subsample': 0.75}"
XGBoost,Boosted trees,pairwise,12,0.6075236845113728,2645,661,4,42,"{'learning_rate': 0.01, 'max_depth': 5, 'n_estimators': 80, 'subsample': 0.75}"
XGBoost,Boosted trees,hypergraph,12,0.6911199128528364,2645,661,8,42,"{'learning_rate': 0.05, 'max_depth': 5, 'n_estimators': 80, 'subsample': 0.75}"
XGBoost,Boosted trees,hb_graph,12,0.7046468953479295,2645,661,14,42,"{'learning_rate': 0.05, 'max_depth': 5, 'n_estimators': 80, 'subsample': 0.75}"
XGBoost,Boosted trees,pairwise,13,0.5830567014512346,2643,663,4,42,"{'learning_rate': 0.01, 'max_depth': 5, 'n_estimators': 200, 'subsample': 0.75}"
XGBoost,Boosted trees,hypergraph,13,0.5438657955926609,2643,663,8,42,"{'learning_rate': 0.01, 'max_depth': 5, 'n_estimators': 80, 'subsample': 0.75}"
XGBoost,Boosted trees,hb_graph,13,0.5568708458140846,2643,663,14,42,"{'learning_rate': 0.01, 'max_depth': 5, 'n_estimators': 80, 'subsample': 0.75}"
XGBoost,Boosted trees,pairwise,14,0.6439670659929471,2643,663,4,42,"{'learning_rate': 0.01, 'max_depth': 5, 'n_estimators': 100, 'subsample': 0.75}"
XGBoost,Boosted trees,hypergraph,14,0.6574611975695408,2643,663,8,42,"{'learning_rate': 0.01, 'max_depth': 5, 'n_estimators': 80, 'subsample': 0.75}"
XGBoost,Boosted trees,hb_graph,14,0.6508530130728334,2643,663,14,42,"{'learning_rate': 0.01, 'max_depth': 5, 'n_estimators': 100, 'subsample': 0.8}"
XGBoost,Boosted trees,pairwise,15,0.5925665994134031,2644,662,4,42,"{'learning_rate': 0.01, 'max_depth': 5, 'n_estimators': 100, 'subsample': 0.75}"
XGBoost,Boosted trees,hypergraph,15,0.669614108310337,2644,662,8,42,"{'learning_rate': 0.05, 'max_depth': 5, 'n_estimators': 100, 'subsample': 0.8}"
XGBoost,Boosted trees,hb_graph,15,0.6402129729436494,2644,662,14,42,"{'learning_rate': 0.01, 'max_depth': 5, 'n_estimators': 80, 'subsample': 0.75}"
XGBoost,Boosted trees,pairwise,16,0.6240635950776227,2643,663,4,42,"{'learning_rate': 0.01, 'max_depth': 5, 'n_estimators': 200, 'subsample': 0.75}"
XGBoost,Boosted trees,hypergraph,16,0.6448264971551144,2643,663,8,42,"{'learning_rate': 0.01, 'max_depth': 5, 'n_estimators': 100, 'subsample': 0.75}"
XGBoost,Boosted trees,hb_graph,16,0.6179134090062792,2643,663,14,42,"{'learning_rate': 0.01, 'max_depth': 5, 'n_estimators': 80, 'subsample': 0.75}"
XGBoost,Boosted trees,pairwise,17,0.6236758341252104,2645,661,4,42,"{'learning_rate': 0.01, 'max_depth': 5, 'n_estimators': 100, 'subsample': 0.8}"
XGBoost,Boosted trees,hypergraph,17,0.6651957482284234,2645,661,8,42,"{'learning_rate': 0.01, 'max_depth': 5, 'n_estimators': 80, 'subsample': 0.75}"
XGBoost,Boosted trees,hb_graph,17,0.6803227843400942,2645,661,14,42,"{'learning_rate': 0.01, 'max_depth': 5, 'n_estimators': 80, 'subsample': 0.75}"
XGBoost,Boosted trees,pairwise,18,0.6285999547664194,2643,663,4,42,"{'learning_rate': 0.01, 'max_depth': 5, 'n_estimators': 100, 'subsample': 0.8}"
XGBoost,Boosted trees,hypergraph,18,0.6493574096848732,2643,663,8,42,"{'learning_rate': 0.01, 'max_depth': 5, 'n_estimators': 200, 'subsample': 1.0}"
XGBoost,Boosted trees,hb_graph,18,0.6680667945671883,2643,663,14,42,"{'learning_rate': 0.05, 'max_depth': 5, 'n_estimators': 80, 'subsample': 0.8}"
XGBoost,Boosted trees,pairwise,19,0.6265502984092084,2644,662,4,42,"{'learning_rate': 0.01, 'max_depth': 5, 'n_estimators': 200, 'subsample': 0.75}"
XGBoost,Boosted trees,hypergraph,19,0.6370625756488149,2644,662,8,42,"{'learning_rate': 0.01, 'max_depth': 5, 'n_estimators': 100, 'subsample': 0.8}"
XGBoost,Boosted trees,hb_graph,19,0.6581575696343531,2644,662,14,42,"{'learning_rate': 0.01, 'max_depth': 5, 'n_estimators': 100, 'subsample': 0.75}"
XGBoost,Boosted trees,pairwise,20,0.616744820234539,2643,663,4,42,"{'learning_rate': 0.01, 'max_depth': 5, 'n_estimators': 100, 'subsample': 0.8}"
XGBoost,Boosted trees,hypergraph,20,0.6570092713362169,2643,663,8,42,"{'learning_rate': 0.05, 'max_depth': 5, 'n_estimators': 80, 'subsample': 0.75}"
XGBoost,Boosted trees,hb_graph,20,0.6492161131026765,2643,663,14,42,"{'learning_rate': 0.01, 'max_depth': 5, 'n_estimators': 200, 'subsample': 1.0}"
XGBoost,Boosted trees,pairwise,21,0.6022471299422547,2644,662,4,42,"{'learning_rate': 0.01, 'max_depth': 5, 'n_estimators': 100, 'subsample': 0.8}"
XGBoost,Boosted trees,hypergraph,21,0.6364117362831573,2644,662,8,42,"{'learning_rate': 0.01, 'max_depth': 5, 'n_estimators': 200, 'subsample': 0.75}"
XGBoost,Boosted trees,hb_graph,21,0.6406842559222271,2644,662,14,42,"{'learning_rate': 0.01, 'max_depth': 5, 'n_estimators': 100, 'subsample': 0.75}"
XGBoost,Boosted trees,pairwise,22,0.6313686234029747,2643,663,4,42,"{'learning_rate': 0.01, 'max_depth': 5, 'n_estimators': 80, 'subsample': 0.75}"
XGBoost,Boosted trees,hypergraph,22,0.6868476587306069,2643,663,8,42,"{'learning_rate': 0.05, 'max_depth': 5, 'n_estimators': 80, 'subsample': 0.75}"
XGBoost,Boosted trees,hb_graph,22,0.6646183520511232,2643,663,14,42,"{'learning_rate': 0.01, 'max_depth': 5, 'n_estimators': 100, 'subsample': 0.75}"
XGBoost,Boosted trees,pairwise,23,0.6650659606767152,2644,662,4,42,"{'learning_rate': 0.01, 'max_depth': 5, 'n_estimators': 200, 'subsample': 0.75}"
XGBoost,Boosted trees,hypergraph,23,0.6857682178912982,2644,662,8,42,"{'learning_rate': 0.01, 'max_depth': 5, 'n_estimators': 80, 'subsample': 0.75}"
XGBoost,Boosted trees,hb_graph,23,0.7041031700721238,2644,662,14,42,"{'learning_rate': 0.01, 'max_depth': 5, 'n_estimators': 100, 'subsample': 1.0}"
XGBoost,Boosted trees,pairwise,24,0.591095639553483,2645,661,4,42,"{'learning_rate': 0.01, 'max_depth': 5, 'n_estimators': 100, 'subsample': 0.75}"
XGBoost,Boosted trees,hypergraph,24,0.6095920515765805,2645,661,8,42,"{'learning_rate': 0.01, 'max_depth': 5, 'n_estimators': 80, 'subsample': 0.75}"
XGBoost,Boosted trees,hb_graph,24,0.6002758451946804,2645,661,14,42,"{'learning_rate': 0.01, 'max_depth': 5, 'n_estimators': 100, 'subsample': 1.0}"
XGBoost,Boosted trees,pairwise,25,0.6232126549726892,2645,661,4,42,"{'learning_rate': 0.01, 'max_depth': 5, 'n_estimators': 200, 'subsample': 0.75}"
XGBoost,Boosted trees,hypergraph,25,0.6283790098357692,2645,661,8,42,"{'learning_rate': 0.01, 'max_depth': 5, 'n_estimators': 100, 'subsample': 0.75}"
XGBoost,Boosted trees,hb_graph,25,0.6519507469463756,2645,661,14,42,"{'learning_rate': 0.01, 'max_depth': 5, 'n_estimators': 100, 'subsample': 0.75}"
XGBoost,Boosted trees,pairwise,26,0.6315631022929247,2643,663,4,42,"{'learning_rate': 0.01, 'max_depth': 5, 'n_estimators': 200, 'subsample': 0.8}"
XGBoost,Boosted trees,hypergraph,26,0.6566017193183235,2643,663,8,42,"{'learning_rate': 0.01, 'max_depth': 5, 'n_estimators': 100, 'subsample': 0.8}"
XGBoost,Boosted trees,hb_graph,26,0.6631198179298768,2643,663,14,42,"{'learning_rate': 0.01, 'max_depth': 5, 'n_estimators': 80, 'subsample': 0.8}"
XGBoost,Boosted trees,pairwise,27,0.6328009071175843,2643,663,4,42,"{'learning_rate': 0.01, 'max_depth': 5, 'n_estimators': 200, 'subsample': 0.75}"
XGBoost,Boosted trees,hypergraph,27,0.6083550687106403,2643,663,8,42,"{'learning_rate': 0.01, 'max_depth': 5, 'n_estimators': 80, 'subsample': 0.75}"
XGBoost,Boosted trees,hb_graph,27,0.6493764310465334,2643,663,14,42,"{'learning_rate': 0.01, 'max_depth': 5, 'n_estimators': 100, 'subsample': 0.75}"
XGBoost,Boosted trees,pairwise,28,0.6277387805945603,2643,663,4,42,"{'learning_rate': 0.01, 'max_depth': 5, 'n_estimators': 100, 'subsample': 0.75}"
XGBoost,Boosted trees,hypergraph,28,0.6473680341150218,2643,663,8,42,"{'learning_rate': 0.01, 'max_depth': 5, 'n_estimators': 200, 'subsample': 0.75}"
XGBoost,Boosted trees,hb_graph,28,0.634857610929626,2643,663,14,42,"{'learning_rate': 0.01, 'max_depth': 5, 'n_estimators': 100, 'subsample': 0.8}"
XGBoost,Boosted trees,pairwise,29,0.6519756223041909,2645,661,4,42,"{'learning_rate': 0.01, 'max_depth': 5, 'n_estimators': 100, 'subsample': 1.0}"
XGBoost,Boosted trees,hypergraph,29,0.6992726042816274,2645,661,8,42,"{'learning_rate': 0.01, 'max_depth': 5, 'n_estimators': 200, 'subsample': 0.75}"
XGBoost,Boosted trees,hb_graph,29,0.7180697609117257,2645,661,14,42,"{'learning_rate': 0.01, 'max_depth': 5, 'n_estimators': 100, 'subsample': 0.8}"
XGBoost,Boosted trees,pairwise,30,0.6493756856905928,2644,662,4,42,"{'learning_rate': 0.01, 'max_depth': 5, 'n_estimators': 200, 'subsample': 0.75}"
XGBoost,Boosted trees,hypergraph,30,0.6716551901023277,2644,662,8,42,"{'learning_rate': 0.05, 'max_depth': 5, 'n_estimators': 80, 'subsample': 0.8}"
XGBoost,Boosted trees,hb_graph,30,0.6965693055734824,2644,662,14,42,"{'learning_rate': 0.01, 'max_depth': 5, 'n_estimators': 80, 'subsample': 0.75}"
XGBoost,Boosted trees,pairwise,31,0.6387672399212909,2645,661,4,42,"{'learning_rate': 0.01, 'max_depth': 5, 'n_estimators': 100, 'subsample': 0.8}"
XGBoost,Boosted trees,hypergraph,31,0.7005086607117469,2645,661,8,42,"{'learning_rate': 0.05, 'max_depth': 5, 'n_estimators': 80, 'subsample': 0.75}"
XGBoost,Boosted trees,hb_graph,31,0.6716497773636553,2645,661,14,42,"{'learning_rate': 0.01, 'max_depth': 5, 'n_estimators': 80, 'subsample': 0.75}"
XGBoost,Boosted trees,pairwise,32,0.609605522594684,2643,663,4,42,"{'learning_rate': 0.01, 'max_depth': 5, 'n_estimators': 200, 'subsample': 0.75}"
XGBoost,Boosted trees,hypergraph,32,0.6324888622245362,2643,663,8,42,"{'learning_rate': 0.01, 'max_depth': 5, 'n_estimators': 200, 'subsample': 0.8}"
XGBoost,Boosted trees,hb_graph,32,0.627908303876904,2643,663,14,42,"{'learning_rate': 0.01, 'max_depth': 5, 'n_estimators': 80, 'subsample': 0.75}"
XGBoost,Boosted trees,pairwise,33,0.6237012147396245,2644,662,4,42,"{'learning_rate': 0.01, 'max_depth': 5, 'n_estimators': 80, 'subsample': 0.75}"
XGBoost,Boosted trees,hypergraph,33,0.6774055684183131,2644,662,8,42,"{'learning_rate': 0.05, 'max_depth': 5, 'n_estimators': 80, 'subsample': 1.0}"
XGBoost,Boosted trees,hb_graph,33,0.6831429683672408,2644,662,14,42,"{'learning_rate': 0.01, 'max_depth': 5, 'n_estimators': 80, 'subsample': 0.75}"
XGBoost,Boosted trees,pairwise,34,0.6038790395242271,2644,662,4,42,"{'learning_rate': 0.01, 'max_depth': 5, 'n_estimators': 200, 'subsample': 0.75}"
XGBoost,Boosted trees,hypergraph,34,0.597566011112767,2644,662,8,42,"{'learning_rate': 0.01, 'max_depth': 5, 'n_estimators': 80, 'subsample': 0.75}"
XGBoost,Boosted trees,hb_graph,34,0.6095649102903896,2644,662,14,42,"{'learning_rate': 0.01, 'max_depth': 5, 'n_estimators': 100, 'subsample': 0.75}"
XGBoost,Boosted trees,pairwise,35,0.6059703176719635,2644,662,4,42,"{'learning_rate': 0.01, 'max_depth': 5, 'n_estimators': 200, 'subsample': 0.8}"
XGBoost,Boosted trees,hypergraph,35,0.6603954365358192,2644,662,8,42,"{'learning_rate': 0.01, 'max_depth': 5, 'n_estimators': 200, 'subsample': 0.75}"
XGBoost,Boosted trees,hb_graph,35,0.6315072997776772,2644,662,14,42,"{'learning_rate': 0.01, 'max_depth': 5, 'n_estimators': 80, 'subsample': 0.75}"
XGBoost,Boosted trees,pairwise,36,0.6149984296767217,2644,662,4,42,"{'learning_rate': 0.01, 'max_depth': 5, 'n_estimators': 100, 'subsample': 0.8}"
XGBoost,Boosted trees,hypergraph,36,0.646709065698448,2644,662,8,42,"{'learning_rate': 0.05, 'max_depth': 5, 'n_estimators': 100, 'subsample': 1.0}"
XGBoost,Boosted trees,hb_graph,36,0.6730834643526902,2644,662,14,42,"{'learning_rate': 0.05, 'max_depth': 5, 'n_estimators': 80, 'subsample': 1.0}"
XGBoost,Boosted trees,pairwise,37,0.7002902473524848,2644,662,4,42,"{'learning_rate': 0.01, 'max_depth': 5, 'n_estimators': 200, 'subsample': 0.75}"
XGBoost,Boosted trees,hypergraph,37,0.6814770619527866,2644,662,8,42,"{'learning_rate': 0.01, 'max_depth': 5, 'n_estimators': 100, 'subsample': 0.75}"
XGBoost,Boosted trees,hb_graph,37,0.7169334142063707,2644,662,14,42,"{'learning_rate': 0.01, 'max_depth': 5, 'n_estimators': 100, 'subsample': 0.75}"
XGBoost,Boosted trees,pairwise,38,0.621548147879577,2644,662,4,42,"{'learning_rate': 0.01, 'max_depth': 5, 'n_estimators': 200, 'subsample': 0.75}"
XGBoost,Boosted trees,hypergraph,38,0.6678188821597257,2644,662,8,42,"{'learning_rate': 0.01, 'max_depth': 5, 'n_estimators': 200, 'subsample': 0.75}"
XGBoost,Boosted trees,hb_graph,38,0.669743377663511,2644,662,14,42,"{'learning_rate': 0.01, 'max_depth': 5, 'n_estimators': 100, 'subsample': 1.0}"
XGBoost,Boosted trees,pairwise,39,0.6430114784612104,2644,662,4,42,"{'learning_rate': 0.01, 'max_depth': 5, 'n_estimators': 200, 'subsample': 0.75}"
XGBoost,Boosted trees,hypergraph,39,0.6763306299868941,2644,662,8,42,"{'learning_rate': 0.01, 'max_depth': 5, 'n_estimators': 200, 'subsample': 0.75}"
XGBoost,Boosted trees,hb_graph,39,0.644111334175057,2644,662,14,42,"{'learning_rate': 0.01, 'max_depth': 5, 'n_estimators': 100, 'subsample': 0.75}"
XGBoost,Boosted trees,pairwise,40,0.6247110585900327,2643,663,4,42,"{'learning_rate': 0.01, 'max_depth': 5, 'n_estimators': 200, 'subsample': 0.75}"
XGBoost,Boosted trees,hypergraph,40,0.6962548550746223,2643,663,8,42,"{'learning_rate': 0.05, 'max_depth': 5, 'n_estimators': 80, 'subsample': 1.0}"
XGBoost,Boosted trees,hb_graph,40,0.6885194991239199,2643,663,14,42,"{'learning_rate': 0.01, 'max_depth': 5, 'n_estimators': 80, 'subsample': 0.75}"
XGBoost,Boosted trees,pairwise,41,0.6314145770529165,2646,660,4,42,"{'learning_rate': 0.01, 'max_depth': 5, 'n_estimators': 80, 'subsample': 0.8}"
XGBoost,Boosted trees,hypergraph,41,0.6371445963706273,2646,660,8,42,"{'learning_rate': 0.01, 'max_depth': 5, 'n_estimators': 100, 'subsample': 0.8}"
XGBoost,Boosted trees,hb_graph,41,0.6611668548182839,2646,660,14,42,"{'learning_rate': 0.01, 'max_depth': 5, 'n_estimators': 80, 'subsample': 0.8}"
XGBoost,Boosted trees,pairwise,42,0.6611189130886604,2643,663,4,42,"{'learning_rate': 0.01, 'max_depth': 5, 'n_estimators': 200, 'subsample': 0.75}"
XGBoost,Boosted trees,hypergraph,42,0.6541097417760765,2643,663,8,42,"{'learning_rate': 0.01, 'max_depth': 5, 'n_estimators': 100, 'subsample': 0.8}"
XGBoost,Boosted trees,hb_graph,42,0.6964445245061825,2643,663,14,42,"{'learning_rate': 0.01, 'max_depth': 5, 'n_estimators': 80, 'subsample': 0.75}"
XGBoost,Boosted trees,pairwise,43,0.6133678792932296,2645,661,4,42,"{'learning_rate': 0.05, 'max_depth': 5, 'n_estimators': 80, 'subsample': 0.75}"
XGBoost,Boosted trees,hypergraph,43,0.6296940997172775,2645,661,8,42,"{'learning_rate': 0.01, 'max_depth': 5, 'n_estimators': 200, 'subsample': 0.8}"
XGBoost,Boosted trees,hb_graph,43,0.6371753462473899,2645,661,14,42,"{'learning_rate': 0.01, 'max_depth': 5, 'n_estimators': 80, 'subsample': 0.75}"
XGBoost,Boosted trees,pairwise,44,0.6272833068657027,2643,663,4,42,"{'learning_rate': 0.01, 'max_depth': 5, 'n_estimators': 200, 'subsample': 0.8}"
XGBoost,Boosted trees,hypergraph,44,0.6662157068847373,2643,663,8,42,"{'learning_rate': 0.05, 'max_depth': 5, 'n_estimators': 80, 'subsample': 1.0}"
XGBoost,Boosted trees,hb_graph,44,0.6893139111030838,2643,663,14,42,"{'learning_rate': 0.01, 'max_depth': 5, 'n_estimators': 200, 'subsample': 1.0}"
XGBoost,Boosted trees,pairwise,45,0.6742688625478583,2643,663,4,42,"{'learning_rate': 0.01, 'max_depth': 5, 'n_estimators': 80, 'subsample': 0.75}"
XGBoost,Boosted trees,hypergraph,45,0.7157086620283711,2643,663,8,42,"{'learning_rate': 0.01, 'max_depth': 5, 'n_estimators': 80, 'subsample': 0.75}"
XGBoost,Boosted trees,hb_graph,45,0.7523939565001337,2643,663,14,42,"{'learning_rate': 0.05, 'max_depth': 5, 'n_estimators': 80, 'subsample': 0.75}"
XGBoost,Boosted trees,pairwise,46,0.6295369655202112,2644,662,4,42,"{'learning_rate': 0.01, 'max_depth': 5, 'n_estimators': 100, 'subsample': 0.75}"
XGBoost,Boosted trees,hypergraph,46,0.655516305542226,2644,662,8,42,"{'learning_rate': 0.01, 'max_depth': 5, 'n_estimators': 200, 'subsample': 0.75}"
XGBoost,Boosted trees,hb_graph,46,0.6446950357110609,2644,662,14,42,"{'learning_rate': 0.01, 'max_depth': 5, 'n_estimators': 80, 'subsample': 0.75}"
XGBoost,Boosted trees,pairwise,47,0.6134461066351327,2644,662,4,42,"{'learning_rate': 0.01, 'max_depth': 5, 'n_estimators': 200, 'subsample': 1.0}"
XGBoost,Boosted trees,hypergraph,47,0.631815989013172,2644,662,8,42,"{'learning_rate': 0.05, 'max_depth': 5, 'n_estimators': 80, 'subsample': 0.75}"
XGBoost,Boosted trees,hb_graph,47,0.6105105763394065,2644,662,14,42,"{'learning_rate': 0.01, 'max_depth': 5, 'n_estimators': 80, 'subsample': 0.75}"
XGBoost,Boosted trees,pairwise,48,0.6170795941230856,2644,662,4,42,"{'learning_rate': 0.01, 'max_depth': 5, 'n_estimators': 200, 'subsample': 0.75}"
XGBoost,Boosted trees,hypergraph,48,0.6231790652480599,2644,662,8,42,"{'learning_rate': 0.01, 'max_depth': 5, 'n_estimators': 100, 'subsample': 0.8}"
XGBoost,Boosted trees,hb_graph,48,0.6324549954598045,2644,662,14,42,"{'learning_rate': 0.01, 'max_depth': 5, 'n_estimators': 100, 'subsample': 0.75}"
XGBoost,Boosted trees,pairwise,49,0.5921249792006863,2644,662,4,42,"{'learning_rate': 0.01, 'max_depth': 5, 'n_estimators': 80, 'subsample': 0.8}"
XGBoost,Boosted trees,hypergraph,49,0.6638477183672341,2644,662,8,42,"{'learning_rate': 0.05, 'max_depth': 5, 'n_estimators': 200, 'subsample': 1.0}"
XGBoost,Boosted trees,hb_graph,49,0.6342710441093069,2644,662,14,42,"{'learning_rate': 0.01, 'max_depth': 5, 'n_estimators': 100, 'subsample': 0.75}"
XGBoost,Boosted trees,pairwise,50,0.6471382094135383,2644,662,4,42,"{'learning_rate': 0.01, 'max_depth': 5, 'n_estimators': 200, 'subsample': 0.75}"
XGBoost,Boosted trees,hypergraph,50,0.6627570280180985,2644,662,8,42,"{'learning_rate': 0.01, 'max_depth': 5, 'n_estimators': 80, 'subsample': 0.75}"
XGBoost,Boosted trees,hb_graph,50,0.6794327207027339,2644,662,14,42,"{'learning_rate': 0.01, 'max_depth': 5, 'n_estimators': 80, 'subsample': 0.8}"
LightGBM,Boosted trees,pairwise,1,0.6456564560199372,2645,661,4,42,"{'learning_rate': 0.01, 'max_depth': 5, 'n_estimators': 200, 'num_leaves': 30}"
LightGBM,Boosted trees,hypergraph,1,0.5994149288704643,2645,661,8,42,"{'learning_rate': 0.01, 'max_depth': 5, 'n_estimators': 80, 'num_leaves': 30}"
LightGBM,Boosted trees,hb_graph,1,0.6471267835284435,2645,661,14,42,"{'learning_rate': 0.01, 'max_depth': 5, 'n_estimators': 80, 'num_leaves': 30}"
LightGBM,Boosted trees,pairwise,2,0.5995799921495744,2645,661,4,42,"{'learning_rate': 0.05, 'max_depth': 5, 'n_estimators': 80, 'num_leaves': 30}"
LightGBM,Boosted trees,hypergraph,2,0.6569490717493466,2645,661,8,42,"{'learning_rate': 0.05, 'max_depth': 5, 'n_estimators': 80, 'num_leaves': 30}"
LightGBM,Boosted trees,hb_graph,2,0.6180555545772919,2645,661,14,42,"{'learning_rate': 0.01, 'max_depth': 5, 'n_estimators': 100, 'num_leaves': 30}"
LightGBM,Boosted trees,pairwise,3,0.6580562157182788,2643,663,4,42,"{'learning_rate': 0.01, 'max_depth': 5, 'n_estimators': 200, 'num_leaves': 30}"
LightGBM,Boosted trees,hypergraph,3,0.7021336546086443,2643,663,8,42,"{'learning_rate': 0.05, 'max_depth': 5, 'n_estimators': 80, 'num_leaves': 30}"
LightGBM,Boosted trees,hb_graph,3,0.6346345075816511,2643,663,14,42,"{'learning_rate': 0.01, 'max_depth': 5, 'n_estimators': 80, 'num_leaves': 30}"
LightGBM,Boosted trees,pairwise,4,0.6119027661618559,2644,662,4,42,"{'learning_rate': 0.05, 'max_depth': 5, 'n_estimators': 80, 'num_leaves': 30}"
LightGBM,Boosted trees,hypergraph,4,0.5833058040428417,2644,662,8,42,"{'learning_rate': 0.01, 'max_depth': 5, 'n_estimators': 100, 'num_leaves': 30}"
LightGBM,Boosted trees,hb_graph,4,0.6332721391644489,2644,662,14,42,"{'learning_rate': 0.01, 'max_depth': 5, 'n_estimators': 100, 'num_leaves': 30}"
LightGBM,Boosted trees,pairwise,5,0.6739253557402682,2645,661,4,42,"{'learning_rate': 0.05, 'max_depth': 5, 'n_estimators': 80, 'num_leaves': 30}"
LightGBM,Boosted trees,hypergraph,5,0.7205484449188646,2645,661,8,42,"{'learning_rate': 0.05, 'max_depth': 5, 'n_estimators': 80, 'num_leaves': 30}"
LightGBM,Boosted trees,hb_graph,5,0.6581885958227693,2645,661,14,42,"{'learning_rate': 0.01, 'max_depth': 5, 'n_estimators': 80, 'num_leaves': 30}"
LightGBM,Boosted trees,pairwise,6,0.6320118464419918,2644,662,4,42,"{'learning_rate': 0.01, 'max_depth': 5, 'n_estimators': 200, 'num_leaves': 30}"
LightGBM,Boosted trees,hypergraph,6,0.6025468548032945,2644,662,8,42,"{'learning_rate': 0.01, 'max_depth': 5, 'n_estimators': 80, 'num_leaves': 30}"
LightGBM,Boosted trees,hb_graph,6,0.6396351188725452,2644,662,14,42,"{'learning_rate': 0.01, 'max_depth': 5, 'n_estimators': 80, 'num_leaves': 30}"
LightGBM,Boosted trees,pairwise,7,0.671528932407901,2645,661,4,42,"{'learning_rate': 0.01, 'max_depth': 5, 'n_estimators': 200, 'num_leaves': 30}"
LightGBM,Boosted trees,hypergraph,7,0.6951396242697023,2645,661,8,42,"{'learning_rate': 0.05, 'max_depth': 5, 'n_estimators': 80, 'num_leaves': 30}"
LightGBM,Boosted trees,hb_graph,7,0.6687674351349475,2645,661,14,42,"{'learning_rate': 0.01, 'max_depth': 5, 'n_estimators': 100, 'num_leaves': 30}"
LightGBM,Boosted trees,pairwise,8,0.6038649538333238,2643,663,4,42,"{'learning_rate': 0.01, 'max_depth': 5, 'n_estimators': 200, 'num_leaves': 30}"
LightGBM,Boosted trees,hypergraph,8,0.6543330480868876,2643,663,8,42,"{'learning_rate': 0.05, 'max_depth': 5, 'n_estimators': 80, 'num_leaves': 30}"
LightGBM,Boosted trees,hb_graph,8,0.666524162901153,2643,663,14,42,"{'learning_rate': 0.01, 'max_depth': 5, 'n_estimators': 200, 'num_leaves': 30}"
LightGBM,Boosted trees,pairwise,9,0.6012289109791269,2645,661,4,42,"{'learning_rate': 0.01, 'max_depth': 5, 'n_estimators': 100, 'num_leaves': 30}"
LightGBM,Boosted trees,hypergraph,9,0.6125418480148749,2645,661,8,42,"{'learning_rate': 0.01, 'max_depth': 5, 'n_estimators': 80, 'num_leaves': 30}"
LightGBM,Boosted trees,hb_graph,9,0.6369982322157597,2645,661,14,42,"{'learning_rate': 0.01, 'max_depth': 5, 'n_estimators': 80, 'num_leaves': 30}"
LightGBM,Boosted trees,pairwise,10,0.6243995163382396,2646,660,4,42,"{'learning_rate': 0.01, 'max_depth': 5, 'n_estimators': 80, 'num_leaves': 30}"
LightGBM,Boosted trees,hypergraph,10,0.6389766331111003,2646,660,8,42,"{'learning_rate': 0.01, 'max_depth': 5, 'n_estimators': 100, 'num_leaves': 30}"
LightGBM,Boosted trees,hb_graph,10,0.6483749327022462,2646,660,14,42,"{'learning_rate': 0.01, 'max_depth': 5, 'n_estimators': 100, 'num_leaves': 30}"
LightGBM,Boosted trees,pairwise,11,0.6312190788907459,2645,661,4,42,"{'learning_rate': 0.01, 'max_depth': 5, 'n_estimators': 200, 'num_leaves': 30}"
LightGBM,Boosted trees,hypergraph,11,0.6206011378018127,2645,661,8,42,"{'learning_rate': 0.01, 'max_depth': 5, 'n_estimators': 200, 'num_leaves': 30}"
LightGBM,Boosted trees,hb_graph,11,0.6223283374608655,2645,661,14,42,"{'learning_rate': 0.01, 'max_depth': 5, 'n_estimators': 100, 'num_leaves': 50}"
LightGBM,Boosted trees,pairwise,12,0.6173572196908509,2645,661,4,42,"{'learning_rate': 0.05, 'max_depth': 5, 'n_estimators': 80, 'num_leaves': 30}"
LightGBM,Boosted trees,hypergraph,12,0.7023315393916744,2645,661,8,42,"{'learning_rate': 0.1, 'max_depth': 5, 'n_estimators': 80, 'num_leaves': 30}"
LightGBM,Boosted trees,hb_graph,12,0.6155505450481278,2645,661,14,42,"{'learning_rate': 0.01, 'max_depth': 5, 'n_estimators': 80, 'num_leaves': 30}"
LightGBM,Boosted trees,pairwise,13,0.5761937061597757,2643,663,4,42,"{'learning_rate': 0.01, 'max_depth': 5, 'n_estimators': 200, 'num_leaves': 30}"
LightGBM,Boosted trees,hypergraph,13,0.5304605282526522,2643,663,8,42,"{'learning_rate': 0.01, 'max_depth': 5, 'n_estimators': 100, 'num_leaves': 30}"
LightGBM,Boosted trees,hb_graph,13,0.5475431684396793,2643,663,14,42,"{'learning_rate': 0.01, 'max_depth': 5, 'n_estimators': 100, 'num_leaves': 30}"
LightGBM,Boosted trees,pairwise,14,0.6193575881263181,2643,663,4,42,"{'learning_rate': 0.01, 'max_depth': 10, 'n_estimators': 80, 'num_leaves': 30}"
LightGBM,Boosted trees,hypergraph,14,0.6724148789220352,2643,663,8,42,"{'learning_rate': 0.05, 'max_depth': 5, 'n_estimators': 80, 'num_leaves': 30}"
LightGBM,Boosted trees,hb_graph,14,0.6163791113801254,2643,663,14,42,"{'learning_rate': 0.01, 'max_depth': 5, 'n_estimators': 100, 'num_leaves': 30}"
LightGBM,Boosted trees,pairwise,15,0.5980358473042358,2644,662,4,42,"{'learning_rate': 0.01, 'max_depth': 5, 'n_estimators': 200, 'num_leaves': 30}"
LightGBM,Boosted trees,hypergraph,15,0.6014132548748475,2644,662,8,42,"{'learning_rate': 0.01, 'max_depth': 5, 'n_estimators': 80, 'num_leaves': 30}"
LightGBM,Boosted trees,hb_graph,15,0.6201712821496502,2644,662,14,42,"{'learning_rate': 0.01, 'max_depth': 5, 'n_estimators': 80, 'num_leaves': 30}"
LightGBM,Boosted trees,pairwise,16,0.6136265776077865,2643,663,4,42,"{'learning_rate': 0.01, 'max_depth': 5, 'n_estimators': 200, 'num_leaves': 30}"
LightGBM,Boosted trees,hypergraph,16,0.6718787968150022,2643,663,8,42,"{'learning_rate': 0.05, 'max_depth': None, 'n_estimators': 100, 'num_leaves': 30}"
LightGBM,Boosted trees,hb_graph,16,0.5961126295991097,2643,663,14,42,"{'learning_rate': 0.01, 'max_depth': 5, 'n_estimators': 100, 'num_leaves': 30}"
LightGBM,Boosted trees,pairwise,17,0.6261821756899357,2645,661,4,42,"{'learning_rate': 0.01, 'max_depth': 5, 'n_estimators': 80, 'num_leaves': 50}"
LightGBM,Boosted trees,hypergraph,17,0.6568770124730076,2645,661,8,42,"{'learning_rate': 0.01, 'max_depth': 5, 'n_estimators': 100, 'num_leaves': 30}"
LightGBM,Boosted trees,hb_graph,17,0.6636044383649804,2645,661,14,42,"{'learning_rate': 0.01, 'max_depth': 5, 'n_estimators': 100, 'num_leaves': 30}"
LightGBM,Boosted trees,pairwise,18,0.6345765757878127,2643,663,4,42,"{'learning_rate': 0.01, 'max_depth': 5, 'n_estimators': 200, 'num_leaves': 30}"
LightGBM,Boosted trees,hypergraph,18,0.6162067813421886,2643,663,8,42,"{'learning_rate': 0.01, 'max_depth': 5, 'n_estimators': 80, 'num_leaves': 30}"
LightGBM,Boosted trees,hb_graph,18,0.6021117686785398,2643,663,14,42,"{'learning_rate': 0.01, 'max_depth': 5, 'n_estimators': 100, 'num_leaves': 30}"
LightGBM,Boosted trees,pairwise,19,0.624231148089463,2644,662,4,42,"{'learning_rate': 0.01, 'max_depth': 5, 'n_estimators': 200, 'num_leaves': 30}"
LightGBM,Boosted trees,hypergraph,19,0.6507139296505311,2644,662,8,42,"{'learning_rate': 0.05, 'max_depth': None, 'n_estimators': 80, 'num_leaves': 30}"
LightGBM,Boosted trees,hb_graph,19,0.6068772721165744,2644,662,14,42,"{'learning_rate': 0.01, 'max_depth': 5, 'n_estimators': 80, 'num_leaves': 30}"
LightGBM,Boosted trees,pairwise,20,0.6190056828233312,2643,663,4,42,"{'learning_rate': 0.01, 'max_depth': 5, 'n_estimators': 200, 'num_leaves': 30}"
LightGBM,Boosted trees,hypergraph,20,0.674350455755077,2643,663,8,42,"{'learning_rate': 0.05, 'max_depth': None, 'n_estimators': 100, 'num_leaves': 50}"
LightGBM,Boosted trees,hb_graph,20,0.609302969627643,2643,663,14,42,"{'learning_rate': 0.01, 'max_depth': 5, 'n_estimators': 100, 'num_leaves': 30}"
LightGBM,Boosted trees,pairwise,21,0.5921212232592842,2644,662,4,42,"{'learning_rate': 0.01, 'max_depth': 5, 'n_estimators': 200, 'num_leaves': 30}"
LightGBM,Boosted trees,hypergraph,21,0.6013498343049928,2644,662,8,42,"{'learning_rate': 0.01, 'max_depth': 5, 'n_estimators': 80, 'num_leaves': 30}"
LightGBM,Boosted trees,hb_graph,21,0.6398058241471177,2644,662,14,42,"{'learning_rate': 0.01, 'max_depth': 5, 'n_estimators': 200, 'num_leaves': 30}"
LightGBM,Boosted trees,pairwise,22,0.63737922428962,2643,663,4,42,"{'learning_rate': 0.01, 'max_depth': 5, 'n_estimators': 200, 'num_leaves': 30}"
LightGBM,Boosted trees,hypergraph,22,0.6645894061507647,2643,663,8,42,"{'learning_rate': 0.05, 'max_depth': 5, 'n_estimators': 80, 'num_leaves': 30}"
LightGBM,Boosted trees,hb_graph,22,0.648952053028457,2643,663,14,42,"{'learning_rate': 0.01, 'max_depth': 5, 'n_estimators': 80, 'num_leaves': 30}"
LightGBM,Boosted trees,pairwise,23,0.6661874608281817,2644,662,4,42,"{'learning_rate': 0.05, 'max_depth': 5, 'n_estimators': 80, 'num_leaves': 30}"
LightGBM,Boosted trees,hypergraph,23,0.7028801991942536,2644,662,8,42,"{'learning_rate': 0.05, 'max_depth': 5, 'n_estimators': 100, 'num_leaves': 30}"
LightGBM,Boosted trees,hb_graph,23,0.6649489979176422,2644,662,14,42,"{'learning_rate': 0.01, 'max_depth': 5, 'n_estimators': 80, 'num_leaves': 30}"
LightGBM,Boosted trees,pairwise,24,0.5820159998271779,2645,661,4,42,"{'learning_rate': 0.01, 'max_depth': 5, 'n_estimators': 100, 'num_leaves': 30}"
LightGBM,Boosted trees,hypergraph,24,0.5900343833460574,2645,661,8,42,"{'learning_rate': 0.01, 'max_depth': 5, 'n_estimators': 100, 'num_leaves': 30}"
LightGBM,Boosted trees,hb_graph,24,0.6213018793565779,2645,661,14,42,"{'learning_rate': 0.01, 'max_depth': 5, 'n_estimators': 100, 'num_leaves': 30}"
LightGBM,Boosted trees,pairwise,25,0.6210718236554782,2645,661,4,42,"{'learning_rate': 0.05, 'max_depth': 5, 'n_estimators': 80, 'num_leaves': 30}"
LightGBM,Boosted trees,hypergraph,25,0.661081970023214,2645,661,8,42,"{'learning_rate': 0.05, 'max_depth': 5, 'n_estimators': 80, 'num_leaves': 30}"
LightGBM,Boosted trees,hb_graph,25,0.6319240753491793,2645,661,14,42,"{'learning_rate': 0.01, 'max_depth': 5, 'n_estimators': 100, 'num_leaves': 30}"
LightGBM,Boosted trees,pairwise,26,0.6358099467471638,2643,663,4,42,"{'learning_rate': 0.05, 'max_depth': 5, 'n_estimators': 80, 'num_leaves': 30}"
LightGBM,Boosted trees,hypergraph,26,0.6390343078195224,2643,663,8,42,"{'learning_rate': 0.01, 'max_depth': 5, 'n_estimators': 100, 'num_leaves': 30}"
LightGBM,Boosted trees,hb_graph,26,0.6730742869415995,2643,663,14,42,"{'learning_rate': 0.01, 'max_depth': 5, 'n_estimators': 80, 'num_leaves': 30}"
LightGBM,Boosted trees,pairwise,27,0.6513448566068623,2643,663,4,42,"{'learning_rate': 0.05, 'max_depth': 5, 'n_estimators': 80, 'num_leaves': 30}"
LightGBM,Boosted trees,hypergraph,27,0.5973611474412395,2643,663,8,42,"{'learning_rate': 0.01, 'max_depth': 5, 'n_estimators': 80, 'num_leaves': 30}"
LightGBM,Boosted trees,hb_graph,27,0.6181372633275269,2643,663,14,42,"{'learning_rate': 0.01, 'max_depth': 5, 'n_estimators': 80, 'num_leaves': 30}"
LightGBM,Boosted trees,pairwise,28,0.6318108836775103,2643,663,4,42,"{'learning_rate': 0.01, 'max_depth': 5, 'n_estimators': 200, 'num_leaves': 30}"
LightGBM,Boosted trees,hypergraph,28,0.5835097752441492,2643,663,8,42,"{'learning_rate': 0.01, 'max_depth': 5, 'n_estimators': 80, 'num_leaves': 30}"
LightGBM,Boosted trees,hb_graph,28,0.6194943066393681,2643,663,14,42,"{'learning_rate': 0.01, 'max_depth': 5, 'n_estimators': 100, 'num_leaves': 30}"
LightGBM,Boosted trees,pairwise,29,0.6655689933106183,2645,661,4,42,"{'learning_rate': 0.05, 'max_depth': 5, 'n_estimators': 80, 'num_leaves': 30}"
LightGBM,Boosted trees,hypergraph,29,0.7011751669498989,2645,661,8,42,"{'learning_rate': 0.05, 'max_depth': 5, 'n_estimators': 80, 'num_leaves': 30}"
LightGBM,Boosted trees,hb_graph,29,0.7053426100939422,2645,661,14,42,"{'learning_rate': 0.01, 'max_depth': 5, 'n_estimators': 100, 'num_leaves': 30}"
LightGBM,Boosted trees,pairwise,30,0.6494271405757,2644,662,4,42,"{'learning_rate': 0.05, 'max_depth': 5, 'n_estimators': 80, 'num_leaves': 30}"
LightGBM,Boosted trees,hypergraph,30,0.6539019079979513,2644,662,8,42,"{'learning_rate': 0.01, 'max_depth': 5, 'n_estimators': 200, 'num_leaves': 30}"
LightGBM,Boosted trees,hb_graph,30,0.6773086370867449,2644,662,14,42,"{'learning_rate': 0.01, 'max_depth': 5, 'n_estimators': 80, 'num_leaves': 30}"
LightGBM,Boosted trees,pairwise,31,0.6499390148135451,2645,661,4,42,"{'learning_rate': 0.01, 'max_depth': 5, 'n_estimators': 200, 'num_leaves': 30}"
LightGBM,Boosted trees,hypergraph,31,0.6939821408184508,2645,661,8,42,"{'learning_rate': 0.05, 'max_depth': 5, 'n_estimators': 100, 'num_leaves': 30}"
LightGBM,Boosted trees,hb_graph,31,0.6939243118210598,2645,661,14,42,"{'learning_rate': 0.01, 'max_depth': 5, 'n_estimators': 200, 'num_leaves': 30}"
LightGBM,Boosted trees,pairwise,32,0.6182175303640369,2643,663,4,42,"{'learning_rate': 0.05, 'max_depth': 5, 'n_estimators': 80, 'num_leaves': 30}"
LightGBM,Boosted trees,hypergraph,32,0.6010345129696857,2643,663,8,42,"{'learning_rate': 0.01, 'max_depth': 5, 'n_estimators': 100, 'num_leaves': 30}"
LightGBM,Boosted trees,hb_graph,32,0.6370157765679328,2643,663,14,42,"{'learning_rate': 0.01, 'max_depth': 5, 'n_estimators': 100, 'num_leaves': 30}"
LightGBM,Boosted trees,pairwise,33,0.645994176188395,2644,662,4,42,"{'learning_rate': 0.01, 'max_depth': 5, 'n_estimators': 200, 'num_leaves': 30}"
LightGBM,Boosted trees,hypergraph,33,0.6861286493851176,2644,662,8,42,"{'learning_rate': 0.05, 'max_depth': 5, 'n_estimators': 80, 'num_leaves': 30}"
LightGBM,Boosted trees,hb_graph,33,0.6236588580831501,2644,662,14,42,"{'learning_rate': 0.01, 'max_depth': 5, 'n_estimators': 100, 'num_leaves': 30}"
LightGBM,Boosted trees,pairwise,34,0.592889380444295,2644,662,4,42,"{'learning_rate': 0.01, 'max_depth': 5, 'n_estimators': 200, 'num_leaves': 30}"
LightGBM,Boosted trees,hypergraph,34,0.575518699274656,2644,662,8,42,"{'learning_rate': 0.01, 'max_depth': 5, 'n_estimators': 80, 'num_leaves': 30}"
LightGBM,Boosted trees,hb_graph,34,0.6004287644511882,2644,662,14,42,"{'learning_rate': 0.01, 'max_depth': 5, 'n_estimators': 80, 'num_leaves': 30}"
LightGBM,Boosted trees,pairwise,35,0.5950653762674808,2644,662,4,42,"{'learning_rate': 0.01, 'max_depth': 5, 'n_estimators': 80, 'num_leaves': 30}"
LightGBM,Boosted trees,hypergraph,35,0.642773235062827,2644,662,8,42,"{'learning_rate': 0.01, 'max_depth': 5, 'n_estimators': 200, 'num_leaves': 30}"
LightGBM,Boosted trees,hb_graph,35,0.6217476286597439,2644,662,14,42,"{'learning_rate': 0.01, 'max_depth': 5, 'n_estimators': 100, 'num_leaves': 30}"
LightGBM,Boosted trees,pairwise,36,0.6101788685550114,2644,662,4,42,"{'learning_rate': 0.01, 'max_depth': 5, 'n_estimators': 200, 'num_leaves': 30}"
LightGBM,Boosted trees,hypergraph,36,0.6577674064367296,2644,662,8,42,"{'learning_rate': 0.05, 'max_depth': 5, 'n_estimators': 80, 'num_leaves': 30}"
LightGBM,Boosted trees,hb_graph,36,0.6259991830130294,2644,662,14,42,"{'learning_rate': 0.01, 'max_depth': 5, 'n_estimators': 80, 'num_leaves': 30}"
LightGBM,Boosted trees,pairwise,37,0.6973464543948645,2644,662,4,42,"{'learning_rate': 0.01, 'max_depth': 5, 'n_estimators': 200, 'num_leaves': 30}"
LightGBM,Boosted trees,hypergraph,37,0.6621464725434342,2644,662,8,42,"{'learning_rate': 0.01, 'max_depth': 5, 'n_estimators': 100, 'num_leaves': 30}"
LightGBM,Boosted trees,hb_graph,37,0.6903096686659079,2644,662,14,42,"{'learning_rate': 0.01, 'max_depth': 5, 'n_estimators': 80, 'num_leaves': 30}"
LightGBM,Boosted trees,pairwise,38,0.6339040053130252,2644,662,4,42,"{'learning_rate': 0.01, 'max_depth': 5, 'n_estimators': 200, 'num_leaves': 30}"
LightGBM,Boosted trees,hypergraph,38,0.6345064735067188,2644,662,8,42,"{'learning_rate': 0.01, 'max_depth': 5, 'n_estimators': 200, 'num_leaves': 30}"
LightGBM,Boosted trees,hb_graph,38,0.6374084700398105,2644,662,14,42,"{'learning_rate': 0.01, 'max_depth': 5, 'n_estimators': 100, 'num_leaves': 30}"
LightGBM,Boosted trees,pairwise,39,0.6385232906247066,2644,662,4,42,"{'learning_rate': 0.01, 'max_depth': 5, 'n_estimators': 200, 'num_leaves': 30}"
LightGBM,Boosted trees,hypergraph,39,0.6312372522996124,2644,662,8,42,"{'learning_rate': 0.01, 'max_depth': 5, 'n_estimators': 100, 'num_leaves': 30}"
LightGBM,Boosted trees,hb_graph,39,0.6420239993815107,2644,662,14,42,"{'learning_rate': 0.01, 'max_depth': 5, 'n_estimators': 100, 'num_leaves': 30}"
LightGBM,Boosted trees,pairwise,40,0.6040042445710407,2643,663,4,42,"{'learning_rate': 0.01, 'max_depth': 5, 'n_estimators': 100, 'num_leaves': 30}"
LightGBM,Boosted trees,hypergraph,40,0.633311946858826,2643,663,8,42,"{'learning_rate': 0.01, 'max_depth': 5, 'n_estimators': 80, 'num_leaves': 30}"
LightGBM,Boosted trees,hb_graph,40,0.6587955892322468,2643,663,14,42,"{'learning_rate': 0.01, 'max_depth': 5, 'n_estimators': 100, 'num_leaves': 30}"
LightGBM,Boosted trees,pairwise,41,0.6640664495824741,2646,660,4,42,"{'learning_rate': 0.05, 'max_depth': 5, 'n_estimators': 80, 'num_leaves': 30}"
LightGBM,Boosted trees,hypergraph,41,0.617812984914818,2646,660,8,42,"{'learning_rate': 0.01, 'max_depth': 5, 'n_estimators': 100, 'num_leaves': 30}"
LightGBM,Boosted trees,hb_graph,41,0.6250966446550874,2646,660,14,42,"{'learning_rate': 0.01, 'max_depth': 5, 'n_estimators': 100, 'num_leaves': 30}"
LightGBM,Boosted trees,pairwise,42,0.6682414225160904,2643,663,4,42,"{'learning_rate': 0.05, 'max_depth': 5, 'n_estimators': 80, 'num_leaves': 30}"
LightGBM,Boosted trees,hypergraph,42,0.6755124362694551,2643,663,8,42,"{'learning_rate': 0.05, 'max_depth': 5, 'n_estimators': 80, 'num_leaves': 30}"
LightGBM,Boosted trees,hb_graph,42,0.7040813656886544,2643,663,14,42,"{'learning_rate': 0.01, 'max_depth': 5, 'n_estimators': 200, 'num_leaves': 30}"
LightGBM,Boosted trees,pairwise,43,0.6127071732326458,2645,661,4,42,"{'learning_rate': 0.05, 'max_depth': 5, 'n_estimators': 80, 'num_leaves': 30}"
LightGBM,Boosted trees,hypergraph,43,0.6012163094311994,2645,661,8,42,"{'learning_rate': 0.01, 'max_depth': 5, 'n_estimators': 100, 'num_leaves': 30}"
LightGBM,Boosted trees,hb_graph,43,0.6197615571196406,2645,661,14,42,"{'learning_rate': 0.01, 'max_depth': 5, 'n_estimators': 100, 'num_leaves': 30}"
LightGBM,Boosted trees,pairwise,44,0.6074586347028494,2643,663,4,42,"{'learning_rate': 0.01, 'max_depth': 10, 'n_estimators': 80, 'num_leaves': 100}"
LightGBM,Boosted trees,hypergraph,44,0.6229542625889046,2643,663,8,42,"{'learning_rate': 0.01, 'max_depth': 5, 'n_estimators': 100, 'num_leaves': 30}"
LightGBM,Boosted trees,hb_graph,44,0.6526095439427353,2643,663,14,42,"{'learning_rate': 0.01, 'max_depth': 5, 'n_estimators': 100, 'num_leaves': 30}"
LightGBM,Boosted trees,pairwise,45,0.679248009312413,2643,663,4,42,"{'learning_rate': 0.01, 'max_depth': 5, 'n_estimators': 100, 'num_leaves': 30}"
LightGBM,Boosted trees,hypergraph,45,0.6994370276990325,2643,663,8,42,"{'learning_rate': 0.01, 'max_depth': 5, 'n_estimators': 80, 'num_leaves': 30}"
LightGBM,Boosted trees,hb_graph,45,0.7051961553259823,2643,663,14,42,"{'learning_rate': 0.01, 'max_depth': 5, 'n_estimators': 100, 'num_leaves': 30}"
LightGBM,Boosted trees,pairwise,46,0.6194421599766503,2644,662,4,42,"{'learning_rate': 0.01, 'max_depth': 5, 'n_estimators': 80, 'num_leaves': 30}"
LightGBM,Boosted trees,hypergraph,46,0.6123572223316515,2644,662,8,42,"{'learning_rate': 0.01, 'max_depth': 5, 'n_estimators': 100, 'num_leaves': 30}"
LightGBM,Boosted trees,hb_graph,46,0.6423435876545981,2644,662,14,42,"{'learning_rate': 0.01, 'max_depth': 5, 'n_estimators': 100, 'num_leaves': 30}"
LightGBM,Boosted trees,pairwise,47,0.594608367471212,2644,662,4,42,"{'learning_rate': 0.01, 'max_depth': 5, 'n_estimators': 80, 'num_leaves': 30}"
LightGBM,Boosted trees,hypergraph,47,0.6409815792176257,2644,662,8,42,"{'learning_rate': 0.05, 'max_depth': 5, 'n_estimators': 100, 'num_leaves': 30}"
LightGBM,Boosted trees,hb_graph,47,0.6201462542235288,2644,662,14,42,"{'learning_rate': 0.01, 'max_depth': 5, 'n_estimators': 100, 'num_leaves': 30}"
LightGBM,Boosted trees,pairwise,48,0.6129547892677577,2644,662,4,42,"{'learning_rate': 0.05, 'max_depth': 5, 'n_estimators': 80, 'num_leaves': 30}"
LightGBM,Boosted trees,hypergraph,48,0.5939723199134885,2644,662,8,42,"{'learning_rate': 0.01, 'max_depth': 5, 'n_estimators': 80, 'num_leaves': 30}"
LightGBM,Boosted trees,hb_graph,48,0.6321487005142352,2644,662,14,42,"{'learning_rate': 0.01, 'max_depth': 10, 'n_estimators': 80, 'num_leaves': 100}"
LightGBM,Boosted trees,pairwise,49,0.5970054074330078,2644,662,4,42,"{'learning_rate': 0.01, 'max_depth': 5, 'n_estimators': 200, 'num_leaves': 50}"
LightGBM,Boosted trees,hypergraph,49,0.5890516301198991,2644,662,8,42,"{'learning_rate': 0.01, 'max_depth': 5, 'n_estimators': 100, 'num_leaves': 30}"
LightGBM,Boosted trees,hb_graph,49,0.6022565725867237,2644,662,14,42,"{'learning_rate': 0.01, 'max_depth': 5, 'n_estimators': 80, 'num_leaves': 30}"
LightGBM,Boosted trees,pairwise,50,0.6444549957689801,2644,662,4,42,"{'learning_rate': 0.01, 'max_depth': 5, 'n_estimators': 200, 'num_leaves': 30}"
LightGBM,Boosted trees,hypergraph,50,0.7103222825529623,2644,662,8,42,"{'learning_rate': 0.1, 'max_depth': 5, 'n_estimators': 100, 'num_leaves': 30}"
LightGBM,Boosted trees,hb_graph,50,0.6609249332881861,2644,662,14,42,"{'learning_rate': 0.01, 'max_depth': 5, 'n_estimators': 80, 'num_leaves': 50}"
TabPFN,Amortised,pairwise,1,0.6571783008513863,2645,661,4,42,{}
TabPFN,Amortised,hypergraph,1,0.6855419292963109,2645,661,8,42,{}
TabPFN,Amortised,hb_graph,1,0.7179275802901812,2645,661,14,42,{}
TabPFN,Amortised,pairwise,2,0.6184226958289072,2645,661,4,42,{}
TabPFN,Amortised,hypergraph,2,0.6727603211628606,2645,661,8,42,{}
TabPFN,Amortised,hb_graph,2,0.6933529074969985,2645,661,14,42,{}
TabPFN,Amortised,pairwise,3,0.6969109011715419,2643,663,4,42,{}
TabPFN,Amortised,hypergraph,3,0.7292005584858188,2643,663,8,42,{}
TabPFN,Amortised,hb_graph,3,0.7506763939661177,2643,663,14,42,{}
TabPFN,Amortised,pairwise,4,0.6267655129998941,2644,662,4,42,{}
TabPFN,Amortised,hypergraph,4,0.6684690723868804,2644,662,8,42,{}
TabPFN,Amortised,hb_graph,4,0.6902386789077378,2644,662,14,42,{}
TabPFN,Amortised,pairwise,5,0.6756792731640476,2645,661,4,42,{}
TabPFN,Amortised,hypergraph,5,0.7396185820719002,2645,661,8,42,{}
TabPFN,Amortised,hb_graph,5,0.7627149453295982,2645,661,14,42,{}
TabPFN,Amortised,pairwise,6,0.6583016786344003,2644,662,4,42,{}
TabPFN,Amortised,hypergraph,6,0.7027894562800789,2644,662,8,42,{}
TabPFN,Amortised,hb_graph,6,0.710505891999982,2644,662,14,42,{}
TabPFN,Amortised,pairwise,7,0.7009735310672582,2645,661,4,42,{}
TabPFN,Amortised,hypergraph,7,0.7217534732243492,2645,661,8,42,{}
TabPFN,Amortised,hb_graph,7,0.7337335859343858,2645,661,14,42,{}
TabPFN,Amortised,pairwise,8,0.6310309349127068,2643,663,4,42,{}
TabPFN,Amortised,hypergraph,8,0.6673068317684626,2643,663,8,42,{}
TabPFN,Amortised,hb_graph,8,0.6943592536427481,2643,663,14,42,{}
TabPFN,Amortised,pairwise,9,0.6515267399747549,2645,661,4,42,{}
TabPFN,Amortised,hypergraph,9,0.6778772510057132,2645,661,8,42,{}
TabPFN,Amortised,hb_graph,9,0.6952136331069761,2645,661,14,42,{}
TabPFN,Amortised,pairwise,10,0.6676507937352412,2646,660,4,42,{}
TabPFN,Amortised,hypergraph,10,0.6748308603139789,2646,660,8,42,{}
TabPFN,Amortised,hb_graph,10,0.6939389933009891,2646,660,14,42,{}
TabPFN,Amortised,pairwise,11,0.662091288363182,2645,661,4,42,{}
TabPFN,Amortised,hypergraph,11,0.687678266597536,2645,661,8,42,{}
TabPFN,Amortised,hb_graph,11,0.6895878624984543,2645,661,14,42,{}
TabPFN,Amortised,pairwise,12,0.6416114076806078,2645,661,4,42,{}
TabPFN,Amortised,hypergraph,12,0.707591217359814,2645,661,8,42,{}
TabPFN,Amortised,hb_graph,12,0.7351817153627355,2645,661,14,42,{}
TabPFN,Amortised,pairwise,13,0.5883229089100248,2643,663,4,42,{}
TabPFN,Amortised,hypergraph,13,0.583597461543106,2643,663,8,42,{}
TabPFN,Amortised,hb_graph,13,0.6333712705050522,2643,663,14,42,{}
TabPFN,Amortised,pairwise,14,0.655244032777725,2643,663,4,42,{}
TabPFN,Amortised,hypergraph,14,0.6717164274585571,2643,663,8,42,{}
TabPFN,Amortised,hb_graph,14,0.693735330988526,2643,663,14,42,{}
TabPFN,Amortised,pairwise,15,0.6316820020418422,2644,662,4,42,{}
TabPFN,Amortised,hypergraph,15,0.6834639568728429,2644,662,8,42,{}
TabPFN,Amortised,hb_graph,15,0.6935466650644515,2644,662,14,42,{}
TabPFN,Amortised,pairwise,16,0.6445257737575891,2643,663,4,42,{}
TabPFN,Amortised,hypergraph,16,0.6584124252811671,2643,663,8,42,{}
TabPFN,Amortised,hb_graph,16,0.680172803926054,2643,663,14,42,{}
TabPFN,Amortised,pairwise,17,0.6592958026235682,2645,661,4,42,{}
TabPFN,Amortised,hypergraph,17,0.7179505005372727,2645,661,8,42,{}
TabPFN,Amortised,hb_graph,17,0.7373063945314635,2645,661,14,42,{}
TabPFN,Amortised,pairwise,18,0.681309470280755,2643,663,4,42,{}
TabPFN,Amortised,hypergraph,18,0.6940727461199704,2643,663,8,42,{}
TabPFN,Amortised,hb_graph,18,0.7033138064133793,2643,663,14,42,{}
TabPFN,Amortised,pairwise,19,0.630430402089525,2644,662,4,42,{}
TabPFN,Amortised,hypergraph,19,0.6672291484945678,2644,662,8,42,{}
TabPFN,Amortised,hb_graph,19,0.6874826907799355,2644,662,14,42,{}
TabPFN,Amortised,pairwise,20,0.6497222364841458,2643,663,4,42,{}
TabPFN,Amortised,hypergraph,20,0.6805617486067779,2643,663,8,42,{}
TabPFN,Amortised,hb_graph,20,0.7080875373930888,2643,663,14,42,{}
TabPFN,Amortised,pairwise,21,0.6135097011534085,2644,662,4,42,{}
TabPFN,Amortised,hypergraph,21,0.652725707462115,2644,662,8,42,{}
TabPFN,Amortised,hb_graph,21,0.6707052453950507,2644,662,14,42,{}
TabPFN,Amortised,pairwise,22,0.684597750572058,2643,663,4,42,{}
TabPFN,Amortised,hypergraph,22,0.6807445268117207,2643,663,8,42,{}
TabPFN,Amortised,hb_graph,22,0.6947790268494891,2643,663,14,42,{}
TabPFN,Amortised,pairwise,23,0.6918106506208538,2644,662,4,42,{}
TabPFN,Amortised,hypergraph,23,0.7095179463664362,2644,662,8,42,{}
TabPFN,Amortised,hb_graph,23,0.7331668402025531,2644,662,14,42,{}
TabPFN,Amortised,pairwise,24,0.629202381566194,2645,661,4,42,{}
TabPFN,Amortised,hypergraph,24,0.654392408642959,2645,661,8,42,{}
TabPFN,Amortised,hb_graph,24,0.6716538569264338,2645,661,14,42,{}
TabPFN,Amortised,pairwise,25,0.6423973589456218,2645,661,4,42,{}
TabPFN,Amortised,hypergraph,25,0.6831013401832333,2645,661,8,42,{}
TabPFN,Amortised,hb_graph,25,0.7164194188588775,2645,661,14,42,{}
TabPFN,Amortised,pairwise,26,0.6652641521150817,2643,663,4,42,{}
TabPFN,Amortised,hypergraph,26,0.694513188440749,2643,663,8,42,{}
TabPFN,Amortised,hb_graph,26,0.7259601478890751,2643,663,14,42,{}
TabPFN,Amortised,pairwise,27,0.6553117920642973,2643,663,4,42,{}
TabPFN,Amortised,hypergraph,27,0.6825602390324158,2643,663,8,42,{}
TabPFN,Amortised,hb_graph,27,0.7036347709626535,2643,663,14,42,{}
TabPFN,Amortised,pairwise,28,0.6650292457436938,2643,663,4,42,{}
TabPFN,Amortised,hypergraph,28,0.6642644588648208,2643,663,8,42,{}
TabPFN,Amortised,hb_graph,28,0.684681449910051,2643,663,14,42,{}
TabPFN,Amortised,pairwise,29,0.6687203833156902,2645,661,4,42,{}
TabPFN,Amortised,hypergraph,29,0.7255556440129072,2645,661,8,42,{}
TabPFN,Amortised,hb_graph,29,0.7443299754626669,2645,661,14,42,{}
TabPFN,Amortised,pairwise,30,0.6356446853380947,2644,662,4,42,{}
TabPFN,Amortised,hypergraph,30,0.6900431876262904,2644,662,8,42,{}
TabPFN,Amortised,hb_graph,30,0.7143652015080357,2644,662,14,42,{}
TabPFN,Amortised,pairwise,31,0.6781157129023506,2645,661,4,42,{}
TabPFN,Amortised,hypergraph,31,0.7302908210053437,2645,661,8,42,{}
TabPFN,Amortised,hb_graph,31,0.7472024470313698,2645,661,14,42,{}
TabPFN,Amortised,pairwise,32,0.6456724864734132,2643,663,4,42,{}
TabPFN,Amortised,hypergraph,32,0.6535145832283756,2643,663,8,42,{}
TabPFN,Amortised,hb_graph,32,0.6838508085341388,2643,663,14,42,{}
TabPFN,Amortised,pairwise,33,0.6633379819685993,2644,662,4,42,{}
TabPFN,Amortised,hypergraph,33,0.6996687548690061,2644,662,8,42,{}
TabPFN,Amortised,hb_graph,33,0.708413370929052,2644,662,14,42,{}
TabPFN,Amortised,pairwise,34,0.619936227843166,2644,662,4,42,{}
TabPFN,Amortised,hypergraph,34,0.6655367893427548,2644,662,8,42,{}
TabPFN,Amortised,hb_graph,34,0.6822922369555453,2644,662,14,42,{}
TabPFN,Amortised,pairwise,35,0.6365983083560101,2644,662,4,42,{}
TabPFN,Amortised,hypergraph,35,0.6796603456991972,2644,662,8,42,{}
TabPFN,Amortised,hb_graph,35,0.6749188306524562,2644,662,14,42,{}
TabPFN,Amortised,pairwise,36,0.6298822990285707,2644,662,4,42,{}
TabPFN,Amortised,hypergraph,36,0.6774655513396525,2644,662,8,42,{}
TabPFN,Amortised,hb_graph,36,0.7029901913097971,2644,662,14,42,{}
TabPFN,Amortised,pairwise,37,0.7010326487084795,2644,662,4,42,{}
TabPFN,Amortised,hypergraph,37,0.7315284241924082,2644,662,8,42,{}
TabPFN,Amortised,hb_graph,37,0.7539772497707877,2644,662,14,42,{}
TabPFN,Amortised,pairwise,38,0.619613395497268,2644,662,4,42,{}
TabPFN,Amortised,hypergraph,38,0.6566492733567898,2644,662,8,42,{}
TabPFN,Amortised,hb_graph,38,0.6900014300665677,2644,662,14,42,{}
TabPFN,Amortised,pairwise,39,0.6647918882891396,2644,662,4,42,{}
TabPFN,Amortised,hypergraph,39,0.7099586197495477,2644,662,8,42,{}
TabPFN,Amortised,hb_graph,39,0.7302542799224871,2644,662,14,42,{}
TabPFN,Amortised,pairwise,40,0.659802321996335,2643,663,4,42,{}
TabPFN,Amortised,hypergraph,40,0.697547960546865,2643,663,8,42,{}
TabPFN,Amortised,hb_graph,40,0.7286234142090233,2643,663,14,42,{}
TabPFN,Amortised,pairwise,41,0.6675299052443159,2646,660,4,42,{}
TabPFN,Amortised,hypergraph,41,0.6741052694328754,2646,660,8,42,{}
TabPFN,Amortised,hb_graph,41,0.7032537332521774,2646,660,14,42,{}
TabPFN,Amortised,pairwise,42,0.6688686184406087,2643,663,4,42,{}
TabPFN,Amortised,hypergraph,42,0.6845505535893398,2643,663,8,42,{}
TabPFN,Amortised,hb_graph,42,0.7011111500386241,2643,663,14,42,{}
TabPFN,Amortised,pairwise,43,0.5986734526847188,2645,661,4,42,{}
TabPFN,Amortised,hypergraph,43,0.6596238138530578,2645,661,8,42,{}
TabPFN,Amortised,hb_graph,43,0.6902652112953473,2645,661,14,42,{}
TabPFN,Amortised,pairwise,44,0.6379579613936706,2643,663,4,42,{}
TabPFN,Amortised,hypergraph,44,0.6811019663091732,2643,663,8,42,{}
TabPFN,Amortised,hb_graph,44,0.7163834978441608,2643,663,14,42,{}
TabPFN,Amortised,pairwise,45,0.7189669410255826,2643,663,4,42,{}
TabPFN,Amortised,hypergraph,45,0.7509155616487229,2643,663,8,42,{}
TabPFN,Amortised,hb_graph,45,0.7674675019577231,2643,663,14,42,{}
TabPFN,Amortised,pairwise,46,0.6560634426274795,2644,662,4,42,{}
TabPFN,Amortised,hypergraph,46,0.6850580916570883,2644,662,8,42,{}
TabPFN,Amortised,hb_graph,46,0.6957493031042579,2644,662,14,42,{}
TabPFN,Amortised,pairwise,47,0.6460710723337584,2644,662,4,42,{}
TabPFN,Amortised,hypergraph,47,0.6645766281585229,2644,662,8,42,{}
TabPFN,Amortised,hb_graph,47,0.6663142874077633,2644,662,14,42,{}
TabPFN,Amortised,pairwise,48,0.6184408379029591,2644,662,4,42,{}
TabPFN,Amortised,hypergraph,48,0.6699788876818588,2644,662,8,42,{}
TabPFN,Amortised,hb_graph,48,0.6914435940751569,2644,662,14,42,{}
TabPFN,Amortised,pairwise,49,0.62555293371838,2644,662,4,42,{}
TabPFN,Amortised,hypergraph,49,0.6597516101713822,2644,662,8,42,{}
TabPFN,Amortised,hb_graph,49,0.6804333810584529,2644,662,14,42,{}
TabPFN,Amortised,pairwise,50,0.6781557107298287,2644,662,4,42,{}
TabPFN,Amortised,hypergraph,50,0.7151050242008927,2644,662,8,42,{}
TabPFN,Amortised,hb_graph,50,0.7490850106898699,2644,662,14,42,{}
