model,family,tier,split_index,pr_auc,n_train,n_test,n_features,seed,best_params
LogisticRegression,Linear,pairwise,1,0.40209638538468423,4108,946,4,42,{'clf__C': np.float64(0.0019517224641449498)}
LogisticRegression,Linear,hypergraph,1,0.39731676607035077,4108,946,8,42,{'clf__C': np.float64(0.001267425589893723)}
LogisticRegression,Linear,hb_graph,1,0.3791939841018001,4108,946,14,42,{'clf__C': np.float64(0.001267425589893723)}
LogisticRegression,Linear,pairwise,2,0.30861279784744644,4088,966,4,42,{'clf__C': np.float64(0.0019517224641449498)}
LogisticRegression,Linear,hypergraph,2,0.33660217022608396,4088,966,8,42,{'clf__C': np.float64(0.001267425589893723)}
LogisticRegression,Linear,hb_graph,2,0.33828169422555376,4088,966,14,42,{'clf__C': np.float64(0.001267425589893723)}
LogisticRegression,Linear,pairwise,3,0.41966948239765417,3875,1179,4,42,{'clf__C': np.float64(0.0019517224641449498)}
LogisticRegression,Linear,hypergraph,3,0.3815489094707589,3875,1179,8,42,{'clf__C': np.float64(0.001267425589893723)}
LogisticRegression,Linear,hb_graph,3,0.3820570020356054,3875,1179,14,42,{'clf__C': np.float64(0.001267425589893723)}
LogisticRegression,Linear,pairwise,4,0.5374244325558001,4070,984,4,42,{'clf__C': np.float64(0.0019517224641449498)}
LogisticRegression,Linear,hypergraph,4,0.5716220783571044,4070,984,8,42,{'clf__C': np.float64(0.0019517224641449498)}
LogisticRegression,Linear,hb_graph,4,0.5675658828388398,4070,984,14,42,{'clf__C': np.float64(0.0019517224641449498)}
LogisticRegression,Linear,pairwise,5,0.5068543158880868,4056,998,4,42,{'clf__C': np.float64(0.001267425589893723)}
LogisticRegression,Linear,hypergraph,5,0.5375397606182784,4056,998,8,42,{'clf__C': np.float64(0.001267425589893723)}
LogisticRegression,Linear,hb_graph,5,0.5201029371646668,4056,998,14,42,{'clf__C': np.float64(0.001267425589893723)}
LogisticRegression,Linear,pairwise,6,0.37784064874526163,4052,1002,4,42,{'clf__C': np.float64(0.0019517224641449498)}
LogisticRegression,Linear,hypergraph,6,0.3827740154603355,4052,1002,8,42,{'clf__C': np.float64(0.0019517224641449498)}
LogisticRegression,Linear,hb_graph,6,0.3826878561556656,4052,1002,14,42,{'clf__C': np.float64(0.0019517224641449498)}
LogisticRegression,Linear,pairwise,7,0.42291428221209654,4091,963,4,42,{'clf__C': np.float64(0.0019517224641449498)}
LogisticRegression,Linear,hypergraph,7,0.4679400830444107,4091,963,8,42,{'clf__C': np.float64(0.001267425589893723)}
LogisticRegression,Linear,hb_graph,7,0.46095893741472327,4091,963,14,42,{'clf__C': np.float64(0.001267425589893723)}
LogisticRegression,Linear,pairwise,8,0.34844804142595426,4090,964,4,42,{'clf__C': np.float64(0.0019517224641449498)}
LogisticRegression,Linear,hypergraph,8,0.3746972871512413,4090,964,8,42,{'clf__C': np.float64(0.001267425589893723)}
LogisticRegression,Linear,hb_graph,8,0.36594447399469127,4090,964,14,42,{'clf__C': np.float64(0.001267425589893723)}
LogisticRegression,Linear,pairwise,9,0.33304224069921384,3974,1080,4,42,{'clf__C': np.float64(0.006026889128682512)}
LogisticRegression,Linear,hypergraph,9,0.3323384176019486,3974,1080,8,42,{'clf__C': np.float64(0.001267425589893723)}
LogisticRegression,Linear,hb_graph,9,0.32295313026570854,3974,1080,14,42,{'clf__C': np.float64(0.001267425589893723)}
LogisticRegression,Linear,pairwise,10,0.36146957561517273,3897,1157,4,42,{'clf__C': np.float64(0.0019517224641449498)}
LogisticRegression,Linear,hypergraph,10,0.2967144065847893,3897,1157,8,42,{'clf__C': np.float64(0.001267425589893723)}
LogisticRegression,Linear,hb_graph,10,0.2999377179489941,3897,1157,14,42,{'clf__C': np.float64(0.001267425589893723)}
LogisticRegression,Linear,pairwise,11,0.4234339584627528,4005,1049,4,42,{'clf__C': np.float64(0.0019517224641449498)}
LogisticRegression,Linear,hypergraph,11,0.3809750415053678,4005,1049,8,42,{'clf__C': np.float64(0.001267425589893723)}
LogisticRegression,Linear,hb_graph,11,0.3716679038458686,4005,1049,14,42,{'clf__C': np.float64(0.001267425589893723)}
LogisticRegression,Linear,pairwise,12,0.4680268739465803,4099,955,4,42,{'clf__C': np.float64(0.0019517224641449498)}
LogisticRegression,Linear,hypergraph,12,0.4876256887551875,4099,955,8,42,{'clf__C': np.float64(0.001267425589893723)}
LogisticRegression,Linear,hb_graph,12,0.47636519016522505,4099,955,14,42,{'clf__C': np.float64(0.001267425589893723)}
LogisticRegression,Linear,pairwise,13,0.2875207950505199,4061,993,4,42,{'clf__C': np.float64(0.0019517224641449498)}
LogisticRegression,Linear,hypergraph,13,0.2778772323460133,4061,993,8,42,{'clf__C': np.float64(0.001267425589893723)}
LogisticRegression,Linear,hb_graph,13,0.2774979983196127,4061,993,14,42,{'clf__C': np.float64(0.0019517224641449498)}
LogisticRegression,Linear,pairwise,14,0.6406053853256988,4047,1007,4,42,{'clf__C': np.float64(0.0019517224641449498)}
LogisticRegression,Linear,hypergraph,14,0.6641078076857879,4047,1007,8,42,{'clf__C': np.float64(0.001267425589893723)}
LogisticRegression,Linear,hb_graph,14,0.6618002029913703,4047,1007,14,42,{'clf__C': np.float64(0.001267425589893723)}
LogisticRegression,Linear,pairwise,15,0.5275113043747964,4015,1039,4,42,{'clf__C': np.float64(0.001267425589893723)}
LogisticRegression,Linear,hypergraph,15,0.5946027705475495,4015,1039,8,42,{'clf__C': np.float64(0.0019517224641449498)}
LogisticRegression,Linear,hb_graph,15,0.581010079728187,4015,1039,14,42,{'clf__C': np.float64(0.0019517224641449498)}
LogisticRegression,Linear,pairwise,16,0.4938811568430453,3891,1163,4,42,{'clf__C': np.float64(0.006026889128682512)}
LogisticRegression,Linear,hypergraph,16,0.5277142647532376,3891,1163,8,42,{'clf__C': np.float64(0.001267425589893723)}
LogisticRegression,Linear,hb_graph,16,0.5307917286041067,3891,1163,14,42,{'clf__C': np.float64(0.001267425589893723)}
LogisticRegression,Linear,pairwise,17,0.5225228862767082,4061,993,4,42,{'clf__C': np.float64(0.006026889128682512)}
LogisticRegression,Linear,hypergraph,17,0.5238618874244998,4061,993,8,42,{'clf__C': np.float64(0.0019517224641449498)}
LogisticRegression,Linear,hb_graph,17,0.5202274513489915,4061,993,14,42,{'clf__C': np.float64(0.0019517224641449498)}
LogisticRegression,Linear,pairwise,18,0.4720240738327983,4033,1021,4,42,{'clf__C': np.float64(0.0019517224641449498)}
LogisticRegression,Linear,hypergraph,18,0.48620972537779245,4033,1021,8,42,{'clf__C': np.float64(0.001267425589893723)}
LogisticRegression,Linear,hb_graph,18,0.4859078192594749,4033,1021,14,42,{'clf__C': np.float64(0.001267425589893723)}
LogisticRegression,Linear,pairwise,19,0.5992540607390496,3871,1183,4,42,{'clf__C': np.float64(0.0019517224641449498)}
LogisticRegression,Linear,hypergraph,19,0.5747717433239494,3871,1183,8,42,{'clf__C': np.float64(0.001267425589893723)}
LogisticRegression,Linear,hb_graph,19,0.5750373309890638,3871,1183,14,42,{'clf__C': np.float64(0.001267425589893723)}
LogisticRegression,Linear,pairwise,20,0.6170234081384672,4014,1040,4,42,{'clf__C': np.float64(0.0019517224641449498)}
LogisticRegression,Linear,hypergraph,20,0.6657356360343671,4014,1040,8,42,{'clf__C': np.float64(0.001267425589893723)}
LogisticRegression,Linear,hb_graph,20,0.6666501479081853,4014,1040,14,42,{'clf__C': np.float64(0.001267425589893723)}
LogisticRegression,Linear,pairwise,21,0.48265578559168754,4043,1011,4,42,{'clf__C': np.float64(0.0019517224641449498)}
LogisticRegression,Linear,hypergraph,21,0.5162475165773142,4043,1011,8,42,{'clf__C': np.float64(0.001267425589893723)}
LogisticRegression,Linear,hb_graph,21,0.49867087201425525,4043,1011,14,42,{'clf__C': np.float64(0.0019517224641449498)}
LogisticRegression,Linear,pairwise,22,0.3631888119835931,4097,957,4,42,{'clf__C': np.float64(0.0019517224641449498)}
LogisticRegression,Linear,hypergraph,22,0.36654790892397743,4097,957,8,42,{'clf__C': np.float64(0.001267425589893723)}
LogisticRegression,Linear,hb_graph,22,0.3635659394140622,4097,957,14,42,{'clf__C': np.float64(0.001267425589893723)}
LogisticRegression,Linear,pairwise,23,0.42228622096462864,4024,1030,4,42,{'clf__C': np.float64(0.0019517224641449498)}
LogisticRegression,Linear,hypergraph,23,0.4263676813698145,4024,1030,8,42,{'clf__C': np.float64(0.001267425589893723)}
LogisticRegression,Linear,hb_graph,23,0.4229341778174946,4024,1030,14,42,{'clf__C': np.float64(0.001267425589893723)}
LogisticRegression,Linear,pairwise,24,0.585220608182454,3996,1058,4,42,{'clf__C': np.float64(0.0019517224641449498)}
LogisticRegression,Linear,hypergraph,24,0.6290985685842341,3996,1058,8,42,{'clf__C': np.float64(0.001267425589893723)}
LogisticRegression,Linear,hb_graph,24,0.6257706013310974,3996,1058,14,42,{'clf__C': np.float64(0.001267425589893723)}
LogisticRegression,Linear,pairwise,25,0.3343429820546847,4020,1034,4,42,{'clf__C': np.float64(0.0019517224641449498)}
LogisticRegression,Linear,hypergraph,25,0.322933166117684,4020,1034,8,42,{'clf__C': np.float64(0.001267425589893723)}
LogisticRegression,Linear,hb_graph,25,0.3200709517225073,4020,1034,14,42,{'clf__C': np.float64(0.001267425589893723)}
LogisticRegression,Linear,pairwise,26,0.6011110580544099,4000,1054,4,42,{'clf__C': np.float64(0.0019517224641449498)}
LogisticRegression,Linear,hypergraph,26,0.6441223002553482,4000,1054,8,42,{'clf__C': np.float64(0.0019517224641449498)}
LogisticRegression,Linear,hb_graph,26,0.6443995175571406,4000,1054,14,42,{'clf__C': np.float64(0.0019517224641449498)}
LogisticRegression,Linear,pairwise,27,0.4960073578026181,4098,956,4,42,{'clf__C': np.float64(0.0019517224641449498)}
LogisticRegression,Linear,hypergraph,27,0.4939926062885237,4098,956,8,42,{'clf__C': np.float64(0.001267425589893723)}
LogisticRegression,Linear,hb_graph,27,0.47372006250468285,4098,956,14,42,{'clf__C': np.float64(0.0019517224641449498)}
LogisticRegression,Linear,pairwise,28,0.4245076145548463,4016,1038,4,42,{'clf__C': np.float64(0.0019517224641449498)}
LogisticRegression,Linear,hypergraph,28,0.38752170369155436,4016,1038,8,42,{'clf__C': np.float64(0.001267425589893723)}
LogisticRegression,Linear,hb_graph,28,0.3821873637591803,4016,1038,14,42,{'clf__C': np.float64(0.001267425589893723)}
LogisticRegression,Linear,pairwise,29,0.4681959854823502,3979,1075,4,42,{'clf__C': np.float64(0.0019517224641449498)}
LogisticRegression,Linear,hypergraph,29,0.4454103348482629,3979,1075,8,42,{'clf__C': np.float64(0.001267425589893723)}
LogisticRegression,Linear,hb_graph,29,0.44076716695996776,3979,1075,14,42,{'clf__C': np.float64(0.001267425589893723)}
LogisticRegression,Linear,pairwise,30,0.3621398372032176,3920,1134,4,42,{'clf__C': np.float64(0.0019517224641449498)}
LogisticRegression,Linear,hypergraph,30,0.36077973686155596,3920,1134,8,42,{'clf__C': np.float64(0.001267425589893723)}
LogisticRegression,Linear,hb_graph,30,0.3590800226634092,3920,1134,14,42,{'clf__C': np.float64(0.001267425589893723)}
LogisticRegression,Linear,pairwise,31,0.4188168499944197,4082,972,4,42,{'clf__C': np.float64(0.0019517224641449498)}
LogisticRegression,Linear,hypergraph,31,0.4820709842081392,4082,972,8,42,{'clf__C': np.float64(0.001267425589893723)}
LogisticRegression,Linear,hb_graph,31,0.4828147859611245,4082,972,14,42,{'clf__C': np.float64(0.001267425589893723)}
LogisticRegression,Linear,pairwise,32,0.4453204721023508,3952,1102,4,42,{'clf__C': np.float64(0.0019517224641449498)}
LogisticRegression,Linear,hypergraph,32,0.4526303243702208,3952,1102,8,42,{'clf__C': np.float64(0.001267425589893723)}
LogisticRegression,Linear,hb_graph,32,0.4474569629144395,3952,1102,14,42,{'clf__C': np.float64(0.0019517224641449498)}
LogisticRegression,Linear,pairwise,33,0.26145803068671436,4002,1052,4,42,{'clf__C': np.float64(0.0019517224641449498)}
LogisticRegression,Linear,hypergraph,33,0.26182715065962897,4002,1052,8,42,{'clf__C': np.float64(0.001267425589893723)}
LogisticRegression,Linear,hb_graph,33,0.26187456510305224,4002,1052,14,42,{'clf__C': np.float64(0.001267425589893723)}
LogisticRegression,Linear,pairwise,34,0.473688578560305,4073,981,4,42,{'clf__C': np.float64(0.0019517224641449498)}
LogisticRegression,Linear,hypergraph,34,0.49183883365798714,4073,981,8,42,{'clf__C': np.float64(0.001267425589893723)}
LogisticRegression,Linear,hb_graph,34,0.4898250185435552,4073,981,14,42,{'clf__C': np.float64(0.001267425589893723)}
LogisticRegression,Linear,pairwise,35,0.5047905575988187,3929,1125,4,42,{'clf__C': np.float64(0.0019517224641449498)}
LogisticRegression,Linear,hypergraph,35,0.5148024609277158,3929,1125,8,42,{'clf__C': np.float64(0.001267425589893723)}
LogisticRegression,Linear,hb_graph,35,0.5124453481861481,3929,1125,14,42,{'clf__C': np.float64(0.001267425589893723)}
LogisticRegression,Linear,pairwise,36,0.27804902653140506,3981,1073,4,42,{'clf__C': np.float64(0.0019517224641449498)}
LogisticRegression,Linear,hypergraph,36,0.31174556258958447,3981,1073,8,42,{'clf__C': np.float64(0.001267425589893723)}
LogisticRegression,Linear,hb_graph,36,0.3148851116314161,3981,1073,14,42,{'clf__C': np.float64(0.001267425589893723)}
LogisticRegression,Linear,pairwise,37,0.4458357416501791,4054,1000,4,42,{'clf__C': np.float64(0.0019517224641449498)}
LogisticRegression,Linear,hypergraph,37,0.484468322731515,4054,1000,8,42,{'clf__C': np.float64(0.001267425589893723)}
LogisticRegression,Linear,hb_graph,37,0.48380437035038715,4054,1000,14,42,{'clf__C': np.float64(0.001267425589893723)}
LogisticRegression,Linear,pairwise,38,0.5034722942753816,3976,1078,4,42,{'clf__C': np.float64(0.0019517224641449498)}
LogisticRegression,Linear,hypergraph,38,0.47748532895134443,3976,1078,8,42,{'clf__C': np.float64(0.0019517224641449498)}
LogisticRegression,Linear,hb_graph,38,0.47646770887442946,3976,1078,14,42,{'clf__C': np.float64(0.0019517224641449498)}
LogisticRegression,Linear,pairwise,39,0.3548508035876744,4068,986,4,42,{'clf__C': np.float64(0.0019517224641449498)}
LogisticRegression,Linear,hypergraph,39,0.35366786092980124,4068,986,8,42,{'clf__C': np.float64(0.001267425589893723)}
LogisticRegression,Linear,hb_graph,39,0.3504292688781737,4068,986,14,42,{'clf__C': np.float64(0.001267425589893723)}
LogisticRegression,Linear,pairwise,40,0.48168405193659486,4081,973,4,42,{'clf__C': np.float64(0.006026889128682512)}
LogisticRegression,Linear,hypergraph,40,0.5240976635428928,4081,973,8,42,{'clf__C': np.float64(0.001267425589893723)}
LogisticRegression,Linear,hb_graph,40,0.5272353737437534,4081,973,14,42,{'clf__C': np.float64(0.001267425589893723)}
LogisticRegression,Linear,pairwise,41,0.39032042224527785,4103,951,4,42,{'clf__C': np.float64(0.0019517224641449498)}
LogisticRegression,Linear,hypergraph,41,0.4190363945816542,4103,951,8,42,{'clf__C': np.float64(0.001267425589893723)}
LogisticRegression,Linear,hb_graph,41,0.4104262098016347,4103,951,14,42,{'clf__C': np.float64(0.001267425589893723)}
LogisticRegression,Linear,pairwise,42,0.34678081651600745,4055,999,4,42,{'clf__C': np.float64(0.006026889128682512)}
LogisticRegression,Linear,hypergraph,42,0.33670280637530425,4055,999,8,42,{'clf__C': np.float64(0.001267425589893723)}
LogisticRegression,Linear,hb_graph,42,0.33138472717061473,4055,999,14,42,{'clf__C': np.float64(0.001267425589893723)}
LogisticRegression,Linear,pairwise,43,0.6481607783151563,4064,990,4,42,{'clf__C': np.float64(0.0019517224641449498)}
LogisticRegression,Linear,hypergraph,43,0.6562841511369357,4064,990,8,42,{'clf__C': np.float64(0.001267425589893723)}
LogisticRegression,Linear,hb_graph,43,0.6493178823740684,4064,990,14,42,{'clf__C': np.float64(0.001267425589893723)}
LogisticRegression,Linear,pairwise,44,0.4582807365243712,4010,1044,4,42,{'clf__C': np.float64(0.0019517224641449498)}
LogisticRegression,Linear,hypergraph,44,0.4589745546408871,4010,1044,8,42,{'clf__C': np.float64(0.001267425589893723)}
LogisticRegression,Linear,hb_graph,44,0.4452961334150086,4010,1044,14,42,{'clf__C': np.float64(0.0019517224641449498)}
LogisticRegression,Linear,pairwise,45,0.4548503642564141,4049,1005,4,42,{'clf__C': np.float64(0.006026889128682512)}
LogisticRegression,Linear,hypergraph,45,0.4753191223771295,4049,1005,8,42,{'clf__C': np.float64(0.001267425589893723)}
LogisticRegression,Linear,hb_graph,45,0.46606440732304366,4049,1005,14,42,{'clf__C': np.float64(0.001267425589893723)}
LogisticRegression,Linear,pairwise,46,0.43793061450672255,4077,977,4,42,{'clf__C': np.float64(0.0019517224641449498)}
LogisticRegression,Linear,hypergraph,46,0.47982157382557294,4077,977,8,42,{'clf__C': np.float64(0.0019517224641449498)}
LogisticRegression,Linear,hb_graph,46,0.46792904294335297,4077,977,14,42,{'clf__C': np.float64(0.001267425589893723)}
LogisticRegression,Linear,pairwise,47,0.4073962015407744,4045,1009,4,42,{'clf__C': np.float64(0.006026889128682512)}
LogisticRegression,Linear,hypergraph,47,0.408904775612658,4045,1009,8,42,{'clf__C': np.float64(0.0019517224641449498)}
LogisticRegression,Linear,hb_graph,47,0.3963035068990304,4045,1009,14,42,{'clf__C': np.float64(0.001267425589893723)}
LogisticRegression,Linear,pairwise,48,0.4528404421512989,3963,1091,4,42,{'clf__C': np.float64(0.0019517224641449498)}
LogisticRegression,Linear,hypergraph,48,0.4796356359104637,3963,1091,8,42,{'clf__C': np.float64(0.001267425589893723)}
LogisticRegression,Linear,hb_graph,48,0.47407697280689226,3963,1091,14,42,{'clf__C': np.float64(0.001267425589893723)}
LogisticRegression,Linear,pairwise,49,0.3466459355709236,4104,950,4,42,{'clf__C': np.float64(0.0019517224641449498)}
LogisticRegression,Linear,hypergraph,49,0.3908754372773784,4104,950,8,42,{'clf__C': np.float64(0.001267425589893723)}
LogisticRegression,Linear,hb_graph,49,0.3845194261491918,4104,950,14,42,{'clf__C': np.float64(0.001267425589893723)}
LogisticRegression,Linear,pairwise,50,0.5288882566157423,3992,1062,4,42,{'clf__C': np.float64(0.0019517224641449498)}
LogisticRegression,Linear,hypergraph,50,0.541029387063535,3992,1062,8,42,{'clf__C': np.float64(0.0019517224641449498)}
LogisticRegression,Linear,hb_graph,50,0.5330325941086672,3992,1062,14,42,{'clf__C': np.float64(0.0019517224641449498)}
RBF-SVM,Kernel,pairwise,1,0.3715516233772337,4108,946,4,42,"{'clf__C': 0.1, 'clf__gamma': 'scale'}"
RBF-SVM,Kernel,hypergraph,1,0.3915531085287853,4108,946,8,42,"{'clf__C': 0.1, 'clf__gamma': 0.01}"
RBF-SVM,Kernel,hb_graph,1,0.3536079119175547,4108,946,14,42,"{'clf__C': 1, 'clf__gamma': 0.001}"
RBF-SVM,Kernel,pairwise,2,0.3038396045409457,4088,966,4,42,"{'clf__C': 0.1, 'clf__gamma': 'scale'}"
RBF-SVM,Kernel,hypergraph,2,0.34615507962980907,4088,966,8,42,"{'clf__C': 0.1, 'clf__gamma': 'scale'}"
RBF-SVM,Kernel,hb_graph,2,0.329427592580893,4088,966,14,42,"{'clf__C': 0.1, 'clf__gamma': 'scale'}"
RBF-SVM,Kernel,pairwise,3,0.3928878932506333,3875,1179,4,42,"{'clf__C': 0.1, 'clf__gamma': 'scale'}"
RBF-SVM,Kernel,hypergraph,3,0.326576879495448,3875,1179,8,42,"{'clf__C': 0.1, 'clf__gamma': 'scale'}"
RBF-SVM,Kernel,hb_graph,3,0.3547907628565591,3875,1179,14,42,"{'clf__C': 1, 'clf__gamma': 0.001}"
RBF-SVM,Kernel,pairwise,4,0.5479652084655873,4070,984,4,42,"{'clf__C': 0.1, 'clf__gamma': 'scale'}"
RBF-SVM,Kernel,hypergraph,4,0.571350673397839,4070,984,8,42,"{'clf__C': 0.1, 'clf__gamma': 0.01}"
RBF-SVM,Kernel,hb_graph,4,0.5572390992115188,4070,984,14,42,"{'clf__C': 0.1, 'clf__gamma': 'scale'}"
RBF-SVM,Kernel,pairwise,5,0.49243439105787207,4056,998,4,42,"{'clf__C': 0.1, 'clf__gamma': 'scale'}"
RBF-SVM,Kernel,hypergraph,5,0.5548545428995023,4056,998,8,42,"{'clf__C': 0.1, 'clf__gamma': 'scale'}"
RBF-SVM,Kernel,hb_graph,5,0.49926301416797264,4056,998,14,42,"{'clf__C': 0.1, 'clf__gamma': 0.01}"
RBF-SVM,Kernel,pairwise,6,0.40109535432639276,4052,1002,4,42,"{'clf__C': 0.1, 'clf__gamma': 'scale'}"
RBF-SVM,Kernel,hypergraph,6,0.3867188776482187,4052,1002,8,42,"{'clf__C': 0.1, 'clf__gamma': 'scale'}"
RBF-SVM,Kernel,hb_graph,6,0.3824454129515148,4052,1002,14,42,"{'clf__C': 1, 'clf__gamma': 0.001}"
RBF-SVM,Kernel,pairwise,7,0.44290931407950745,4091,963,4,42,"{'clf__C': 1, 'clf__gamma': 0.01}"
RBF-SVM,Kernel,hypergraph,7,0.5048836005904954,4091,963,8,42,"{'clf__C': 0.1, 'clf__gamma': 'scale'}"
RBF-SVM,Kernel,hb_graph,7,0.4665004691683248,4091,963,14,42,"{'clf__C': 10, 'clf__gamma': 0.001}"
RBF-SVM,Kernel,pairwise,8,0.3689236881838213,4090,964,4,42,"{'clf__C': 0.1, 'clf__gamma': 'scale'}"
RBF-SVM,Kernel,hypergraph,8,0.36425315139470527,4090,964,8,42,"{'clf__C': 0.1, 'clf__gamma': 0.01}"
RBF-SVM,Kernel,hb_graph,8,0.3370702195756448,4090,964,14,42,"{'clf__C': 0.1, 'clf__gamma': 0.01}"
RBF-SVM,Kernel,pairwise,9,0.33315864981056414,3974,1080,4,42,"{'clf__C': 0.1, 'clf__gamma': 'scale'}"
RBF-SVM,Kernel,hypergraph,9,0.2926426450029793,3974,1080,8,42,"{'clf__C': 0.1, 'clf__gamma': 'scale'}"
RBF-SVM,Kernel,hb_graph,9,0.2786493880823592,3974,1080,14,42,"{'clf__C': 0.1, 'clf__gamma': 0.01}"
RBF-SVM,Kernel,pairwise,10,0.33852094643412173,3897,1157,4,42,"{'clf__C': 0.1, 'clf__gamma': 'scale'}"
RBF-SVM,Kernel,hypergraph,10,0.2748468637421164,3897,1157,8,42,"{'clf__C': 0.1, 'clf__gamma': 'scale'}"
RBF-SVM,Kernel,hb_graph,10,0.2676280281963001,3897,1157,14,42,"{'clf__C': 0.1, 'clf__gamma': 0.01}"
RBF-SVM,Kernel,pairwise,11,0.3856223282020357,4005,1049,4,42,"{'clf__C': 0.1, 'clf__gamma': 'scale'}"
RBF-SVM,Kernel,hypergraph,11,0.3510022362011205,4005,1049,8,42,"{'clf__C': 0.1, 'clf__gamma': 'scale'}"
RBF-SVM,Kernel,hb_graph,11,0.34265991221108,4005,1049,14,42,"{'clf__C': 0.1, 'clf__gamma': 0.01}"
RBF-SVM,Kernel,pairwise,12,0.4780749887411606,4099,955,4,42,"{'clf__C': 0.1, 'clf__gamma': 'scale'}"
RBF-SVM,Kernel,hypergraph,12,0.49182586460848965,4099,955,8,42,"{'clf__C': 0.1, 'clf__gamma': 'scale'}"
RBF-SVM,Kernel,hb_graph,12,0.44501682839410844,4099,955,14,42,"{'clf__C': 0.1, 'clf__gamma': 0.01}"
RBF-SVM,Kernel,pairwise,13,0.2724228637618727,4061,993,4,42,"{'clf__C': 0.1, 'clf__gamma': 'scale'}"
RBF-SVM,Kernel,hypergraph,13,0.25596653144448483,4061,993,8,42,"{'clf__C': 10, 'clf__gamma': 0.001}"
RBF-SVM,Kernel,hb_graph,13,0.256129044366066,4061,993,14,42,"{'clf__C': 10, 'clf__gamma': 0.001}"
RBF-SVM,Kernel,pairwise,14,0.6637685002629004,4047,1007,4,42,"{'clf__C': 1000, 'clf__gamma': 0.001}"
RBF-SVM,Kernel,hypergraph,14,0.668058033268839,4047,1007,8,42,"{'clf__C': 0.1, 'clf__gamma': 'scale'}"
RBF-SVM,Kernel,hb_graph,14,0.6564137066182919,4047,1007,14,42,"{'clf__C': 1, 'clf__gamma': 0.001}"
RBF-SVM,Kernel,pairwise,15,0.525706833173661,4015,1039,4,42,"{'clf__C': 0.1, 'clf__gamma': 'scale'}"
RBF-SVM,Kernel,hypergraph,15,0.5761423473125493,4015,1039,8,42,"{'clf__C': 0.1, 'clf__gamma': 'scale'}"
RBF-SVM,Kernel,hb_graph,15,0.5256684878299924,4015,1039,14,42,"{'clf__C': 0.1, 'clf__gamma': 0.01}"
RBF-SVM,Kernel,pairwise,16,0.48327659123181244,3891,1163,4,42,"{'clf__C': 1000, 'clf__gamma': 0.001}"
RBF-SVM,Kernel,hypergraph,16,0.5116504317546189,3891,1163,8,42,"{'clf__C': 0.1, 'clf__gamma': 'scale'}"
RBF-SVM,Kernel,hb_graph,16,0.3826751603630436,3891,1163,14,42,"{'clf__C': 1, 'clf__gamma': 0.001}"
RBF-SVM,Kernel,pairwise,17,0.41896364095065,4061,993,4,42,"{'clf__C': 0.1, 'clf__gamma': 0.1}"
RBF-SVM,Kernel,hypergraph,17,0.5361313196505096,4061,993,8,42,"{'clf__C': 0.1, 'clf__gamma': 0.01}"
RBF-SVM,Kernel,hb_graph,17,0.5031583857218067,4061,993,14,42,"{'clf__C': 1, 'clf__gamma': 0.001}"
RBF-SVM,Kernel,pairwise,18,0.48136040714720923,4033,1021,4,42,"{'clf__C': 0.1, 'clf__gamma': 'scale'}"
RBF-SVM,Kernel,hypergraph,18,0.48917536704080555,4033,1021,8,42,"{'clf__C': 0.1, 'clf__gamma': 0.01}"
RBF-SVM,Kernel,hb_graph,18,0.47854634618979863,4033,1021,14,42,"{'clf__C': 1, 'clf__gamma': 0.001}"
RBF-SVM,Kernel,pairwise,19,0.4512294095303013,3871,1183,4,42,"{'clf__C': 1, 'clf__gamma': 0.01}"
RBF-SVM,Kernel,hypergraph,19,0.47012331312712213,3871,1183,8,42,"{'clf__C': 0.1, 'clf__gamma': 'scale'}"
RBF-SVM,Kernel,hb_graph,19,0.4274937302803093,3871,1183,14,42,"{'clf__C': 1, 'clf__gamma': 0.001}"
RBF-SVM,Kernel,pairwise,20,0.6263770106818292,4014,1040,4,42,"{'clf__C': 1000, 'clf__gamma': 0.001}"
RBF-SVM,Kernel,hypergraph,20,0.6600687760617912,4014,1040,8,42,"{'clf__C': 0.1, 'clf__gamma': 0.01}"
RBF-SVM,Kernel,hb_graph,20,0.6616314629392813,4014,1040,14,42,"{'clf__C': 1, 'clf__gamma': 0.001}"
RBF-SVM,Kernel,pairwise,21,0.4639606394106808,4043,1011,4,42,"{'clf__C': 0.1, 'clf__gamma': 'scale'}"
RBF-SVM,Kernel,hypergraph,21,0.5297656932999526,4043,1011,8,42,"{'clf__C': 0.1, 'clf__gamma': 'scale'}"
RBF-SVM,Kernel,hb_graph,21,0.46924635523421065,4043,1011,14,42,"{'clf__C': 0.1, 'clf__gamma': 0.01}"
RBF-SVM,Kernel,pairwise,22,0.39918458151697694,4097,957,4,42,"{'clf__C': 0.1, 'clf__gamma': 'scale'}"
RBF-SVM,Kernel,hypergraph,22,0.3830411042139422,4097,957,8,42,"{'clf__C': 0.1, 'clf__gamma': 0.01}"
RBF-SVM,Kernel,hb_graph,22,0.3692136906820883,4097,957,14,42,"{'clf__C': 0.1, 'clf__gamma': 'scale'}"
RBF-SVM,Kernel,pairwise,23,0.41778552556894205,4024,1030,4,42,"{'clf__C': 0.1, 'clf__gamma': 'scale'}"
RBF-SVM,Kernel,hypergraph,23,0.41297764518887997,4024,1030,8,42,"{'clf__C': 0.1, 'clf__gamma': 0.01}"
RBF-SVM,Kernel,hb_graph,23,0.3913223277091549,4024,1030,14,42,"{'clf__C': 0.1, 'clf__gamma': 'scale'}"
RBF-SVM,Kernel,pairwise,24,0.587249990467556,3996,1058,4,42,"{'clf__C': 1000, 'clf__gamma': 0.001}"
RBF-SVM,Kernel,hypergraph,24,0.5204757176718526,3996,1058,8,42,"{'clf__C': 100, 'clf__gamma': 0.01}"
RBF-SVM,Kernel,hb_graph,24,0.4653656527765626,3996,1058,14,42,"{'clf__C': 100, 'clf__gamma': 0.01}"
RBF-SVM,Kernel,pairwise,25,0.332416923983969,4020,1034,4,42,"{'clf__C': 0.1, 'clf__gamma': 'scale'}"
RBF-SVM,Kernel,hypergraph,25,0.31898666610473325,4020,1034,8,42,"{'clf__C': 0.1, 'clf__gamma': 'scale'}"
RBF-SVM,Kernel,hb_graph,25,0.3189263249943003,4020,1034,14,42,"{'clf__C': 1, 'clf__gamma': 0.001}"
RBF-SVM,Kernel,pairwise,26,0.6414420586348449,4000,1054,4,42,"{'clf__C': 1000, 'clf__gamma': 0.001}"
RBF-SVM,Kernel,hypergraph,26,0.6684744516659649,4000,1054,8,42,"{'clf__C': 0.1, 'clf__gamma': 0.01}"
RBF-SVM,Kernel,hb_graph,26,0.6268711032942255,4000,1054,14,42,"{'clf__C': 1, 'clf__gamma': 0.001}"
RBF-SVM,Kernel,pairwise,27,0.48853007960653955,4098,956,4,42,"{'clf__C': 0.1, 'clf__gamma': 'scale'}"
RBF-SVM,Kernel,hypergraph,27,0.5190968929086236,4098,956,8,42,"{'clf__C': 0.1, 'clf__gamma': 'scale'}"
RBF-SVM,Kernel,hb_graph,27,0.4572657877841302,4098,956,14,42,"{'clf__C': 0.1, 'clf__gamma': 0.01}"
RBF-SVM,Kernel,pairwise,28,0.32489380739187856,4016,1038,4,42,"{'clf__C': 0.1, 'clf__gamma': 'scale'}"
RBF-SVM,Kernel,hypergraph,28,0.28865752657910887,4016,1038,8,42,"{'clf__C': 0.1, 'clf__gamma': 'scale'}"
RBF-SVM,Kernel,hb_graph,28,0.34855541047448196,4016,1038,14,42,"{'clf__C': 1, 'clf__gamma': 0.001}"
RBF-SVM,Kernel,pairwise,29,0.46759666038178205,3979,1075,4,42,"{'clf__C': 0.1, 'clf__gamma': 'scale'}"
RBF-SVM,Kernel,hypergraph,29,0.4256459058423072,3979,1075,8,42,"{'clf__C': 0.1, 'clf__gamma': 'scale'}"
RBF-SVM,Kernel,hb_graph,29,0.433136430840888,3979,1075,14,42,"{'clf__C': 0.1, 'clf__gamma': 'scale'}"
RBF-SVM,Kernel,pairwise,30,0.3471813777950135,3920,1134,4,42,"{'clf__C': 0.1, 'clf__gamma': 'scale'}"
RBF-SVM,Kernel,hypergraph,30,0.3403952159593072,3920,1134,8,42,"{'clf__C': 0.1, 'clf__gamma': 'scale'}"
RBF-SVM,Kernel,hb_graph,30,0.3306390563277559,3920,1134,14,42,"{'clf__C': 1, 'clf__gamma': 0.001}"
RBF-SVM,Kernel,pairwise,31,0.4428016268461185,4082,972,4,42,"{'clf__C': 0.1, 'clf__gamma': 'scale'}"
RBF-SVM,Kernel,hypergraph,31,0.4646483880546986,4082,972,8,42,"{'clf__C': 0.1, 'clf__gamma': 0.01}"
RBF-SVM,Kernel,hb_graph,31,0.47045122202460543,4082,972,14,42,"{'clf__C': 1, 'clf__gamma': 0.001}"
RBF-SVM,Kernel,pairwise,32,0.4187773806680799,3952,1102,4,42,"{'clf__C': 0.1, 'clf__gamma': 'scale'}"
RBF-SVM,Kernel,hypergraph,32,0.44767229348810933,3952,1102,8,42,"{'clf__C': 0.1, 'clf__gamma': 0.01}"
RBF-SVM,Kernel,hb_graph,32,0.4267063240803544,3952,1102,14,42,"{'clf__C': 0.1, 'clf__gamma': 'scale'}"
RBF-SVM,Kernel,pairwise,33,0.2760514042400601,4002,1052,4,42,"{'clf__C': 0.1, 'clf__gamma': 'scale'}"
RBF-SVM,Kernel,hypergraph,33,0.25123375091359884,4002,1052,8,42,"{'clf__C': 0.1, 'clf__gamma': 'scale'}"
RBF-SVM,Kernel,hb_graph,33,0.252841968561876,4002,1052,14,42,"{'clf__C': 1, 'clf__gamma': 0.001}"
RBF-SVM,Kernel,pairwise,34,0.47164590633874076,4073,981,4,42,"{'clf__C': 0.1, 'clf__gamma': 'scale'}"
RBF-SVM,Kernel,hypergraph,34,0.4775401453331258,4073,981,8,42,"{'clf__C': 0.1, 'clf__gamma': 0.01}"
RBF-SVM,Kernel,hb_graph,34,0.4857232301807556,4073,981,14,42,"{'clf__C': 1, 'clf__gamma': 0.001}"
RBF-SVM,Kernel,pairwise,35,0.49171534216917934,3929,1125,4,42,"{'clf__C': 0.1, 'clf__gamma': 'scale'}"
RBF-SVM,Kernel,hypergraph,35,0.34697251052515965,3929,1125,8,42,"{'clf__C': 0.1, 'clf__gamma': 0.01}"
RBF-SVM,Kernel,hb_graph,35,0.3566943681195496,3929,1125,14,42,"{'clf__C': 1, 'clf__gamma': 0.001}"
RBF-SVM,Kernel,pairwise,36,0.31024108953734225,3981,1073,4,42,"{'clf__C': 0.1, 'clf__gamma': 'scale'}"
RBF-SVM,Kernel,hypergraph,36,0.3309333054070537,3981,1073,8,42,"{'clf__C': 0.1, 'clf__gamma': 'scale'}"
RBF-SVM,Kernel,hb_graph,36,0.3208042727919182,3981,1073,14,42,"{'clf__C': 1, 'clf__gamma': 0.001}"
RBF-SVM,Kernel,pairwise,37,0.4248278121357821,4054,1000,4,42,"{'clf__C': 0.1, 'clf__gamma': 'scale'}"
RBF-SVM,Kernel,hypergraph,37,0.48973586034215505,4054,1000,8,42,"{'clf__C': 0.1, 'clf__gamma': 0.01}"
RBF-SVM,Kernel,hb_graph,37,0.482858408542469,4054,1000,14,42,"{'clf__C': 0.1, 'clf__gamma': 0.01}"
RBF-SVM,Kernel,pairwise,38,0.47625752660327547,3976,1078,4,42,"{'clf__C': 0.1, 'clf__gamma': 'scale'}"
RBF-SVM,Kernel,hypergraph,38,0.46094677587341515,3976,1078,8,42,"{'clf__C': 0.1, 'clf__gamma': 0.01}"
RBF-SVM,Kernel,hb_graph,38,0.45860490158742107,3976,1078,14,42,"{'clf__C': 1, 'clf__gamma': 0.001}"
RBF-SVM,Kernel,pairwise,39,0.3457460134883632,4068,986,4,42,"{'clf__C': 0.1, 'clf__gamma': 'scale'}"
RBF-SVM,Kernel,hypergraph,39,0.37241284132429775,4068,986,8,42,"{'clf__C': 0.1, 'clf__gamma': 'scale'}"
RBF-SVM,Kernel,hb_graph,39,0.3556888577776605,4068,986,14,42,"{'clf__C': 0.1, 'clf__gamma': 0.01}"
RBF-SVM,Kernel,pairwise,40,0.5309373923664242,4081,973,4,42,"{'clf__C': 0.1, 'clf__gamma': 0.1}"
RBF-SVM,Kernel,hypergraph,40,0.5218070134505505,4081,973,8,42,"{'clf__C': 0.1, 'clf__gamma': 0.01}"
RBF-SVM,Kernel,hb_graph,40,0.541107244275385,4081,973,14,42,"{'clf__C': 0.1, 'clf__gamma': 0.001}"
RBF-SVM,Kernel,pairwise,41,0.4052319428033104,4103,951,4,42,"{'clf__C': 0.1, 'clf__gamma': 'scale'}"
RBF-SVM,Kernel,hypergraph,41,0.4205294132926651,4103,951,8,42,"{'clf__C': 0.1, 'clf__gamma': 'scale'}"
RBF-SVM,Kernel,hb_graph,41,0.402560281498237,4103,951,14,42,"{'clf__C': 0.1, 'clf__gamma': 0.01}"
RBF-SVM,Kernel,pairwise,42,0.3105126647762295,4055,999,4,42,"{'clf__C': 0.1, 'clf__gamma': 'scale'}"
RBF-SVM,Kernel,hypergraph,42,0.32983609069828673,4055,999,8,42,"{'clf__C': 0.1, 'clf__gamma': 'scale'}"
RBF-SVM,Kernel,hb_graph,42,0.30862910892355117,4055,999,14,42,"{'clf__C': 0.1, 'clf__gamma': 0.01}"
RBF-SVM,Kernel,pairwise,43,0.6190685166733157,4064,990,4,42,"{'clf__C': 1000, 'clf__gamma': 0.001}"
RBF-SVM,Kernel,hypergraph,43,0.6498519965870788,4064,990,8,42,"{'clf__C': 0.1, 'clf__gamma': 'scale'}"
RBF-SVM,Kernel,hb_graph,43,0.6560813717244253,4064,990,14,42,"{'clf__C': 1, 'clf__gamma': 0.001}"
RBF-SVM,Kernel,pairwise,44,0.4434151716181039,4010,1044,4,42,"{'clf__C': 0.1, 'clf__gamma': 'scale'}"
RBF-SVM,Kernel,hypergraph,44,0.4764006230297919,4010,1044,8,42,"{'clf__C': 0.1, 'clf__gamma': 'scale'}"
RBF-SVM,Kernel,hb_graph,44,0.3983895804155785,4010,1044,14,42,"{'clf__C': 0.1, 'clf__gamma': 0.1}"
RBF-SVM,Kernel,pairwise,45,0.44394156091489395,4049,1005,4,42,"{'clf__C': 0.1, 'clf__gamma': 'scale'}"
RBF-SVM,Kernel,hypergraph,45,0.49360679357817416,4049,1005,8,42,"{'clf__C': 0.1, 'clf__gamma': 0.01}"
RBF-SVM,Kernel,hb_graph,45,0.46735641666662936,4049,1005,14,42,"{'clf__C': 0.1, 'clf__gamma': 0.01}"
RBF-SVM,Kernel,pairwise,46,0.48139153091162495,4077,977,4,42,"{'clf__C': 0.1, 'clf__gamma': 'scale'}"
RBF-SVM,Kernel,hypergraph,46,0.5055717044696655,4077,977,8,42,"{'clf__C': 0.1, 'clf__gamma': 'scale'}"
RBF-SVM,Kernel,hb_graph,46,0.44169915585240194,4077,977,14,42,"{'clf__C': 0.1, 'clf__gamma': 0.01}"
RBF-SVM,Kernel,pairwise,47,0.3851150734903592,4045,1009,4,42,"{'clf__C': 0.1, 'clf__gamma': 'scale'}"
RBF-SVM,Kernel,hypergraph,47,0.40969826950736454,4045,1009,8,42,"{'clf__C': 0.1, 'clf__gamma': 0.01}"
RBF-SVM,Kernel,hb_graph,47,0.37767993184925636,4045,1009,14,42,"{'clf__C': 0.1, 'clf__gamma': 'scale'}"
RBF-SVM,Kernel,pairwise,48,0.4728367882589317,3963,1091,4,42,"{'clf__C': 0.1, 'clf__gamma': 'scale'}"
RBF-SVM,Kernel,hypergraph,48,0.4789485717906735,3963,1091,8,42,"{'clf__C': 0.1, 'clf__gamma': 'scale'}"
RBF-SVM,Kernel,hb_graph,48,0.4398596133498275,3963,1091,14,42,"{'clf__C': 0.1, 'clf__gamma': 0.01}"
RBF-SVM,Kernel,pairwise,49,0.36527388713244063,4104,950,4,42,"{'clf__C': 0.1, 'clf__gamma': 'scale'}"
RBF-SVM,Kernel,hypergraph,49,0.40054373096235707,4104,950,8,42,"{'clf__C': 0.1, 'clf__gamma': 'scale'}"
RBF-SVM,Kernel,hb_graph,49,0.3677823534394761,4104,950,14,42,"{'clf__C': 0.1, 'clf__gamma': 0.01}"
RBF-SVM,Kernel,pairwise,50,0.5004053777506317,3992,1062,4,42,"{'clf__C': 0.1, 'clf__gamma': 'scale'}"
RBF-SVM,Kernel,hypergraph,50,0.5451358986578854,3992,1062,8,42,"{'clf__C': 0.1, 'clf__gamma': 'scale'}"
RBF-SVM,Kernel,hb_graph,50,0.4870594848601417,3992,1062,14,42,"{'clf__C': 0.1, 'clf__gamma': 0.01}"
MLP,Neural,pairwise,1,0.415750603904051,4108,946,4,42,"{'clf__alpha': np.float64(5.415244119402538e-05), 'clf__hidden_layer_sizes': (128, 64), 'clf__learning_rate_init': np.float64(0.001672269700618367)}"
MLP,Neural,hypergraph,1,0.4202704233749146,4108,946,8,42,"{'clf__alpha': np.float64(4.936948694960461e-05), 'clf__hidden_layer_sizes': (64,), 'clf__learning_rate_init': np.float64(0.00032927591344236165)}"
MLP,Neural,hb_graph,1,0.36944391680599786,4108,946,14,42,"{'clf__alpha': np.float64(8.386394780402559e-05), 'clf__hidden_layer_sizes': (128, 64), 'clf__learning_rate_init': np.float64(0.0007591104805282694)}"
MLP,Neural,pairwise,2,0.31638654953277545,4088,966,4,42,"{'clf__alpha': np.float64(0.07852755494724252), 'clf__hidden_layer_sizes': (64, 32), 'clf__learning_rate_init': np.float64(0.0008168455894760156)}"
MLP,Neural,hypergraph,2,0.3573365590531759,4088,966,8,42,"{'clf__alpha': np.float64(1.1299516083106613e-05), 'clf__hidden_layer_sizes': (64,), 'clf__learning_rate_init': np.float64(0.00853618986286683)}"
MLP,Neural,hb_graph,2,0.35436094368332205,4088,966,14,42,"{'clf__alpha': np.float64(8.386394780402559e-05), 'clf__hidden_layer_sizes': (128, 64), 'clf__learning_rate_init': np.float64(0.0007591104805282694)}"
MLP,Neural,pairwise,3,0.4348479821518623,3875,1179,4,42,"{'clf__alpha': np.float64(3.077180271250682e-05), 'clf__hidden_layer_sizes': (64,), 'clf__learning_rate_init': np.float64(0.00463863097239728)}"
MLP,Neural,hypergraph,3,0.4093814415708907,3875,1179,8,42,"{'clf__alpha': np.float64(3.077180271250682e-05), 'clf__hidden_layer_sizes': (64,), 'clf__learning_rate_init': np.float64(0.00463863097239728)}"
MLP,Neural,hb_graph,3,0.37207426490564666,3875,1179,14,42,"{'clf__alpha': np.float64(6.788387912421223e-05), 'clf__hidden_layer_sizes': (128, 64), 'clf__learning_rate_init': np.float64(0.0002342658105820402)}"
MLP,Neural,pairwise,4,0.5563438774552054,4070,984,4,42,"{'clf__alpha': np.float64(5.415244119402538e-05), 'clf__hidden_layer_sizes': (128, 64), 'clf__learning_rate_init': np.float64(0.001672269700618367)}"
MLP,Neural,hypergraph,4,0.5551115675941515,4070,984,8,42,"{'clf__alpha': np.float64(1.067247683632372e-05), 'clf__hidden_layer_sizes': (64,), 'clf__learning_rate_init': np.float64(0.00038234752246751815)}"
MLP,Neural,hb_graph,4,0.565656833213938,4070,984,14,42,"{'clf__alpha': np.float64(6.788387912421223e-05), 'clf__hidden_layer_sizes': (128, 64), 'clf__learning_rate_init': np.float64(0.0002342658105820402)}"
MLP,Neural,pairwise,5,0.5147806498982841,4056,998,4,42,"{'clf__alpha': np.float64(1.1299516083106613e-05), 'clf__hidden_layer_sizes': (64,), 'clf__learning_rate_init': np.float64(0.00853618986286683)}"
MLP,Neural,hypergraph,5,0.5907841683110118,4056,998,8,42,"{'clf__alpha': np.float64(0.0026926469100861782), 'clf__hidden_layer_sizes': (64,), 'clf__learning_rate_init': np.float64(0.000796156607806294)}"
MLP,Neural,hb_graph,5,0.5322129518041214,4056,998,14,42,"{'clf__alpha': np.float64(6.788387912421223e-05), 'clf__hidden_layer_sizes': (128, 64), 'clf__learning_rate_init': np.float64(0.0002342658105820402)}"
MLP,Neural,pairwise,6,0.4030825565144758,4052,1002,4,42,"{'clf__alpha': np.float64(3.077180271250682e-05), 'clf__hidden_layer_sizes': (64,), 'clf__learning_rate_init': np.float64(0.00463863097239728)}"
MLP,Neural,hypergraph,6,0.38410252323889493,4052,1002,8,42,"{'clf__alpha': np.float64(4.936948694960461e-05), 'clf__hidden_layer_sizes': (64,), 'clf__learning_rate_init': np.float64(0.00032927591344236165)}"
MLP,Neural,hb_graph,6,0.38511828457198904,4052,1002,14,42,"{'clf__alpha': np.float64(0.05678201970293124), 'clf__hidden_layer_sizes': (128,), 'clf__learning_rate_init': np.float64(0.0002310201887845291)}"
MLP,Neural,pairwise,7,0.4256510472025681,4091,963,4,42,"{'clf__alpha': np.float64(5.415244119402538e-05), 'clf__hidden_layer_sizes': (128, 64), 'clf__learning_rate_init': np.float64(0.001672269700618367)}"
MLP,Neural,hypergraph,7,0.5007016848550148,4091,963,8,42,"{'clf__alpha': np.float64(4.207053950287933e-05), 'clf__hidden_layer_sizes': (64, 32), 'clf__learning_rate_init': np.float64(0.0008288916866885138)}"
MLP,Neural,hb_graph,7,0.4449557978116355,4091,963,14,42,"{'clf__alpha': np.float64(3.077180271250682e-05), 'clf__hidden_layer_sizes': (64,), 'clf__learning_rate_init': np.float64(0.00463863097239728)}"
MLP,Neural,pairwise,8,0.36136856901118014,4090,964,4,42,"{'clf__alpha': np.float64(8.386394780402559e-05), 'clf__hidden_layer_sizes': (128, 64), 'clf__learning_rate_init': np.float64(0.0007591104805282694)}"
MLP,Neural,hypergraph,8,0.38177589018707203,4090,964,8,42,"{'clf__alpha': np.float64(0.00021618942406574428), 'clf__hidden_layer_sizes': (128, 64), 'clf__learning_rate_init': np.float64(0.0026070247583707662)}"
MLP,Neural,hb_graph,8,0.3277805826467122,4090,964,14,42,"{'clf__alpha': np.float64(5.415244119402538e-05), 'clf__hidden_layer_sizes': (128, 64), 'clf__learning_rate_init': np.float64(0.001672269700618367)}"
MLP,Neural,pairwise,9,0.38223842721586776,3974,1080,4,42,"{'clf__alpha': np.float64(0.004467752817973905), 'clf__hidden_layer_sizes': (128,), 'clf__learning_rate_init': np.float64(0.0007084541505250223)}"
MLP,Neural,hypergraph,9,0.4036931875756145,3974,1080,8,42,"{'clf__alpha': np.float64(3.077180271250682e-05), 'clf__hidden_layer_sizes': (64,), 'clf__learning_rate_init': np.float64(0.00463863097239728)}"
MLP,Neural,hb_graph,9,0.3186583556065501,3974,1080,14,42,"{'clf__alpha': np.float64(5.415244119402538e-05), 'clf__hidden_layer_sizes': (128, 64), 'clf__learning_rate_init': np.float64(0.001672269700618367)}"
MLP,Neural,pairwise,10,0.4121668978562927,3897,1157,4,42,"{'clf__alpha': np.float64(0.07852755494724252), 'clf__hidden_layer_sizes': (64, 32), 'clf__learning_rate_init': np.float64(0.0008168455894760156)}"
MLP,Neural,hypergraph,10,0.39778372006124396,3897,1157,8,42,"{'clf__alpha': np.float64(4.936948694960461e-05), 'clf__hidden_layer_sizes': (64,), 'clf__learning_rate_init': np.float64(0.00032927591344236165)}"
MLP,Neural,hb_graph,10,0.2980336220426182,3897,1157,14,42,"{'clf__alpha': np.float64(5.415244119402538e-05), 'clf__hidden_layer_sizes': (128, 64), 'clf__learning_rate_init': np.float64(0.001672269700618367)}"
MLP,Neural,pairwise,11,0.43799964245239065,4005,1049,4,42,"{'clf__alpha': np.float64(8.386394780402559e-05), 'clf__hidden_layer_sizes': (128, 64), 'clf__learning_rate_init': np.float64(0.0007591104805282694)}"
MLP,Neural,hypergraph,11,0.3806364007966192,4005,1049,8,42,"{'clf__alpha': np.float64(0.07852755494724252), 'clf__hidden_layer_sizes': (64, 32), 'clf__learning_rate_init': np.float64(0.0008168455894760156)}"
MLP,Neural,hb_graph,11,0.36651258310656215,4005,1049,14,42,"{'clf__alpha': np.float64(5.415244119402538e-05), 'clf__hidden_layer_sizes': (128, 64), 'clf__learning_rate_init': np.float64(0.001672269700618367)}"
MLP,Neural,pairwise,12,0.463674888535407,4099,955,4,42,"{'clf__alpha': np.float64(0.07852755494724252), 'clf__hidden_layer_sizes': (64, 32), 'clf__learning_rate_init': np.float64(0.0008168455894760156)}"
MLP,Neural,hypergraph,12,0.47520859209044114,4099,955,8,42,"{'clf__alpha': np.float64(8.386394780402559e-05), 'clf__hidden_layer_sizes': (128, 64), 'clf__learning_rate_init': np.float64(0.0007591104805282694)}"
MLP,Neural,hb_graph,12,0.4794265149620791,4099,955,14,42,"{'clf__alpha': np.float64(0.05678201970293124), 'clf__hidden_layer_sizes': (128,), 'clf__learning_rate_init': np.float64(0.0002310201887845291)}"
MLP,Neural,pairwise,13,0.3074927308182219,4061,993,4,42,"{'clf__alpha': np.float64(0.013826232179369865), 'clf__hidden_layer_sizes': (64, 32), 'clf__learning_rate_init': np.float64(0.0005820013372709848)}"
MLP,Neural,hypergraph,13,0.2846384413704835,4061,993,8,42,"{'clf__alpha': np.float64(5.415244119402538e-05), 'clf__hidden_layer_sizes': (128, 64), 'clf__learning_rate_init': np.float64(0.001672269700618367)}"
MLP,Neural,hb_graph,13,0.2692043021074116,4061,993,14,42,"{'clf__alpha': np.float64(6.788387912421223e-05), 'clf__hidden_layer_sizes': (128, 64), 'clf__learning_rate_init': np.float64(0.0002342658105820402)}"
MLP,Neural,pairwise,14,0.6551399562651562,4047,1007,4,42,"{'clf__alpha': np.float64(1.1299516083106613e-05), 'clf__hidden_layer_sizes': (64,), 'clf__learning_rate_init': np.float64(0.00853618986286683)}"
MLP,Neural,hypergraph,14,0.6747331343854098,4047,1007,8,42,"{'clf__alpha': np.float64(8.386394780402559e-05), 'clf__hidden_layer_sizes': (128, 64), 'clf__learning_rate_init': np.float64(0.0007591104805282694)}"
MLP,Neural,hb_graph,14,0.6711709197023089,4047,1007,14,42,"{'clf__alpha': np.float64(8.386394780402559e-05), 'clf__hidden_layer_sizes': (128, 64), 'clf__learning_rate_init': np.float64(0.0007591104805282694)}"
MLP,Neural,pairwise,15,0.5464493535516797,4015,1039,4,42,"{'clf__alpha': np.float64(1.1299516083106613e-05), 'clf__hidden_layer_sizes': (64,), 'clf__learning_rate_init': np.float64(0.00853618986286683)}"
MLP,Neural,hypergraph,15,0.6049560084760526,4015,1039,8,42,"{'clf__alpha': np.float64(1.1299516083106613e-05), 'clf__hidden_layer_sizes': (64,), 'clf__learning_rate_init': np.float64(0.00853618986286683)}"
MLP,Neural,hb_graph,15,0.5430906924633685,4015,1039,14,42,"{'clf__alpha': np.float64(6.788387912421223e-05), 'clf__hidden_layer_sizes': (128, 64), 'clf__learning_rate_init': np.float64(0.0002342658105820402)}"
MLP,Neural,pairwise,16,0.5190621290754577,3891,1163,4,42,"{'clf__alpha': np.float64(0.00021618942406574428), 'clf__hidden_layer_sizes': (128, 64), 'clf__learning_rate_init': np.float64(0.0026070247583707662)}"
MLP,Neural,hypergraph,16,0.5982341893891034,3891,1163,8,42,"{'clf__alpha': np.float64(5.415244119402538e-05), 'clf__hidden_layer_sizes': (128, 64), 'clf__learning_rate_init': np.float64(0.001672269700618367)}"
MLP,Neural,hb_graph,16,0.545706225624345,3891,1163,14,42,"{'clf__alpha': np.float64(0.07852755494724252), 'clf__hidden_layer_sizes': (64, 32), 'clf__learning_rate_init': np.float64(0.0008168455894760156)}"
MLP,Neural,pairwise,17,0.519780656465631,4061,993,4,42,"{'clf__alpha': np.float64(0.00021618942406574428), 'clf__hidden_layer_sizes': (128, 64), 'clf__learning_rate_init': np.float64(0.0026070247583707662)}"
MLP,Neural,hypergraph,17,0.5582970584727709,4061,993,8,42,"{'clf__alpha': np.float64(4.936948694960461e-05), 'clf__hidden_layer_sizes': (64,), 'clf__learning_rate_init': np.float64(0.00032927591344236165)}"
MLP,Neural,hb_graph,17,0.5419607658240395,4061,993,14,42,"{'clf__alpha': np.float64(6.788387912421223e-05), 'clf__hidden_layer_sizes': (128, 64), 'clf__learning_rate_init': np.float64(0.0002342658105820402)}"
MLP,Neural,pairwise,18,0.46423028411168343,4033,1021,4,42,"{'clf__alpha': np.float64(5.415244119402538e-05), 'clf__hidden_layer_sizes': (128, 64), 'clf__learning_rate_init': np.float64(0.001672269700618367)}"
MLP,Neural,hypergraph,18,0.48435863199548085,4033,1021,8,42,"{'clf__alpha': np.float64(8.386394780402559e-05), 'clf__hidden_layer_sizes': (128, 64), 'clf__learning_rate_init': np.float64(0.0007591104805282694)}"
MLP,Neural,hb_graph,18,0.47348394934563703,4033,1021,14,42,"{'clf__alpha': np.float64(0.013826232179369865), 'clf__hidden_layer_sizes': (64, 32), 'clf__learning_rate_init': np.float64(0.0005820013372709848)}"
MLP,Neural,pairwise,19,0.6301129690733154,3871,1183,4,42,"{'clf__alpha': np.float64(1.1299516083106613e-05), 'clf__hidden_layer_sizes': (64,), 'clf__learning_rate_init': np.float64(0.00853618986286683)}"
MLP,Neural,hypergraph,19,0.6119873751580177,3871,1183,8,42,"{'clf__alpha': np.float64(8.386394780402559e-05), 'clf__hidden_layer_sizes': (128, 64), 'clf__learning_rate_init': np.float64(0.0007591104805282694)}"
MLP,Neural,hb_graph,19,0.4959671279766241,3871,1183,14,42,"{'clf__alpha': np.float64(0.0028016351587162596), 'clf__hidden_layer_sizes': (128,), 'clf__learning_rate_init': np.float64(0.00012397420340784127)}"
MLP,Neural,pairwise,20,0.634557922076439,4014,1040,4,42,"{'clf__alpha': np.float64(8.386394780402559e-05), 'clf__hidden_layer_sizes': (128, 64), 'clf__learning_rate_init': np.float64(0.0007591104805282694)}"
MLP,Neural,hypergraph,20,0.6894206759665414,4014,1040,8,42,"{'clf__alpha': np.float64(3.077180271250682e-05), 'clf__hidden_layer_sizes': (64,), 'clf__learning_rate_init': np.float64(0.00463863097239728)}"
MLP,Neural,hb_graph,20,0.6721783166025233,4014,1040,14,42,"{'clf__alpha': np.float64(6.788387912421223e-05), 'clf__hidden_layer_sizes': (128, 64), 'clf__learning_rate_init': np.float64(0.0002342658105820402)}"
MLP,Neural,pairwise,21,0.46100549242898076,4043,1011,4,42,"{'clf__alpha': np.float64(1.2087541473056957e-05), 'clf__hidden_layer_sizes': (128,), 'clf__learning_rate_init': np.float64(0.0027796975515266818)}"
MLP,Neural,hypergraph,21,0.5420948443107787,4043,1011,8,42,"{'clf__alpha': np.float64(0.0026926469100861782), 'clf__hidden_layer_sizes': (64,), 'clf__learning_rate_init': np.float64(0.000796156607806294)}"
MLP,Neural,hb_graph,21,0.5062168707256401,4043,1011,14,42,"{'clf__alpha': np.float64(8.386394780402559e-05), 'clf__hidden_layer_sizes': (128, 64), 'clf__learning_rate_init': np.float64(0.0007591104805282694)}"
MLP,Neural,pairwise,22,0.3694970675688283,4097,957,4,42,"{'clf__alpha': np.float64(1.1299516083106613e-05), 'clf__hidden_layer_sizes': (64,), 'clf__learning_rate_init': np.float64(0.00853618986286683)}"
MLP,Neural,hypergraph,22,0.4171246818838222,4097,957,8,42,"{'clf__alpha': np.float64(1.2087541473056957e-05), 'clf__hidden_layer_sizes': (128,), 'clf__learning_rate_init': np.float64(0.0027796975515266818)}"
MLP,Neural,hb_graph,22,0.37155615273751297,4097,957,14,42,"{'clf__alpha': np.float64(0.07852755494724252), 'clf__hidden_layer_sizes': (64, 32), 'clf__learning_rate_init': np.float64(0.0008168455894760156)}"
MLP,Neural,pairwise,23,0.38586865756443833,4024,1030,4,42,"{'clf__alpha': np.float64(1.2087541473056957e-05), 'clf__hidden_layer_sizes': (128,), 'clf__learning_rate_init': np.float64(0.0027796975515266818)}"
MLP,Neural,hypergraph,23,0.4275552746385684,4024,1030,8,42,"{'clf__alpha': np.float64(4.936948694960461e-05), 'clf__hidden_layer_sizes': (64,), 'clf__learning_rate_init': np.float64(0.00032927591344236165)}"
MLP,Neural,hb_graph,23,0.4123218921588928,4024,1030,14,42,"{'clf__alpha': np.float64(6.788387912421223e-05), 'clf__hidden_layer_sizes': (128, 64), 'clf__learning_rate_init': np.float64(0.0002342658105820402)}"
MLP,Neural,pairwise,24,0.5743210093206509,3996,1058,4,42,"{'clf__alpha': np.float64(5.415244119402538e-05), 'clf__hidden_layer_sizes': (128, 64), 'clf__learning_rate_init': np.float64(0.001672269700618367)}"
MLP,Neural,hypergraph,24,0.6113093130213026,3996,1058,8,42,"{'clf__alpha': np.float64(6.788387912421223e-05), 'clf__hidden_layer_sizes': (128, 64), 'clf__learning_rate_init': np.float64(0.0002342658105820402)}"
MLP,Neural,hb_graph,24,0.6025114884790326,3996,1058,14,42,"{'clf__alpha': np.float64(6.788387912421223e-05), 'clf__hidden_layer_sizes': (128, 64), 'clf__learning_rate_init': np.float64(0.0002342658105820402)}"
MLP,Neural,pairwise,25,0.3439969657854368,4020,1034,4,42,"{'clf__alpha': np.float64(1.1299516083106613e-05), 'clf__hidden_layer_sizes': (64,), 'clf__learning_rate_init': np.float64(0.00853618986286683)}"
MLP,Neural,hypergraph,25,0.36117063964343477,4020,1034,8,42,"{'clf__alpha': np.float64(6.788387912421223e-05), 'clf__hidden_layer_sizes': (128, 64), 'clf__learning_rate_init': np.float64(0.0002342658105820402)}"
MLP,Neural,hb_graph,25,0.3268207941553078,4020,1034,14,42,"{'clf__alpha': np.float64(0.0026926469100861782), 'clf__hidden_layer_sizes': (64,), 'clf__learning_rate_init': np.float64(0.000796156607806294)}"
MLP,Neural,pairwise,26,0.6239668432853238,4000,1054,4,42,"{'clf__alpha': np.float64(0.00021618942406574428), 'clf__hidden_layer_sizes': (128, 64), 'clf__learning_rate_init': np.float64(0.0026070247583707662)}"
MLP,Neural,hypergraph,26,0.7070526801479768,4000,1054,8,42,"{'clf__alpha': np.float64(6.788387912421223e-05), 'clf__hidden_layer_sizes': (128, 64), 'clf__learning_rate_init': np.float64(0.0002342658105820402)}"
MLP,Neural,hb_graph,26,0.6705350670652401,4000,1054,14,42,"{'clf__alpha': np.float64(4.207053950287933e-05), 'clf__hidden_layer_sizes': (64, 32), 'clf__learning_rate_init': np.float64(0.0008288916866885138)}"
MLP,Neural,pairwise,27,0.42720745648909314,4098,956,4,42,"{'clf__alpha': np.float64(4.207053950287933e-05), 'clf__hidden_layer_sizes': (64, 32), 'clf__learning_rate_init': np.float64(0.0008288916866885138)}"
MLP,Neural,hypergraph,27,0.5060683842028789,4098,956,8,42,"{'clf__alpha': np.float64(4.936948694960461e-05), 'clf__hidden_layer_sizes': (64,), 'clf__learning_rate_init': np.float64(0.00032927591344236165)}"
MLP,Neural,hb_graph,27,0.48756800495535635,4098,956,14,42,"{'clf__alpha': np.float64(6.788387912421223e-05), 'clf__hidden_layer_sizes': (128, 64), 'clf__learning_rate_init': np.float64(0.0002342658105820402)}"
MLP,Neural,pairwise,28,0.4232551450241109,4016,1038,4,42,"{'clf__alpha': np.float64(8.386394780402559e-05), 'clf__hidden_layer_sizes': (128, 64), 'clf__learning_rate_init': np.float64(0.0007591104805282694)}"
MLP,Neural,hypergraph,28,0.3516550953418506,4016,1038,8,42,"{'clf__alpha': np.float64(0.00021618942406574428), 'clf__hidden_layer_sizes': (128, 64), 'clf__learning_rate_init': np.float64(0.0026070247583707662)}"
MLP,Neural,hb_graph,28,0.3769750048670115,4016,1038,14,42,"{'clf__alpha': np.float64(6.788387912421223e-05), 'clf__hidden_layer_sizes': (128, 64), 'clf__learning_rate_init': np.float64(0.0002342658105820402)}"
MLP,Neural,pairwise,29,0.5135666858401705,3979,1075,4,42,"{'clf__alpha': np.float64(0.00021618942406574428), 'clf__hidden_layer_sizes': (128, 64), 'clf__learning_rate_init': np.float64(0.0026070247583707662)}"
MLP,Neural,hypergraph,29,0.5612669587431582,3979,1075,8,42,"{'clf__alpha': np.float64(1.1299516083106613e-05), 'clf__hidden_layer_sizes': (64,), 'clf__learning_rate_init': np.float64(0.00853618986286683)}"
MLP,Neural,hb_graph,29,0.4526762902507492,3979,1075,14,42,"{'clf__alpha': np.float64(6.788387912421223e-05), 'clf__hidden_layer_sizes': (128, 64), 'clf__learning_rate_init': np.float64(0.0002342658105820402)}"
MLP,Neural,pairwise,30,0.381123770934794,3920,1134,4,42,"{'clf__alpha': np.float64(5.415244119402538e-05), 'clf__hidden_layer_sizes': (128, 64), 'clf__learning_rate_init': np.float64(0.001672269700618367)}"
MLP,Neural,hypergraph,30,0.39389031234091043,3920,1134,8,42,"{'clf__alpha': np.float64(0.004467752817973905), 'clf__hidden_layer_sizes': (128,), 'clf__learning_rate_init': np.float64(0.0007084541505250223)}"
MLP,Neural,hb_graph,30,0.3670563625941373,3920,1134,14,42,"{'clf__alpha': np.float64(1.1299516083106613e-05), 'clf__hidden_layer_sizes': (64,), 'clf__learning_rate_init': np.float64(0.00853618986286683)}"
MLP,Neural,pairwise,31,0.45164565415523056,4082,972,4,42,"{'clf__alpha': np.float64(5.415244119402538e-05), 'clf__hidden_layer_sizes': (128, 64), 'clf__learning_rate_init': np.float64(0.001672269700618367)}"
MLP,Neural,hypergraph,31,0.5071213621777997,4082,972,8,42,"{'clf__alpha': np.float64(6.788387912421223e-05), 'clf__hidden_layer_sizes': (128, 64), 'clf__learning_rate_init': np.float64(0.0002342658105820402)}"
MLP,Neural,hb_graph,31,0.4575796848435134,4082,972,14,42,"{'clf__alpha': np.float64(6.788387912421223e-05), 'clf__hidden_layer_sizes': (128, 64), 'clf__learning_rate_init': np.float64(0.0002342658105820402)}"
MLP,Neural,pairwise,32,0.4480157113185606,3952,1102,4,42,"{'clf__alpha': np.float64(5.415244119402538e-05), 'clf__hidden_layer_sizes': (128, 64), 'clf__learning_rate_init': np.float64(0.001672269700618367)}"
MLP,Neural,hypergraph,32,0.4665845801606555,3952,1102,8,42,"{'clf__alpha': np.float64(1.1299516083106613e-05), 'clf__hidden_layer_sizes': (64,), 'clf__learning_rate_init': np.float64(0.00853618986286683)}"
MLP,Neural,hb_graph,32,0.4285817504272995,3952,1102,14,42,"{'clf__alpha': np.float64(5.415244119402538e-05), 'clf__hidden_layer_sizes': (128, 64), 'clf__learning_rate_init': np.float64(0.001672269700618367)}"
MLP,Neural,pairwise,33,0.299106036877772,4002,1052,4,42,"{'clf__alpha': np.float64(0.00021618942406574428), 'clf__hidden_layer_sizes': (128, 64), 'clf__learning_rate_init': np.float64(0.0026070247583707662)}"
MLP,Neural,hypergraph,33,0.3498598711746238,4002,1052,8,42,"{'clf__alpha': np.float64(8.386394780402559e-05), 'clf__hidden_layer_sizes': (128, 64), 'clf__learning_rate_init': np.float64(0.0007591104805282694)}"
MLP,Neural,hb_graph,33,0.28147517929109667,4002,1052,14,42,"{'clf__alpha': np.float64(0.013826232179369865), 'clf__hidden_layer_sizes': (64, 32), 'clf__learning_rate_init': np.float64(0.0005820013372709848)}"
MLP,Neural,pairwise,34,0.46644905903320927,4073,981,4,42,"{'clf__alpha': np.float64(0.013826232179369865), 'clf__hidden_layer_sizes': (64, 32), 'clf__learning_rate_init': np.float64(0.0005820013372709848)}"
MLP,Neural,hypergraph,34,0.5046628860020205,4073,981,8,42,"{'clf__alpha': np.float64(0.00031489116479568613), 'clf__hidden_layer_sizes': (64,), 'clf__learning_rate_init': np.float64(0.0002327392228062868)}"
MLP,Neural,hb_graph,34,0.47348615419342543,4073,981,14,42,"{'clf__alpha': np.float64(0.013826232179369865), 'clf__hidden_layer_sizes': (64, 32), 'clf__learning_rate_init': np.float64(0.0005820013372709848)}"
MLP,Neural,pairwise,35,0.5290484499485903,3929,1125,4,42,"{'clf__alpha': np.float64(3.077180271250682e-05), 'clf__hidden_layer_sizes': (64,), 'clf__learning_rate_init': np.float64(0.00463863097239728)}"
MLP,Neural,hypergraph,35,0.5670059256878915,3929,1125,8,42,"{'clf__alpha': np.float64(8.386394780402559e-05), 'clf__hidden_layer_sizes': (128, 64), 'clf__learning_rate_init': np.float64(0.0007591104805282694)}"
MLP,Neural,hb_graph,35,0.530530104754685,3929,1125,14,42,"{'clf__alpha': np.float64(6.788387912421223e-05), 'clf__hidden_layer_sizes': (128, 64), 'clf__learning_rate_init': np.float64(0.0002342658105820402)}"
MLP,Neural,pairwise,36,0.32564639470310114,3981,1073,4,42,"{'clf__alpha': np.float64(0.00021618942406574428), 'clf__hidden_layer_sizes': (128, 64), 'clf__learning_rate_init': np.float64(0.0026070247583707662)}"
MLP,Neural,hypergraph,36,0.36541417611607,3981,1073,8,42,"{'clf__alpha': np.float64(1.1299516083106613e-05), 'clf__hidden_layer_sizes': (64,), 'clf__learning_rate_init': np.float64(0.00853618986286683)}"
MLP,Neural,hb_graph,36,0.33708409772111203,3981,1073,14,42,"{'clf__alpha': np.float64(4.207053950287933e-05), 'clf__hidden_layer_sizes': (64, 32), 'clf__learning_rate_init': np.float64(0.0008288916866885138)}"
MLP,Neural,pairwise,37,0.4685028152649307,4054,1000,4,42,"{'clf__alpha': np.float64(5.415244119402538e-05), 'clf__hidden_layer_sizes': (128, 64), 'clf__learning_rate_init': np.float64(0.001672269700618367)}"
MLP,Neural,hypergraph,37,0.5227278066103034,4054,1000,8,42,"{'clf__alpha': np.float64(0.0026926469100861782), 'clf__hidden_layer_sizes': (64,), 'clf__learning_rate_init': np.float64(0.000796156607806294)}"
MLP,Neural,hb_graph,37,0.4965224348899258,4054,1000,14,42,"{'clf__alpha': np.float64(6.788387912421223e-05), 'clf__hidden_layer_sizes': (128, 64), 'clf__learning_rate_init': np.float64(0.0002342658105820402)}"
MLP,Neural,pairwise,38,0.4925599164760585,3976,1078,4,42,"{'clf__alpha': np.float64(1.2087541473056957e-05), 'clf__hidden_layer_sizes': (128,), 'clf__learning_rate_init': np.float64(0.0027796975515266818)}"
MLP,Neural,hypergraph,38,0.5278002166357058,3976,1078,8,42,"{'clf__alpha': np.float64(8.386394780402559e-05), 'clf__hidden_layer_sizes': (128, 64), 'clf__learning_rate_init': np.float64(0.0007591104805282694)}"
MLP,Neural,hb_graph,38,0.48483614419263743,3976,1078,14,42,"{'clf__alpha': np.float64(6.788387912421223e-05), 'clf__hidden_layer_sizes': (128, 64), 'clf__learning_rate_init': np.float64(0.0002342658105820402)}"
MLP,Neural,pairwise,39,0.324605601095831,4068,986,4,42,"{'clf__alpha': np.float64(8.386394780402559e-05), 'clf__hidden_layer_sizes': (128, 64), 'clf__learning_rate_init': np.float64(0.0007591104805282694)}"
MLP,Neural,hypergraph,39,0.3876965027035904,4068,986,8,42,"{'clf__alpha': np.float64(8.386394780402559e-05), 'clf__hidden_layer_sizes': (128, 64), 'clf__learning_rate_init': np.float64(0.0007591104805282694)}"
MLP,Neural,hb_graph,39,0.3722157389183697,4068,986,14,42,"{'clf__alpha': np.float64(6.788387912421223e-05), 'clf__hidden_layer_sizes': (128, 64), 'clf__learning_rate_init': np.float64(0.0002342658105820402)}"
MLP,Neural,pairwise,40,0.46791314592907696,4081,973,4,42,"{'clf__alpha': np.float64(5.415244119402538e-05), 'clf__hidden_layer_sizes': (128, 64), 'clf__learning_rate_init': np.float64(0.001672269700618367)}"
MLP,Neural,hypergraph,40,0.5854566857907969,4081,973,8,42,"{'clf__alpha': np.float64(5.415244119402538e-05), 'clf__hidden_layer_sizes': (128, 64), 'clf__learning_rate_init': np.float64(0.001672269700618367)}"
MLP,Neural,hb_graph,40,0.5294655955388657,4081,973,14,42,"{'clf__alpha': np.float64(5.415244119402538e-05), 'clf__hidden_layer_sizes': (128, 64), 'clf__learning_rate_init': np.float64(0.001672269700618367)}"
MLP,Neural,pairwise,41,0.43788097821275407,4103,951,4,42,"{'clf__alpha': np.float64(5.415244119402538e-05), 'clf__hidden_layer_sizes': (128, 64), 'clf__learning_rate_init': np.float64(0.001672269700618367)}"
MLP,Neural,hypergraph,41,0.4442407625126359,4103,951,8,42,"{'clf__alpha': np.float64(1.067247683632372e-05), 'clf__hidden_layer_sizes': (64,), 'clf__learning_rate_init': np.float64(0.00038234752246751815)}"
MLP,Neural,hb_graph,41,0.42551316699517217,4103,951,14,42,"{'clf__alpha': np.float64(6.788387912421223e-05), 'clf__hidden_layer_sizes': (128, 64), 'clf__learning_rate_init': np.float64(0.0002342658105820402)}"
MLP,Neural,pairwise,42,0.3340250202244387,4055,999,4,42,"{'clf__alpha': np.float64(1.2087541473056957e-05), 'clf__hidden_layer_sizes': (128,), 'clf__learning_rate_init': np.float64(0.0027796975515266818)}"
MLP,Neural,hypergraph,42,0.3444766912051441,4055,999,8,42,"{'clf__alpha': np.float64(5.415244119402538e-05), 'clf__hidden_layer_sizes': (128, 64), 'clf__learning_rate_init': np.float64(0.001672269700618367)}"
MLP,Neural,hb_graph,42,0.31175241318675606,4055,999,14,42,"{'clf__alpha': np.float64(0.0028016351587162596), 'clf__hidden_layer_sizes': (128,), 'clf__learning_rate_init': np.float64(0.00012397420340784127)}"
MLP,Neural,pairwise,43,0.6341897331433961,4064,990,4,42,"{'clf__alpha': np.float64(3.077180271250682e-05), 'clf__hidden_layer_sizes': (64,), 'clf__learning_rate_init': np.float64(0.00463863097239728)}"
MLP,Neural,hypergraph,43,0.643380167748085,4064,990,8,42,"{'clf__alpha': np.float64(0.07852755494724252), 'clf__hidden_layer_sizes': (64, 32), 'clf__learning_rate_init': np.float64(0.0008168455894760156)}"
MLP,Neural,hb_graph,43,0.6620908551332608,4064,990,14,42,"{'clf__alpha': np.float64(8.386394780402559e-05), 'clf__hidden_layer_sizes': (128, 64), 'clf__learning_rate_init': np.float64(0.0007591104805282694)}"
MLP,Neural,pairwise,44,0.45551707755605336,4010,1044,4,42,"{'clf__alpha': np.float64(8.386394780402559e-05), 'clf__hidden_layer_sizes': (128, 64), 'clf__learning_rate_init': np.float64(0.0007591104805282694)}"
MLP,Neural,hypergraph,44,0.47941663257798767,4010,1044,8,42,"{'clf__alpha': np.float64(8.386394780402559e-05), 'clf__hidden_layer_sizes': (128, 64), 'clf__learning_rate_init': np.float64(0.0007591104805282694)}"
MLP,Neural,hb_graph,44,0.41975823056034284,4010,1044,14,42,"{'clf__alpha': np.float64(0.004467752817973905), 'clf__hidden_layer_sizes': (128,), 'clf__learning_rate_init': np.float64(0.0007084541505250223)}"
MLP,Neural,pairwise,45,0.4285114164753665,4049,1005,4,42,"{'clf__alpha': np.float64(3.077180271250682e-05), 'clf__hidden_layer_sizes': (64,), 'clf__learning_rate_init': np.float64(0.00463863097239728)}"
MLP,Neural,hypergraph,45,0.46278796925650845,4049,1005,8,42,"{'clf__alpha': np.float64(5.415244119402538e-05), 'clf__hidden_layer_sizes': (128, 64), 'clf__learning_rate_init': np.float64(0.001672269700618367)}"
MLP,Neural,hb_graph,45,0.46193478177219227,4049,1005,14,42,"{'clf__alpha': np.float64(8.386394780402559e-05), 'clf__hidden_layer_sizes': (128, 64), 'clf__learning_rate_init': np.float64(0.0007591104805282694)}"
MLP,Neural,pairwise,46,0.46197322485477965,4077,977,4,42,"{'clf__alpha': np.float64(0.07852755494724252), 'clf__hidden_layer_sizes': (64, 32), 'clf__learning_rate_init': np.float64(0.0008168455894760156)}"
MLP,Neural,hypergraph,46,0.5193518904136774,4077,977,8,42,"{'clf__alpha': np.float64(0.00031489116479568613), 'clf__hidden_layer_sizes': (64,), 'clf__learning_rate_init': np.float64(0.0002327392228062868)}"
MLP,Neural,hb_graph,46,0.49147718626902154,4077,977,14,42,"{'clf__alpha': np.float64(0.07852755494724252), 'clf__hidden_layer_sizes': (64, 32), 'clf__learning_rate_init': np.float64(0.0008168455894760156)}"
MLP,Neural,pairwise,47,0.4195684867400132,4045,1009,4,42,"{'clf__alpha': np.float64(1.1299516083106613e-05), 'clf__hidden_layer_sizes': (64,), 'clf__learning_rate_init': np.float64(0.00853618986286683)}"
MLP,Neural,hypergraph,47,0.43319227361201496,4045,1009,8,42,"{'clf__alpha': np.float64(4.936948694960461e-05), 'clf__hidden_layer_sizes': (64,), 'clf__learning_rate_init': np.float64(0.00032927591344236165)}"
MLP,Neural,hb_graph,47,0.388507222498425,4045,1009,14,42,"{'clf__alpha': np.float64(6.788387912421223e-05), 'clf__hidden_layer_sizes': (128, 64), 'clf__learning_rate_init': np.float64(0.0002342658105820402)}"
MLP,Neural,pairwise,48,0.4539455652943147,3963,1091,4,42,"{'clf__alpha': np.float64(0.013826232179369865), 'clf__hidden_layer_sizes': (64, 32), 'clf__learning_rate_init': np.float64(0.0005820013372709848)}"
MLP,Neural,hypergraph,48,0.47931637692278506,3963,1091,8,42,"{'clf__alpha': np.float64(8.386394780402559e-05), 'clf__hidden_layer_sizes': (128, 64), 'clf__learning_rate_init': np.float64(0.0007591104805282694)}"
MLP,Neural,hb_graph,48,0.40079597865432454,3963,1091,14,42,"{'clf__alpha': np.float64(6.788387912421223e-05), 'clf__hidden_layer_sizes': (128, 64), 'clf__learning_rate_init': np.float64(0.0002342658105820402)}"
MLP,Neural,pairwise,49,0.3865231278786984,4104,950,4,42,"{'clf__alpha': np.float64(5.415244119402538e-05), 'clf__hidden_layer_sizes': (128, 64), 'clf__learning_rate_init': np.float64(0.001672269700618367)}"
MLP,Neural,hypergraph,49,0.41588490195604777,4104,950,8,42,"{'clf__alpha': np.float64(0.0026926469100861782), 'clf__hidden_layer_sizes': (64,), 'clf__learning_rate_init': np.float64(0.000796156607806294)}"
MLP,Neural,hb_graph,49,0.35603862499022393,4104,950,14,42,"{'clf__alpha': np.float64(8.386394780402559e-05), 'clf__hidden_layer_sizes': (128, 64), 'clf__learning_rate_init': np.float64(0.0007591104805282694)}"
MLP,Neural,pairwise,50,0.5421674293448446,3992,1062,4,42,"{'clf__alpha': np.float64(5.415244119402538e-05), 'clf__hidden_layer_sizes': (128, 64), 'clf__learning_rate_init': np.float64(0.001672269700618367)}"
MLP,Neural,hypergraph,50,0.5316660141778257,3992,1062,8,42,"{'clf__alpha': np.float64(0.00021618942406574428), 'clf__hidden_layer_sizes': (128, 64), 'clf__learning_rate_init': np.float64(0.0026070247583707662)}"
MLP,Neural,hb_graph,50,0.519029010780717,3992,1062,14,42,"{'clf__alpha': np.float64(6.788387912421223e-05), 'clf__hidden_layer_sizes': (128, 64), 'clf__learning_rate_init': np.float64(0.0002342658105820402)}"
RandomForest,Bagged trees,pairwise,1,0.4440399659857091,4108,946,4,42,"{'max_depth': 5, 'min_samples_split': 2, 'n_estimators': 80}"
RandomForest,Bagged trees,hypergraph,1,0.44706309901875557,4108,946,8,42,"{'max_depth': 5, 'min_samples_split': 10, 'n_estimators': 80}"
RandomForest,Bagged trees,hb_graph,1,0.4362723167969776,4108,946,14,42,"{'max_depth': 5, 'min_samples_split': 10, 'n_estimators': 80}"
RandomForest,Bagged trees,pairwise,2,0.33785266203004255,4088,966,4,42,"{'max_depth': 5, 'min_samples_split': 10, 'n_estimators': 80}"
RandomForest,Bagged trees,hypergraph,2,0.3943543171925817,4088,966,8,42,"{'max_depth': 5, 'min_samples_split': 2, 'n_estimators': 100}"
RandomForest,Bagged trees,hb_graph,2,0.3901804119052249,4088,966,14,42,"{'max_depth': 5, 'min_samples_split': 2, 'n_estimators': 100}"
RandomForest,Bagged trees,pairwise,3,0.4735635870893519,3875,1179,4,42,"{'max_depth': 5, 'min_samples_split': 5, 'n_estimators': 200}"
RandomForest,Bagged trees,hypergraph,3,0.5330246982729347,3875,1179,8,42,"{'max_depth': 5, 'min_samples_split': 10, 'n_estimators': 200}"
RandomForest,Bagged trees,hb_graph,3,0.4971922951128266,3875,1179,14,42,"{'max_depth': 5, 'min_samples_split': 10, 'n_estimators': 200}"
RandomForest,Bagged trees,pairwise,4,0.5386785940169208,4070,984,4,42,"{'max_depth': 5, 'min_samples_split': 5, 'n_estimators': 100}"
RandomForest,Bagged trees,hypergraph,4,0.5908405328920573,4070,984,8,42,"{'max_depth': 5, 'min_samples_split': 10, 'n_estimators': 100}"
RandomForest,Bagged trees,hb_graph,4,0.5903674645601488,4070,984,14,42,"{'max_depth': 5, 'min_samples_split': 10, 'n_estimators': 200}"
RandomForest,Bagged trees,pairwise,5,0.5532134883673607,4056,998,4,42,"{'max_depth': 5, 'min_samples_split': 10, 'n_estimators': 100}"
RandomForest,Bagged trees,hypergraph,5,0.5839485935473969,4056,998,8,42,"{'max_depth': 5, 'min_samples_split': 10, 'n_estimators': 80}"
RandomForest,Bagged trees,hb_graph,5,0.5770394175373593,4056,998,14,42,"{'max_depth': 5, 'min_samples_split': 5, 'n_estimators': 100}"
RandomForest,Bagged trees,pairwise,6,0.43030990624743093,4052,1002,4,42,"{'max_depth': 5, 'min_samples_split': 10, 'n_estimators': 100}"
RandomForest,Bagged trees,hypergraph,6,0.44470642920866454,4052,1002,8,42,"{'max_depth': 5, 'min_samples_split': 10, 'n_estimators': 200}"
RandomForest,Bagged trees,hb_graph,6,0.44631486759102207,4052,1002,14,42,"{'max_depth': 5, 'min_samples_split': 10, 'n_estimators': 200}"
RandomForest,Bagged trees,pairwise,7,0.4884779045098744,4091,963,4,42,"{'max_depth': 5, 'min_samples_split': 10, 'n_estimators': 200}"
RandomForest,Bagged trees,hypergraph,7,0.5140516906127648,4091,963,8,42,"{'max_depth': 5, 'min_samples_split': 2, 'n_estimators': 200}"
RandomForest,Bagged trees,hb_graph,7,0.5087223600513336,4091,963,14,42,"{'max_depth': 5, 'min_samples_split': 5, 'n_estimators': 200}"
RandomForest,Bagged trees,pairwise,8,0.4066358445662012,4090,964,4,42,"{'max_depth': 5, 'min_samples_split': 2, 'n_estimators': 200}"
RandomForest,Bagged trees,hypergraph,8,0.4631012215031,4090,964,8,42,"{'max_depth': 5, 'min_samples_split': 2, 'n_estimators': 100}"
RandomForest,Bagged trees,hb_graph,8,0.43568334619123344,4090,964,14,42,"{'max_depth': 5, 'min_samples_split': 10, 'n_estimators': 200}"
RandomForest,Bagged trees,pairwise,9,0.3809225087740051,3974,1080,4,42,"{'max_depth': 5, 'min_samples_split': 10, 'n_estimators': 100}"
RandomForest,Bagged trees,hypergraph,9,0.43916911316311713,3974,1080,8,42,"{'max_depth': 5, 'min_samples_split': 2, 'n_estimators': 80}"
RandomForest,Bagged trees,hb_graph,9,0.43136056345488,3974,1080,14,42,"{'max_depth': 5, 'min_samples_split': 10, 'n_estimators': 80}"
RandomForest,Bagged trees,pairwise,10,0.4235391802990779,3897,1157,4,42,"{'max_depth': 5, 'min_samples_split': 10, 'n_estimators': 80}"
RandomForest,Bagged trees,hypergraph,10,0.45331988115519983,3897,1157,8,42,"{'max_depth': 5, 'min_samples_split': 5, 'n_estimators': 200}"
RandomForest,Bagged trees,hb_graph,10,0.4622432368188029,3897,1157,14,42,"{'max_depth': 5, 'min_samples_split': 10, 'n_estimators': 80}"
RandomForest,Bagged trees,pairwise,11,0.45278788630755784,4005,1049,4,42,"{'max_depth': 5, 'min_samples_split': 5, 'n_estimators': 200}"
RandomForest,Bagged trees,hypergraph,11,0.5331698431685076,4005,1049,8,42,"{'max_depth': 5, 'min_samples_split': 10, 'n_estimators': 80}"
RandomForest,Bagged trees,hb_graph,11,0.50619555365938,4005,1049,14,42,"{'max_depth': 5, 'min_samples_split': 10, 'n_estimators': 200}"
RandomForest,Bagged trees,pairwise,12,0.463373229172696,4099,955,4,42,"{'max_depth': 5, 'min_samples_split': 10, 'n_estimators': 200}"
RandomForest,Bagged trees,hypergraph,12,0.528096597225125,4099,955,8,42,"{'max_depth': 5, 'min_samples_split': 5, 'n_estimators': 80}"
RandomForest,Bagged trees,hb_graph,12,0.5135623015991291,4099,955,14,42,"{'max_depth': 5, 'min_samples_split': 5, 'n_estimators': 80}"
RandomForest,Bagged trees,pairwise,13,0.345744529680863,4061,993,4,42,"{'max_depth': 5, 'min_samples_split': 10, 'n_estimators': 200}"
RandomForest,Bagged trees,hypergraph,13,0.3205579234808034,4061,993,8,42,"{'max_depth': 5, 'min_samples_split': 10, 'n_estimators': 200}"
RandomForest,Bagged trees,hb_graph,13,0.32479920764635495,4061,993,14,42,"{'max_depth': 5, 'min_samples_split': 10, 'n_estimators': 200}"
RandomForest,Bagged trees,pairwise,14,0.6498765076170396,4047,1007,4,42,"{'max_depth': 5, 'min_samples_split': 2, 'n_estimators': 200}"
RandomForest,Bagged trees,hypergraph,14,0.7101960509276068,4047,1007,8,42,"{'max_depth': 5, 'min_samples_split': 2, 'n_estimators': 200}"
RandomForest,Bagged trees,hb_graph,14,0.7031050620304504,4047,1007,14,42,"{'max_depth': 5, 'min_samples_split': 10, 'n_estimators': 80}"
RandomForest,Bagged trees,pairwise,15,0.5976012101663118,4015,1039,4,42,"{'max_depth': 5, 'min_samples_split': 10, 'n_estimators': 80}"
RandomForest,Bagged trees,hypergraph,15,0.6145884686757985,4015,1039,8,42,"{'max_depth': 5, 'min_samples_split': 2, 'n_estimators': 200}"
RandomForest,Bagged trees,hb_graph,15,0.6169248785272567,4015,1039,14,42,"{'max_depth': 5, 'min_samples_split': 10, 'n_estimators': 100}"
RandomForest,Bagged trees,pairwise,16,0.5269456937143596,3891,1163,4,42,"{'max_depth': 5, 'min_samples_split': 10, 'n_estimators': 100}"
RandomForest,Bagged trees,hypergraph,16,0.6550024907345431,3891,1163,8,42,"{'max_depth': 5, 'min_samples_split': 10, 'n_estimators': 80}"
RandomForest,Bagged trees,hb_graph,16,0.6334618508944605,3891,1163,14,42,"{'max_depth': 5, 'min_samples_split': 2, 'n_estimators': 100}"
RandomForest,Bagged trees,pairwise,17,0.5472538089909622,4061,993,4,42,"{'max_depth': 5, 'min_samples_split': 2, 'n_estimators': 200}"
RandomForest,Bagged trees,hypergraph,17,0.5675742294024573,4061,993,8,42,"{'max_depth': 5, 'min_samples_split': 10, 'n_estimators': 80}"
RandomForest,Bagged trees,hb_graph,17,0.567597086854315,4061,993,14,42,"{'max_depth': 5, 'min_samples_split': 5, 'n_estimators': 80}"
RandomForest,Bagged trees,pairwise,18,0.48411418402907047,4033,1021,4,42,"{'max_depth': 5, 'min_samples_split': 10, 'n_estimators': 200}"
RandomForest,Bagged trees,hypergraph,18,0.5164392851311542,4033,1021,8,42,"{'max_depth': 5, 'min_samples_split': 10, 'n_estimators': 200}"
RandomForest,Bagged trees,hb_graph,18,0.5103884930389054,4033,1021,14,42,"{'max_depth': 5, 'min_samples_split': 5, 'n_estimators': 200}"
RandomForest,Bagged trees,pairwise,19,0.5723814828474114,3871,1183,4,42,"{'max_depth': 5, 'min_samples_split': 10, 'n_estimators': 100}"
RandomForest,Bagged trees,hypergraph,19,0.6915199331724518,3871,1183,8,42,"{'max_depth': 5, 'min_samples_split': 10, 'n_estimators': 200}"
RandomForest,Bagged trees,hb_graph,19,0.6870037848933601,3871,1183,14,42,"{'max_depth': 5, 'min_samples_split': 10, 'n_estimators': 80}"
RandomForest,Bagged trees,pairwise,20,0.6225588378890422,4014,1040,4,42,"{'max_depth': 5, 'min_samples_split': 10, 'n_estimators': 100}"
RandomForest,Bagged trees,hypergraph,20,0.7232817562212289,4014,1040,8,42,"{'max_depth': 5, 'min_samples_split': 5, 'n_estimators': 200}"
RandomForest,Bagged trees,hb_graph,20,0.7245990759703309,4014,1040,14,42,"{'max_depth': 5, 'min_samples_split': 5, 'n_estimators': 100}"
RandomForest,Bagged trees,pairwise,21,0.49448458159648934,4043,1011,4,42,"{'max_depth': 5, 'min_samples_split': 5, 'n_estimators': 80}"
RandomForest,Bagged trees,hypergraph,21,0.5623841827786048,4043,1011,8,42,"{'max_depth': 5, 'min_samples_split': 10, 'n_estimators': 200}"
RandomForest,Bagged trees,hb_graph,21,0.5520364502100295,4043,1011,14,42,"{'max_depth': 5, 'min_samples_split': 5, 'n_estimators': 80}"
RandomForest,Bagged trees,pairwise,22,0.4259590702439253,4097,957,4,42,"{'max_depth': 5, 'min_samples_split': 10, 'n_estimators': 80}"
RandomForest,Bagged trees,hypergraph,22,0.44485156519186664,4097,957,8,42,"{'max_depth': 5, 'min_samples_split': 10, 'n_estimators': 200}"
RandomForest,Bagged trees,hb_graph,22,0.4560586969064285,4097,957,14,42,"{'max_depth': 5, 'min_samples_split': 2, 'n_estimators': 100}"
RandomForest,Bagged trees,pairwise,23,0.4420515628142026,4024,1030,4,42,"{'max_depth': 5, 'min_samples_split': 10, 'n_estimators': 200}"
RandomForest,Bagged trees,hypergraph,23,0.4633844624733363,4024,1030,8,42,"{'max_depth': 5, 'min_samples_split': 2, 'n_estimators': 200}"
RandomForest,Bagged trees,hb_graph,23,0.46346228888752256,4024,1030,14,42,"{'max_depth': 5, 'min_samples_split': 10, 'n_estimators': 200}"
RandomForest,Bagged trees,pairwise,24,0.6209019635728721,3996,1058,4,42,"{'max_depth': 5, 'min_samples_split': 10, 'n_estimators': 80}"
RandomForest,Bagged trees,hypergraph,24,0.6260613109493478,3996,1058,8,42,"{'max_depth': 5, 'min_samples_split': 10, 'n_estimators': 200}"
RandomForest,Bagged trees,hb_graph,24,0.6285763151254001,3996,1058,14,42,"{'max_depth': 5, 'min_samples_split': 10, 'n_estimators': 200}"
RandomForest,Bagged trees,pairwise,25,0.37566351420677546,4020,1034,4,42,"{'max_depth': 5, 'min_samples_split': 5, 'n_estimators': 200}"
RandomForest,Bagged trees,hypergraph,25,0.45952823747121413,4020,1034,8,42,"{'max_depth': 5, 'min_samples_split': 5, 'n_estimators': 80}"
RandomForest,Bagged trees,hb_graph,25,0.4574803848360022,4020,1034,14,42,"{'max_depth': 5, 'min_samples_split': 2, 'n_estimators': 100}"
RandomForest,Bagged trees,pairwise,26,0.6239644532273868,4000,1054,4,42,"{'max_depth': 5, 'min_samples_split': 5, 'n_estimators': 80}"
RandomForest,Bagged trees,hypergraph,26,0.6951279518812193,4000,1054,8,42,"{'max_depth': 5, 'min_samples_split': 5, 'n_estimators': 200}"
RandomForest,Bagged trees,hb_graph,26,0.6997267962254591,4000,1054,14,42,"{'max_depth': 5, 'min_samples_split': 5, 'n_estimators': 200}"
RandomForest,Bagged trees,pairwise,27,0.5326168549233249,4098,956,4,42,"{'max_depth': 5, 'min_samples_split': 10, 'n_estimators': 200}"
RandomForest,Bagged trees,hypergraph,27,0.5497377469108142,4098,956,8,42,"{'max_depth': 5, 'min_samples_split': 10, 'n_estimators': 200}"
RandomForest,Bagged trees,hb_graph,27,0.5397564086465966,4098,956,14,42,"{'max_depth': 5, 'min_samples_split': 10, 'n_estimators': 80}"
RandomForest,Bagged trees,pairwise,28,0.4758174682093484,4016,1038,4,42,"{'max_depth': 5, 'min_samples_split': 10, 'n_estimators': 100}"
RandomForest,Bagged trees,hypergraph,28,0.4682461570772299,4016,1038,8,42,"{'max_depth': 5, 'min_samples_split': 2, 'n_estimators': 200}"
RandomForest,Bagged trees,hb_graph,28,0.45094682253366025,4016,1038,14,42,"{'max_depth': 5, 'min_samples_split': 5, 'n_estimators': 200}"
RandomForest,Bagged trees,pairwise,29,0.5571490099239247,3979,1075,4,42,"{'max_depth': 5, 'min_samples_split': 10, 'n_estimators': 100}"
RandomForest,Bagged trees,hypergraph,29,0.6228938256123703,3979,1075,8,42,"{'max_depth': 5, 'min_samples_split': 10, 'n_estimators': 200}"
RandomForest,Bagged trees,hb_graph,29,0.6052796059749211,3979,1075,14,42,"{'max_depth': 5, 'min_samples_split': 2, 'n_estimators': 200}"
RandomForest,Bagged trees,pairwise,30,0.4302532939785163,3920,1134,4,42,"{'max_depth': 5, 'min_samples_split': 10, 'n_estimators': 80}"
RandomForest,Bagged trees,hypergraph,30,0.47994244677751935,3920,1134,8,42,"{'max_depth': 5, 'min_samples_split': 10, 'n_estimators': 200}"
RandomForest,Bagged trees,hb_graph,30,0.4782179642292112,3920,1134,14,42,"{'max_depth': 5, 'min_samples_split': 10, 'n_estimators': 100}"
RandomForest,Bagged trees,pairwise,31,0.45830989671242583,4082,972,4,42,"{'max_depth': 5, 'min_samples_split': 10, 'n_estimators': 100}"
RandomForest,Bagged trees,hypergraph,31,0.5086253941312961,4082,972,8,42,"{'max_depth': 5, 'min_samples_split': 10, 'n_estimators': 100}"
RandomForest,Bagged trees,hb_graph,31,0.5187242390523266,4082,972,14,42,"{'max_depth': 5, 'min_samples_split': 10, 'n_estimators': 80}"
RandomForest,Bagged trees,pairwise,32,0.4298566587067523,3952,1102,4,42,"{'max_depth': 5, 'min_samples_split': 10, 'n_estimators': 80}"
RandomForest,Bagged trees,hypergraph,32,0.4732458884244099,3952,1102,8,42,"{'max_depth': 5, 'min_samples_split': 10, 'n_estimators': 200}"
RandomForest,Bagged trees,hb_graph,32,0.4714327545409232,3952,1102,14,42,"{'max_depth': 5, 'min_samples_split': 2, 'n_estimators': 200}"
RandomForest,Bagged trees,pairwise,33,0.34248191048959475,4002,1052,4,42,"{'max_depth': 5, 'min_samples_split': 10, 'n_estimators': 200}"
RandomForest,Bagged trees,hypergraph,33,0.3999701285023123,4002,1052,8,42,"{'max_depth': 5, 'min_samples_split': 5, 'n_estimators': 100}"
RandomForest,Bagged trees,hb_graph,33,0.40400147888845805,4002,1052,14,42,"{'max_depth': 5, 'min_samples_split': 2, 'n_estimators': 100}"
RandomForest,Bagged trees,pairwise,34,0.5002480279594395,4073,981,4,42,"{'max_depth': 5, 'min_samples_split': 5, 'n_estimators': 80}"
RandomForest,Bagged trees,hypergraph,34,0.5288974749309949,4073,981,8,42,"{'max_depth': 5, 'min_samples_split': 10, 'n_estimators': 100}"
RandomForest,Bagged trees,hb_graph,34,0.5303868087729809,4073,981,14,42,"{'max_depth': 5, 'min_samples_split': 10, 'n_estimators': 200}"
RandomForest,Bagged trees,pairwise,35,0.5671055633712462,3929,1125,4,42,"{'max_depth': 5, 'min_samples_split': 2, 'n_estimators': 100}"
RandomForest,Bagged trees,hypergraph,35,0.611126052713056,3929,1125,8,42,"{'max_depth': 5, 'min_samples_split': 5, 'n_estimators': 80}"
RandomForest,Bagged trees,hb_graph,35,0.5849503941063945,3929,1125,14,42,"{'max_depth': 5, 'min_samples_split': 2, 'n_estimators': 100}"
RandomForest,Bagged trees,pairwise,36,0.3555630108149639,3981,1073,4,42,"{'max_depth': 5, 'min_samples_split': 10, 'n_estimators': 100}"
RandomForest,Bagged trees,hypergraph,36,0.3828654478085404,3981,1073,8,42,"{'max_depth': 5, 'min_samples_split': 2, 'n_estimators': 100}"
RandomForest,Bagged trees,hb_graph,36,0.3820558384094318,3981,1073,14,42,"{'max_depth': 5, 'min_samples_split': 10, 'n_estimators': 200}"
RandomForest,Bagged trees,pairwise,37,0.4839359239324885,4054,1000,4,42,"{'max_depth': 5, 'min_samples_split': 10, 'n_estimators': 80}"
RandomForest,Bagged trees,hypergraph,37,0.5558782949815337,4054,1000,8,42,"{'max_depth': 5, 'min_samples_split': 10, 'n_estimators': 80}"
RandomForest,Bagged trees,hb_graph,37,0.5518261588996902,4054,1000,14,42,"{'max_depth': 5, 'min_samples_split': 10, 'n_estimators': 100}"
RandomForest,Bagged trees,pairwise,38,0.5190179661759112,3976,1078,4,42,"{'max_depth': 5, 'min_samples_split': 10, 'n_estimators': 200}"
RandomForest,Bagged trees,hypergraph,38,0.5265831690591705,3976,1078,8,42,"{'max_depth': 5, 'min_samples_split': 10, 'n_estimators': 100}"
RandomForest,Bagged trees,hb_graph,38,0.5380994006991714,3976,1078,14,42,"{'max_depth': 5, 'min_samples_split': 5, 'n_estimators': 200}"
RandomForest,Bagged trees,pairwise,39,0.39790598010241635,4068,986,4,42,"{'max_depth': 5, 'min_samples_split': 2, 'n_estimators': 80}"
RandomForest,Bagged trees,hypergraph,39,0.41446130829710937,4068,986,8,42,"{'max_depth': 5, 'min_samples_split': 5, 'n_estimators': 80}"
RandomForest,Bagged trees,hb_graph,39,0.4198626609827537,4068,986,14,42,"{'max_depth': 5, 'min_samples_split': 10, 'n_estimators': 100}"
RandomForest,Bagged trees,pairwise,40,0.4807989919721845,4081,973,4,42,"{'max_depth': 5, 'min_samples_split': 10, 'n_estimators': 80}"
RandomForest,Bagged trees,hypergraph,40,0.522512193498367,4081,973,8,42,"{'max_depth': 5, 'min_samples_split': 2, 'n_estimators': 200}"
RandomForest,Bagged trees,hb_graph,40,0.520318100418504,4081,973,14,42,"{'max_depth': 5, 'min_samples_split': 10, 'n_estimators': 80}"
RandomForest,Bagged trees,pairwise,41,0.4093418213240191,4103,951,4,42,"{'max_depth': 5, 'min_samples_split': 10, 'n_estimators': 100}"
RandomForest,Bagged trees,hypergraph,41,0.44256301461988123,4103,951,8,42,"{'max_depth': 5, 'min_samples_split': 5, 'n_estimators': 100}"
RandomForest,Bagged trees,hb_graph,41,0.44308074276238785,4103,951,14,42,"{'max_depth': 5, 'min_samples_split': 5, 'n_estimators': 80}"
RandomForest,Bagged trees,pairwise,42,0.3283211587876609,4055,999,4,42,"{'max_depth': 5, 'min_samples_split': 10, 'n_estimators': 100}"
RandomForest,Bagged trees,hypergraph,42,0.37044718164220247,4055,999,8,42,"{'max_depth': 5, 'min_samples_split': 10, 'n_estimators': 200}"
RandomForest,Bagged trees,hb_graph,42,0.35893889383744,4055,999,14,42,"{'max_depth': 5, 'min_samples_split': 5, 'n_estimators': 200}"
RandomForest,Bagged trees,pairwise,43,0.5904383873635571,4064,990,4,42,"{'max_depth': 5, 'min_samples_split': 5, 'n_estimators': 200}"
RandomForest,Bagged trees,hypergraph,43,0.6527507364142993,4064,990,8,42,"{'max_depth': 5, 'min_samples_split': 10, 'n_estimators': 200}"
RandomForest,Bagged trees,hb_graph,43,0.6598361226958387,4064,990,14,42,"{'max_depth': 5, 'min_samples_split': 5, 'n_estimators': 100}"
RandomForest,Bagged trees,pairwise,44,0.4748910494266819,4010,1044,4,42,"{'max_depth': 5, 'min_samples_split': 10, 'n_estimators': 200}"
RandomForest,Bagged trees,hypergraph,44,0.5014083290870228,4010,1044,8,42,"{'max_depth': 5, 'min_samples_split': 10, 'n_estimators': 100}"
RandomForest,Bagged trees,hb_graph,44,0.49059966290738055,4010,1044,14,42,"{'max_depth': 5, 'min_samples_split': 10, 'n_estimators': 200}"
RandomForest,Bagged trees,pairwise,45,0.4604790000301463,4049,1005,4,42,"{'max_depth': 5, 'min_samples_split': 10, 'n_estimators': 100}"
RandomForest,Bagged trees,hypergraph,45,0.5031075104195778,4049,1005,8,42,"{'max_depth': 5, 'min_samples_split': 2, 'n_estimators': 100}"
RandomForest,Bagged trees,hb_graph,45,0.5034005936674625,4049,1005,14,42,"{'max_depth': 5, 'min_samples_split': 10, 'n_estimators': 100}"
RandomForest,Bagged trees,pairwise,46,0.513791553622599,4077,977,4,42,"{'max_depth': 5, 'min_samples_split': 10, 'n_estimators': 80}"
RandomForest,Bagged trees,hypergraph,46,0.5231603370005229,4077,977,8,42,"{'max_depth': 5, 'min_samples_split': 10, 'n_estimators': 80}"
RandomForest,Bagged trees,hb_graph,46,0.5311783668407795,4077,977,14,42,"{'max_depth': 5, 'min_samples_split': 10, 'n_estimators': 200}"
RandomForest,Bagged trees,pairwise,47,0.45045006141076843,4045,1009,4,42,"{'max_depth': 5, 'min_samples_split': 10, 'n_estimators': 200}"
RandomForest,Bagged trees,hypergraph,47,0.4606359146903667,4045,1009,8,42,"{'max_depth': 5, 'min_samples_split': 2, 'n_estimators': 200}"
RandomForest,Bagged trees,hb_graph,47,0.45812890498511744,4045,1009,14,42,"{'max_depth': 5, 'min_samples_split': 2, 'n_estimators': 200}"
RandomForest,Bagged trees,pairwise,48,0.4594984675094076,3963,1091,4,42,"{'max_depth': 5, 'min_samples_split': 10, 'n_estimators': 200}"
RandomForest,Bagged trees,hypergraph,48,0.5009272325967495,3963,1091,8,42,"{'max_depth': 5, 'min_samples_split': 5, 'n_estimators': 200}"
RandomForest,Bagged trees,hb_graph,48,0.4995226433651158,3963,1091,14,42,"{'max_depth': 5, 'min_samples_split': 5, 'n_estimators': 80}"
RandomForest,Bagged trees,pairwise,49,0.40105796604714483,4104,950,4,42,"{'max_depth': 5, 'min_samples_split': 10, 'n_estimators': 80}"
RandomForest,Bagged trees,hypergraph,49,0.4469802520767818,4104,950,8,42,"{'max_depth': 5, 'min_samples_split': 2, 'n_estimators': 80}"
RandomForest,Bagged trees,hb_graph,49,0.4372674045081952,4104,950,14,42,"{'max_depth': 5, 'min_samples_split': 10, 'n_estimators': 80}"
RandomForest,Bagged trees,pairwise,50,0.5394001009093227,3992,1062,4,42,"{'max_depth': 5, 'min_samples_split': 2, 'n_estimators': 100}"
RandomForest,Bagged trees,hypergraph,50,0.5869334056182602,3992,1062,8,42,"{'max_depth': 5, 'min_samples_split': 10, 'n_estimators': 100}"
RandomForest,Bagged trees,hb_graph,50,0.591199004846141,3992,1062,14,42,"{'max_depth': 5, 'min_samples_split': 2, 'n_estimators': 100}"
XGBoost,Boosted trees,pairwise,1,0.4499006303908153,4108,946,4,42,"{'learning_rate': 0.01, 'max_depth': 5, 'n_estimators': 80, 'subsample': 0.75}"
XGBoost,Boosted trees,hypergraph,1,0.3995290992358674,4108,946,8,42,"{'learning_rate': 0.01, 'max_depth': 5, 'n_estimators': 80, 'subsample': 1.0}"
XGBoost,Boosted trees,hb_graph,1,0.399166029079051,4108,946,14,42,"{'learning_rate': 0.01, 'max_depth': 5, 'n_estimators': 80, 'subsample': 1.0}"
XGBoost,Boosted trees,pairwise,2,0.3429928552277637,4088,966,4,42,"{'learning_rate': 0.01, 'max_depth': 5, 'n_estimators': 80, 'subsample': 0.8}"
XGBoost,Boosted trees,hypergraph,2,0.3889970649750869,4088,966,8,42,"{'learning_rate': 0.01, 'max_depth': 5, 'n_estimators': 100, 'subsample': 0.75}"
XGBoost,Boosted trees,hb_graph,2,0.3839937064849449,4088,966,14,42,"{'learning_rate': 0.01, 'max_depth': 5, 'n_estimators': 100, 'subsample': 0.75}"
XGBoost,Boosted trees,pairwise,3,0.4958780294754553,3875,1179,4,42,"{'learning_rate': 0.01, 'max_depth': 5, 'n_estimators': 80, 'subsample': 0.75}"
XGBoost,Boosted trees,hypergraph,3,0.5338519392964495,3875,1179,8,42,"{'learning_rate': 0.01, 'max_depth': 5, 'n_estimators': 80, 'subsample': 0.75}"
XGBoost,Boosted trees,hb_graph,3,0.5389922357536701,3875,1179,14,42,"{'learning_rate': 0.01, 'max_depth': 5, 'n_estimators': 80, 'subsample': 0.75}"
XGBoost,Boosted trees,pairwise,4,0.5197153593658242,4070,984,4,42,"{'learning_rate': 0.01, 'max_depth': 5, 'n_estimators': 80, 'subsample': 0.75}"
XGBoost,Boosted trees,hypergraph,4,0.5838518942488123,4070,984,8,42,"{'learning_rate': 0.01, 'max_depth': 5, 'n_estimators': 200, 'subsample': 0.75}"
XGBoost,Boosted trees,hb_graph,4,0.5862128473140467,4070,984,14,42,"{'learning_rate': 0.01, 'max_depth': 5, 'n_estimators': 200, 'subsample': 0.75}"
XGBoost,Boosted trees,pairwise,5,0.5475679206498896,4056,998,4,42,"{'learning_rate': 0.01, 'max_depth': 5, 'n_estimators': 100, 'subsample': 1.0}"
XGBoost,Boosted trees,hypergraph,5,0.5882599779738635,4056,998,8,42,"{'learning_rate': 0.01, 'max_depth': 5, 'n_estimators': 100, 'subsample': 0.75}"
XGBoost,Boosted trees,hb_graph,5,0.5875078077941207,4056,998,14,42,"{'learning_rate': 0.01, 'max_depth': 5, 'n_estimators': 100, 'subsample': 0.75}"
XGBoost,Boosted trees,pairwise,6,0.44078433367981185,4052,1002,4,42,"{'learning_rate': 0.01, 'max_depth': 5, 'n_estimators': 80, 'subsample': 0.8}"
XGBoost,Boosted trees,hypergraph,6,0.3975744935532891,4052,1002,8,42,"{'learning_rate': 0.01, 'max_depth': 5, 'n_estimators': 80, 'subsample': 0.75}"
XGBoost,Boosted trees,hb_graph,6,0.4097457076306661,4052,1002,14,42,"{'learning_rate': 0.01, 'max_depth': 5, 'n_estimators': 80, 'subsample': 0.8}"
XGBoost,Boosted trees,pairwise,7,0.49594954013313436,4091,963,4,42,"{'learning_rate': 0.01, 'max_depth': 5, 'n_estimators': 80, 'subsample': 0.75}"
XGBoost,Boosted trees,hypergraph,7,0.5051207434650096,4091,963,8,42,"{'learning_rate': 0.01, 'max_depth': 5, 'n_estimators': 80, 'subsample': 0.75}"
XGBoost,Boosted trees,hb_graph,7,0.5117181425993931,4091,963,14,42,"{'learning_rate': 0.01, 'max_depth': 5, 'n_estimators': 200, 'subsample': 0.75}"
XGBoost,Boosted trees,pairwise,8,0.40802379835993347,4090,964,4,42,"{'learning_rate': 0.01, 'max_depth': 5, 'n_estimators': 80, 'subsample': 0.8}"
XGBoost,Boosted trees,hypergraph,8,0.465006425740702,4090,964,8,42,"{'learning_rate': 0.01, 'max_depth': 5, 'n_estimators': 100, 'subsample': 0.75}"
XGBoost,Boosted trees,hb_graph,8,0.45199399645031296,4090,964,14,42,"{'learning_rate': 0.01, 'max_depth': 5, 'n_estimators': 100, 'subsample': 0.75}"
XGBoost,Boosted trees,pairwise,9,0.4057382807740183,3974,1080,4,42,"{'learning_rate': 0.01, 'max_depth': 5, 'n_estimators': 100, 'subsample': 1.0}"
XGBoost,Boosted trees,hypergraph,9,0.4678853143715395,3974,1080,8,42,"{'learning_rate': 0.01, 'max_depth': 5, 'n_estimators': 80, 'subsample': 0.75}"
XGBoost,Boosted trees,hb_graph,9,0.4604860720029104,3974,1080,14,42,"{'learning_rate': 0.01, 'max_depth': 5, 'n_estimators': 80, 'subsample': 0.75}"
XGBoost,Boosted trees,pairwise,10,0.40695973566123667,3897,1157,4,42,"{'learning_rate': 0.01, 'max_depth': 5, 'n_estimators': 100, 'subsample': 1.0}"
XGBoost,Boosted trees,hypergraph,10,0.4440439902989706,3897,1157,8,42,"{'learning_rate': 0.01, 'max_depth': 5, 'n_estimators': 80, 'subsample': 0.75}"
XGBoost,Boosted trees,hb_graph,10,0.44814857608826164,3897,1157,14,42,"{'learning_rate': 0.01, 'max_depth': 5, 'n_estimators': 80, 'subsample': 0.75}"
XGBoost,Boosted trees,pairwise,11,0.4822708421851263,4005,1049,4,42,"{'learning_rate': 0.01, 'max_depth': 5, 'n_estimators': 200, 'subsample': 1.0}"
XGBoost,Boosted trees,hypergraph,11,0.5049351689161155,4005,1049,8,42,"{'learning_rate': 0.01, 'max_depth': 5, 'n_estimators': 80, 'subsample': 1.0}"
XGBoost,Boosted trees,hb_graph,11,0.5140306713489691,4005,1049,14,42,"{'learning_rate': 0.01, 'max_depth': 5, 'n_estimators': 80, 'subsample': 1.0}"
XGBoost,Boosted trees,pairwise,12,0.47415513865443304,4099,955,4,42,"{'learning_rate': 0.01, 'max_depth': 5, 'n_estimators': 80, 'subsample': 0.75}"
XGBoost,Boosted trees,hypergraph,12,0.5175164911196284,4099,955,8,42,"{'learning_rate': 0.01, 'max_depth': 5, 'n_estimators': 80, 'subsample': 0.8}"
XGBoost,Boosted trees,hb_graph,12,0.510270536030419,4099,955,14,42,"{'learning_rate': 0.01, 'max_depth': 5, 'n_estimators': 80, 'subsample': 0.8}"
XGBoost,Boosted trees,pairwise,13,0.33434362297076403,4061,993,4,42,"{'learning_rate': 0.01, 'max_depth': 5, 'n_estimators': 80, 'subsample': 0.75}"
XGBoost,Boosted trees,hypergraph,13,0.3641064363166209,4061,993,8,42,"{'learning_rate': 0.01, 'max_depth': 5, 'n_estimators': 80, 'subsample': 0.75}"
XGBoost,Boosted trees,hb_graph,13,0.3565890177449468,4061,993,14,42,"{'learning_rate': 0.01, 'max_depth': 5, 'n_estimators': 80, 'subsample': 0.8}"
XGBoost,Boosted trees,pairwise,14,0.6431151118595161,4047,1007,4,42,"{'learning_rate': 0.01, 'max_depth': 5, 'n_estimators': 100, 'subsample': 1.0}"
XGBoost,Boosted trees,hypergraph,14,0.7188347585210266,4047,1007,8,42,"{'learning_rate': 0.01, 'max_depth': 5, 'n_estimators': 100, 'subsample': 0.8}"
XGBoost,Boosted trees,hb_graph,14,0.7198477318195621,4047,1007,14,42,"{'learning_rate': 0.01, 'max_depth': 5, 'n_estimators': 100, 'subsample': 0.75}"
XGBoost,Boosted trees,pairwise,15,0.5930827898262292,4015,1039,4,42,"{'learning_rate': 0.01, 'max_depth': 5, 'n_estimators': 80, 'subsample': 0.75}"
XGBoost,Boosted trees,hypergraph,15,0.6012574234320013,4015,1039,8,42,"{'learning_rate': 0.01, 'max_depth': 5, 'n_estimators': 100, 'subsample': 0.8}"
XGBoost,Boosted trees,hb_graph,15,0.597878698958117,4015,1039,14,42,"{'learning_rate': 0.01, 'max_depth': 5, 'n_estimators': 80, 'subsample': 0.75}"
XGBoost,Boosted trees,pairwise,16,0.5172742291903695,3891,1163,4,42,"{'learning_rate': 0.01, 'max_depth': 5, 'n_estimators': 80, 'subsample': 0.75}"
XGBoost,Boosted trees,hypergraph,16,0.6419927402271849,3891,1163,8,42,"{'learning_rate': 0.01, 'max_depth': 5, 'n_estimators': 80, 'subsample': 0.75}"
XGBoost,Boosted trees,hb_graph,16,0.6032488052415715,3891,1163,14,42,"{'learning_rate': 0.01, 'max_depth': 5, 'n_estimators': 100, 'subsample': 1.0}"
XGBoost,Boosted trees,pairwise,17,0.5338614967765777,4061,993,4,42,"{'learning_rate': 0.01, 'max_depth': 5, 'n_estimators': 80, 'subsample': 0.8}"
XGBoost,Boosted trees,hypergraph,17,0.5556677851417858,4061,993,8,42,"{'learning_rate': 0.01, 'max_depth': 5, 'n_estimators': 80, 'subsample': 0.8}"
XGBoost,Boosted trees,hb_graph,17,0.5572030253640847,4061,993,14,42,"{'learning_rate': 0.01, 'max_depth': 5, 'n_estimators': 80, 'subsample': 0.75}"
XGBoost,Boosted trees,pairwise,18,0.4813252674433169,4033,1021,4,42,"{'learning_rate': 0.01, 'max_depth': 5, 'n_estimators': 80, 'subsample': 0.75}"
XGBoost,Boosted trees,hypergraph,18,0.4969134976349907,4033,1021,8,42,"{'learning_rate': 0.01, 'max_depth': 5, 'n_estimators': 100, 'subsample': 0.8}"
XGBoost,Boosted trees,hb_graph,18,0.5005336497179236,4033,1021,14,42,"{'learning_rate': 0.01, 'max_depth': 5, 'n_estimators': 100, 'subsample': 0.8}"
XGBoost,Boosted trees,pairwise,19,0.6024523331594241,3871,1183,4,42,"{'learning_rate': 0.01, 'max_depth': 5, 'n_estimators': 80, 'subsample': 0.75}"
XGBoost,Boosted trees,hypergraph,19,0.6775350352311467,3871,1183,8,42,"{'learning_rate': 0.01, 'max_depth': 5, 'n_estimators': 100, 'subsample': 1.0}"
XGBoost,Boosted trees,hb_graph,19,0.6764079999395173,3871,1183,14,42,"{'learning_rate': 0.01, 'max_depth': 5, 'n_estimators': 100, 'subsample': 1.0}"
XGBoost,Boosted trees,pairwise,20,0.6090055493119461,4014,1040,4,42,"{'learning_rate': 0.01, 'max_depth': 5, 'n_estimators': 100, 'subsample': 1.0}"
XGBoost,Boosted trees,hypergraph,20,0.7030551124999569,4014,1040,8,42,"{'learning_rate': 0.01, 'max_depth': 5, 'n_estimators': 80, 'subsample': 0.8}"
XGBoost,Boosted trees,hb_graph,20,0.6986861891504714,4014,1040,14,42,"{'learning_rate': 0.01, 'max_depth': 5, 'n_estimators': 80, 'subsample': 0.8}"
XGBoost,Boosted trees,pairwise,21,0.4962849379774164,4043,1011,4,42,"{'learning_rate': 0.01, 'max_depth': 5, 'n_estimators': 80, 'subsample': 0.75}"
XGBoost,Boosted trees,hypergraph,21,0.5632812672338162,4043,1011,8,42,"{'learning_rate': 0.01, 'max_depth': 5, 'n_estimators': 80, 'subsample': 0.75}"
XGBoost,Boosted trees,hb_graph,21,0.5680148260335606,4043,1011,14,42,"{'learning_rate': 0.01, 'max_depth': 5, 'n_estimators': 80, 'subsample': 0.75}"
XGBoost,Boosted trees,pairwise,22,0.37800394668400367,4097,957,4,42,"{'learning_rate': 0.01, 'max_depth': 5, 'n_estimators': 80, 'subsample': 1.0}"
XGBoost,Boosted trees,hypergraph,22,0.43804099711635575,4097,957,8,42,"{'learning_rate': 0.01, 'max_depth': 5, 'n_estimators': 80, 'subsample': 0.75}"
XGBoost,Boosted trees,hb_graph,22,0.43467949085598634,4097,957,14,42,"{'learning_rate': 0.01, 'max_depth': 5, 'n_estimators': 80, 'subsample': 0.75}"
XGBoost,Boosted trees,pairwise,23,0.45514000584570397,4024,1030,4,42,"{'learning_rate': 0.01, 'max_depth': 5, 'n_estimators': 80, 'subsample': 0.8}"
XGBoost,Boosted trees,hypergraph,23,0.4494775553686591,4024,1030,8,42,"{'learning_rate': 0.01, 'max_depth': 5, 'n_estimators': 80, 'subsample': 0.75}"
XGBoost,Boosted trees,hb_graph,23,0.4531336550780715,4024,1030,14,42,"{'learning_rate': 0.01, 'max_depth': 5, 'n_estimators': 80, 'subsample': 0.75}"
XGBoost,Boosted trees,pairwise,24,0.601672933156739,3996,1058,4,42,"{'learning_rate': 0.01, 'max_depth': 5, 'n_estimators': 80, 'subsample': 0.75}"
XGBoost,Boosted trees,hypergraph,24,0.6055957568281164,3996,1058,8,42,"{'learning_rate': 0.01, 'max_depth': 5, 'n_estimators': 80, 'subsample': 0.75}"
XGBoost,Boosted trees,hb_graph,24,0.589269534939764,3996,1058,14,42,"{'learning_rate': 0.01, 'max_depth': 5, 'n_estimators': 100, 'subsample': 0.75}"
XGBoost,Boosted trees,pairwise,25,0.4002113903636448,4020,1034,4,42,"{'learning_rate': 0.01, 'max_depth': 5, 'n_estimators': 80, 'subsample': 0.75}"
XGBoost,Boosted trees,hypergraph,25,0.4816805064685029,4020,1034,8,42,"{'learning_rate': 0.01, 'max_depth': 5, 'n_estimators': 80, 'subsample': 0.75}"
XGBoost,Boosted trees,hb_graph,25,0.4838776565910133,4020,1034,14,42,"{'learning_rate': 0.01, 'max_depth': 5, 'n_estimators': 80, 'subsample': 0.75}"
XGBoost,Boosted trees,pairwise,26,0.623593717910293,4000,1054,4,42,"{'learning_rate': 0.01, 'max_depth': 5, 'n_estimators': 80, 'subsample': 0.8}"
XGBoost,Boosted trees,hypergraph,26,0.6879673124492918,4000,1054,8,42,"{'learning_rate': 0.01, 'max_depth': 5, 'n_estimators': 80, 'subsample': 0.75}"
XGBoost,Boosted trees,hb_graph,26,0.690087591388836,4000,1054,14,42,"{'learning_rate': 0.01, 'max_depth': 5, 'n_estimators': 80, 'subsample': 0.75}"
XGBoost,Boosted trees,pairwise,27,0.5193367314757479,4098,956,4,42,"{'learning_rate': 0.01, 'max_depth': 5, 'n_estimators': 80, 'subsample': 0.75}"
XGBoost,Boosted trees,hypergraph,27,0.5510939242794606,4098,956,8,42,"{'learning_rate': 0.01, 'max_depth': 5, 'n_estimators': 80, 'subsample': 0.8}"
XGBoost,Boosted trees,hb_graph,27,0.5472933328346331,4098,956,14,42,"{'learning_rate': 0.01, 'max_depth': 5, 'n_estimators': 80, 'subsample': 0.8}"
XGBoost,Boosted trees,pairwise,28,0.48193926611541943,4016,1038,4,42,"{'learning_rate': 0.01, 'max_depth': 5, 'n_estimators': 80, 'subsample': 0.75}"
XGBoost,Boosted trees,hypergraph,28,0.4534266529892495,4016,1038,8,42,"{'learning_rate': 0.01, 'max_depth': 5, 'n_estimators': 100, 'subsample': 0.75}"
XGBoost,Boosted trees,hb_graph,28,0.4439395921794358,4016,1038,14,42,"{'learning_rate': 0.01, 'max_depth': 5, 'n_estimators': 100, 'subsample': 0.75}"
XGBoost,Boosted trees,pairwise,29,0.5857818689454004,3979,1075,4,42,"{'learning_rate': 0.01, 'max_depth': 5, 'n_estimators': 80, 'subsample': 0.75}"
XGBoost,Boosted trees,hypergraph,29,0.6122281048521605,3979,1075,8,42,"{'learning_rate': 0.01, 'max_depth': 5, 'n_estimators': 100, 'subsample': 0.8}"
XGBoost,Boosted trees,hb_graph,29,0.6038765722509983,3979,1075,14,42,"{'learning_rate': 0.01, 'max_depth': 5, 'n_estimators': 100, 'subsample': 0.8}"
XGBoost,Boosted trees,pairwise,30,0.4432967506521993,3920,1134,4,42,"{'learning_rate': 0.01, 'max_depth': 5, 'n_estimators': 100, 'subsample': 0.75}"
XGBoost,Boosted trees,hypergraph,30,0.49486262477407567,3920,1134,8,42,"{'learning_rate': 0.01, 'max_depth': 5, 'n_estimators': 80, 'subsample': 0.8}"
XGBoost,Boosted trees,hb_graph,30,0.4914225495202659,3920,1134,14,42,"{'learning_rate': 0.01, 'max_depth': 5, 'n_estimators': 80, 'subsample': 0.8}"
XGBoost,Boosted trees,pairwise,31,0.43879075871625584,4082,972,4,42,"{'learning_rate': 0.01, 'max_depth': 5, 'n_estimators': 80, 'subsample': 1.0}"
XGBoost,Boosted trees,hypergraph,31,0.5029631966503462,4082,972,8,42,"{'learning_rate': 0.01, 'max_depth': 5, 'n_estimators': 80, 'subsample': 0.75}"
XGBoost,Boosted trees,hb_graph,31,0.5009353652739656,4082,972,14,42,"{'learning_rate': 0.01, 'max_depth': 5, 'n_estimators': 100, 'subsample': 0.75}"
XGBoost,Boosted trees,pairwise,32,0.4224614430129819,3952,1102,4,42,"{'learning_rate': 0.01, 'max_depth': 5, 'n_estimators': 80, 'subsample': 0.75}"
XGBoost,Boosted trees,hypergraph,32,0.45534703526270126,3952,1102,8,42,"{'learning_rate': 0.01, 'max_depth': 5, 'n_estimators': 80, 'subsample': 0.75}"
XGBoost,Boosted trees,hb_graph,32,0.4540025578752448,3952,1102,14,42,"{'learning_rate': 0.01, 'max_depth': 5, 'n_estimators': 80, 'subsample': 0.75}"
XGBoost,Boosted trees,pairwise,33,0.3540490435108101,4002,1052,4,42,"{'learning_rate': 0.01, 'max_depth': 5, 'n_estimators': 80, 'subsample': 0.8}"
XGBoost,Boosted trees,hypergraph,33,0.4391546084907321,4002,1052,8,42,"{'learning_rate': 0.01, 'max_depth': 5, 'n_estimators': 100, 'subsample': 0.75}"
XGBoost,Boosted trees,hb_graph,33,0.446054653248719,4002,1052,14,42,"{'learning_rate': 0.01, 'max_depth': 5, 'n_estimators': 100, 'subsample': 0.75}"
XGBoost,Boosted trees,pairwise,34,0.49791653239615385,4073,981,4,42,"{'learning_rate': 0.01, 'max_depth': 5, 'n_estimators': 80, 'subsample': 0.75}"
XGBoost,Boosted trees,hypergraph,34,0.5026966569105549,4073,981,8,42,"{'learning_rate': 0.01, 'max_depth': 5, 'n_estimators': 100, 'subsample': 0.75}"
XGBoost,Boosted trees,hb_graph,34,0.5150181231079474,4073,981,14,42,"{'learning_rate': 0.01, 'max_depth': 5, 'n_estimators': 80, 'subsample': 0.75}"
XGBoost,Boosted trees,pairwise,35,0.5579271492134202,3929,1125,4,42,"{'learning_rate': 0.01, 'max_depth': 5, 'n_estimators': 100, 'subsample': 0.75}"
XGBoost,Boosted trees,hypergraph,35,0.5450154973521267,3929,1125,8,42,"{'learning_rate': 0.01, 'max_depth': 5, 'n_estimators': 80, 'subsample': 0.75}"
XGBoost,Boosted trees,hb_graph,35,0.5469443290815933,3929,1125,14,42,"{'learning_rate': 0.01, 'max_depth': 5, 'n_estimators': 80, 'subsample': 0.75}"
XGBoost,Boosted trees,pairwise,36,0.35759105777667083,3981,1073,4,42,"{'learning_rate': 0.01, 'max_depth': 5, 'n_estimators': 80, 'subsample': 0.8}"
XGBoost,Boosted trees,hypergraph,36,0.3822764204403841,3981,1073,8,42,"{'learning_rate': 0.01, 'max_depth': 5, 'n_estimators': 80, 'subsample': 0.8}"
XGBoost,Boosted trees,hb_graph,36,0.38075361146556125,3981,1073,14,42,"{'learning_rate': 0.01, 'max_depth': 5, 'n_estimators': 80, 'subsample': 0.75}"
XGBoost,Boosted trees,pairwise,37,0.486540191550868,4054,1000,4,42,"{'learning_rate': 0.01, 'max_depth': 5, 'n_estimators': 100, 'subsample': 0.8}"
XGBoost,Boosted trees,hypergraph,37,0.5819172425189324,4054,1000,8,42,"{'learning_rate': 0.01, 'max_depth': 5, 'n_estimators': 80, 'subsample': 0.75}"
XGBoost,Boosted trees,hb_graph,37,0.5808932473783528,4054,1000,14,42,"{'learning_rate': 0.01, 'max_depth': 5, 'n_estimators': 80, 'subsample': 0.75}"
XGBoost,Boosted trees,pairwise,38,0.49421026470834756,3976,1078,4,42,"{'learning_rate': 0.01, 'max_depth': 5, 'n_estimators': 100, 'subsample': 1.0}"
XGBoost,Boosted trees,hypergraph,38,0.5170194484526315,3976,1078,8,42,"{'learning_rate': 0.01, 'max_depth': 5, 'n_estimators': 100, 'subsample': 0.8}"
XGBoost,Boosted trees,hb_graph,38,0.5188593225884103,3976,1078,14,42,"{'learning_rate': 0.01, 'max_depth': 5, 'n_estimators': 80, 'subsample': 0.75}"
XGBoost,Boosted trees,pairwise,39,0.39458168642922864,4068,986,4,42,"{'learning_rate': 0.01, 'max_depth': 5, 'n_estimators': 80, 'subsample': 0.75}"
XGBoost,Boosted trees,hypergraph,39,0.41282588191179703,4068,986,8,42,"{'learning_rate': 0.01, 'max_depth': 5, 'n_estimators': 80, 'subsample': 0.75}"
XGBoost,Boosted trees,hb_graph,39,0.4077945682205613,4068,986,14,42,"{'learning_rate': 0.01, 'max_depth': 5, 'n_estimators': 80, 'subsample': 0.75}"
XGBoost,Boosted trees,pairwise,40,0.5036379138564866,4081,973,4,42,"{'learning_rate': 0.01, 'max_depth': 5, 'n_estimators': 80, 'subsample': 0.8}"
XGBoost,Boosted trees,hypergraph,40,0.5313920620820611,4081,973,8,42,"{'learning_rate': 0.01, 'max_depth': 5, 'n_estimators': 200, 'subsample': 0.75}"
XGBoost,Boosted trees,hb_graph,40,0.5184558468237151,4081,973,14,42,"{'learning_rate': 0.01, 'max_depth': 5, 'n_estimators': 200, 'subsample': 0.75}"
XGBoost,Boosted trees,pairwise,41,0.41100595829727166,4103,951,4,42,"{'learning_rate': 0.01, 'max_depth': 5, 'n_estimators': 80, 'subsample': 0.75}"
XGBoost,Boosted trees,hypergraph,41,0.4367911724339072,4103,951,8,42,"{'learning_rate': 0.01, 'max_depth': 5, 'n_estimators': 80, 'subsample': 0.75}"
XGBoost,Boosted trees,hb_graph,41,0.4351530357350161,4103,951,14,42,"{'learning_rate': 0.01, 'max_depth': 5, 'n_estimators': 80, 'subsample': 0.75}"
XGBoost,Boosted trees,pairwise,42,0.3178407114812215,4055,999,4,42,"{'learning_rate': 0.01, 'max_depth': 5, 'n_estimators': 80, 'subsample': 0.8}"
XGBoost,Boosted trees,hypergraph,42,0.30802471066092146,4055,999,8,42,"{'learning_rate': 0.01, 'max_depth': 5, 'n_estimators': 80, 'subsample': 1.0}"
XGBoost,Boosted trees,hb_graph,42,0.3108681257286639,4055,999,14,42,"{'learning_rate': 0.01, 'max_depth': 5, 'n_estimators': 80, 'subsample': 1.0}"
XGBoost,Boosted trees,pairwise,43,0.6481469674727858,4064,990,4,42,"{'learning_rate': 0.01, 'max_depth': 5, 'n_estimators': 80, 'subsample': 0.75}"
XGBoost,Boosted trees,hypergraph,43,0.6597815028565424,4064,990,8,42,"{'learning_rate': 0.01, 'max_depth': 5, 'n_estimators': 100, 'subsample': 0.75}"
XGBoost,Boosted trees,hb_graph,43,0.6585399889322103,4064,990,14,42,"{'learning_rate': 0.01, 'max_depth': 5, 'n_estimators': 100, 'subsample': 0.75}"
XGBoost,Boosted trees,pairwise,44,0.482444439818727,4010,1044,4,42,"{'learning_rate': 0.01, 'max_depth': 5, 'n_estimators': 80, 'subsample': 0.75}"
XGBoost,Boosted trees,hypergraph,44,0.5014965444828745,4010,1044,8,42,"{'learning_rate': 0.01, 'max_depth': 5, 'n_estimators': 80, 'subsample': 0.75}"
XGBoost,Boosted trees,hb_graph,44,0.49857432383420786,4010,1044,14,42,"{'learning_rate': 0.01, 'max_depth': 5, 'n_estimators': 80, 'subsample': 0.75}"
XGBoost,Boosted trees,pairwise,45,0.4266134235977639,4049,1005,4,42,"{'learning_rate': 0.01, 'max_depth': 5, 'n_estimators': 100, 'subsample': 0.75}"
XGBoost,Boosted trees,hypergraph,45,0.5049116423017173,4049,1005,8,42,"{'learning_rate': 0.01, 'max_depth': 5, 'n_estimators': 80, 'subsample': 0.75}"
XGBoost,Boosted trees,hb_graph,45,0.5053396406424399,4049,1005,14,42,"{'learning_rate': 0.01, 'max_depth': 5, 'n_estimators': 80, 'subsample': 0.8}"
XGBoost,Boosted trees,pairwise,46,0.5111136970235809,4077,977,4,42,"{'learning_rate': 0.01, 'max_depth': 5, 'n_estimators': 100, 'subsample': 0.75}"
XGBoost,Boosted trees,hypergraph,46,0.4878822294401074,4077,977,8,42,"{'learning_rate': 0.01, 'max_depth': 5, 'n_estimators': 100, 'subsample': 0.75}"
XGBoost,Boosted trees,hb_graph,46,0.49148429522165066,4077,977,14,42,"{'learning_rate': 0.01, 'max_depth': 5, 'n_estimators': 100, 'subsample': 0.75}"
XGBoost,Boosted trees,pairwise,47,0.45039480306935953,4045,1009,4,42,"{'learning_rate': 0.01, 'max_depth': 5, 'n_estimators': 100, 'subsample': 0.75}"
XGBoost,Boosted trees,hypergraph,47,0.46685883705830206,4045,1009,8,42,"{'learning_rate': 0.01, 'max_depth': 5, 'n_estimators': 80, 'subsample': 0.75}"
XGBoost,Boosted trees,hb_graph,47,0.463913770274979,4045,1009,14,42,"{'learning_rate': 0.01, 'max_depth': 5, 'n_estimators': 80, 'subsample': 0.75}"
XGBoost,Boosted trees,pairwise,48,0.47066917334346303,3963,1091,4,42,"{'learning_rate': 0.01, 'max_depth': 5, 'n_estimators': 80, 'subsample': 0.8}"
XGBoost,Boosted trees,hypergraph,48,0.49644729734769966,3963,1091,8,42,"{'learning_rate': 0.01, 'max_depth': 5, 'n_estimators': 80, 'subsample': 0.75}"
XGBoost,Boosted trees,hb_graph,48,0.49483943858960017,3963,1091,14,42,"{'learning_rate': 0.01, 'max_depth': 5, 'n_estimators': 80, 'subsample': 0.8}"
XGBoost,Boosted trees,pairwise,49,0.37295910688119416,4104,950,4,42,"{'learning_rate': 0.01, 'max_depth': 5, 'n_estimators': 80, 'subsample': 1.0}"
XGBoost,Boosted trees,hypergraph,49,0.4452836513523285,4104,950,8,42,"{'learning_rate': 0.01, 'max_depth': 5, 'n_estimators': 80, 'subsample': 0.8}"
XGBoost,Boosted trees,hb_graph,49,0.4466578526460285,4104,950,14,42,"{'learning_rate': 0.01, 'max_depth': 5, 'n_estimators': 80, 'subsample': 0.8}"
XGBoost,Boosted trees,pairwise,50,0.5143332365023553,3992,1062,4,42,"{'learning_rate': 0.01, 'max_depth': 5, 'n_estimators': 80, 'subsample': 1.0}"
XGBoost,Boosted trees,hypergraph,50,0.5764348640898965,3992,1062,8,42,"{'learning_rate': 0.01, 'max_depth': 5, 'n_estimators': 80, 'subsample': 0.75}"
XGBoost,Boosted trees,hb_graph,50,0.5723834530615101,3992,1062,14,42,"{'learning_rate': 0.01, 'max_depth': 5, 'n_estimators': 80, 'subsample': 0.75}"
LightGBM,Boosted trees,pairwise,1,0.4177027523986547,4108,946,4,42,"{'learning_rate': 0.01, 'max_depth': 5, 'n_estimators': 80, 'num_leaves': 30}"
LightGBM,Boosted trees,hypergraph,1,0.43009944701522185,4108,946,8,42,"{'learning_rate': 0.01, 'max_depth': 5, 'n_estimators': 100, 'num_leaves': 30}"
LightGBM,Boosted trees,hb_graph,1,0.4335937081845851,4108,946,14,42,"{'learning_rate': 0.01, 'max_depth': 5, 'n_estimators': 100, 'num_leaves': 30}"
LightGBM,Boosted trees,pairwise,2,0.3321317612472535,4088,966,4,42,"{'learning_rate': 0.01, 'max_depth': None, 'n_estimators': 80, 'num_leaves': 30}"
LightGBM,Boosted trees,hypergraph,2,0.3719994367609281,4088,966,8,42,"{'learning_rate': 0.01, 'max_depth': 5, 'n_estimators': 100, 'num_leaves': 30}"
LightGBM,Boosted trees,hb_graph,2,0.35896105439689246,4088,966,14,42,"{'learning_rate': 0.01, 'max_depth': 5, 'n_estimators': 100, 'num_leaves': 30}"
LightGBM,Boosted trees,pairwise,3,0.489821668229831,3875,1179,4,42,"{'learning_rate': 0.01, 'max_depth': 5, 'n_estimators': 80, 'num_leaves': 30}"
LightGBM,Boosted trees,hypergraph,3,0.5172788958534764,3875,1179,8,42,"{'learning_rate': 0.01, 'max_depth': 5, 'n_estimators': 100, 'num_leaves': 30}"
LightGBM,Boosted trees,hb_graph,3,0.5145287422284746,3875,1179,14,42,"{'learning_rate': 0.01, 'max_depth': 5, 'n_estimators': 100, 'num_leaves': 30}"
LightGBM,Boosted trees,pairwise,4,0.5330662962492403,4070,984,4,42,"{'learning_rate': 0.01, 'max_depth': 5, 'n_estimators': 100, 'num_leaves': 30}"
LightGBM,Boosted trees,hypergraph,4,0.5683762952742484,4070,984,8,42,"{'learning_rate': 0.01, 'max_depth': 5, 'n_estimators': 80, 'num_leaves': 30}"
LightGBM,Boosted trees,hb_graph,4,0.567717293732059,4070,984,14,42,"{'learning_rate': 0.01, 'max_depth': 5, 'n_estimators': 80, 'num_leaves': 30}"
LightGBM,Boosted trees,pairwise,5,0.5435022920490812,4056,998,4,42,"{'learning_rate': 0.01, 'max_depth': 5, 'n_estimators': 80, 'num_leaves': 30}"
LightGBM,Boosted trees,hypergraph,5,0.5699989135349652,4056,998,8,42,"{'learning_rate': 0.01, 'max_depth': None, 'n_estimators': 100, 'num_leaves': 30}"
LightGBM,Boosted trees,hb_graph,5,0.5761315369452512,4056,998,14,42,"{'learning_rate': 0.01, 'max_depth': 5, 'n_estimators': 100, 'num_leaves': 30}"
LightGBM,Boosted trees,pairwise,6,0.42857186306309336,4052,1002,4,42,"{'learning_rate': 0.01, 'max_depth': 5, 'n_estimators': 80, 'num_leaves': 30}"
LightGBM,Boosted trees,hypergraph,6,0.39833500133355054,4052,1002,8,42,"{'learning_rate': 0.01, 'max_depth': 5, 'n_estimators': 200, 'num_leaves': 30}"
LightGBM,Boosted trees,hb_graph,6,0.3746117745553342,4052,1002,14,42,"{'learning_rate': 0.01, 'max_depth': 5, 'n_estimators': 100, 'num_leaves': 50}"
LightGBM,Boosted trees,pairwise,7,0.4809493992405601,4091,963,4,42,"{'learning_rate': 0.01, 'max_depth': 5, 'n_estimators': 80, 'num_leaves': 30}"
LightGBM,Boosted trees,hypergraph,7,0.49093710171267946,4091,963,8,42,"{'learning_rate': 0.01, 'max_depth': 10, 'n_estimators': 80, 'num_leaves': 30}"
LightGBM,Boosted trees,hb_graph,7,0.49388513965783276,4091,963,14,42,"{'learning_rate': 0.01, 'max_depth': 5, 'n_estimators': 200, 'num_leaves': 30}"
LightGBM,Boosted trees,pairwise,8,0.4105089329019372,4090,964,4,42,"{'learning_rate': 0.01, 'max_depth': 5, 'n_estimators': 80, 'num_leaves': 30}"
LightGBM,Boosted trees,hypergraph,8,0.4410148231426864,4090,964,8,42,"{'learning_rate': 0.01, 'max_depth': 5, 'n_estimators': 80, 'num_leaves': 30}"
LightGBM,Boosted trees,hb_graph,8,0.4396501340963147,4090,964,14,42,"{'learning_rate': 0.01, 'max_depth': 5, 'n_estimators': 80, 'num_leaves': 30}"
LightGBM,Boosted trees,pairwise,9,0.4004373201515284,3974,1080,4,42,"{'learning_rate': 0.01, 'max_depth': 5, 'n_estimators': 80, 'num_leaves': 30}"
LightGBM,Boosted trees,hypergraph,9,0.471034128008451,3974,1080,8,42,"{'learning_rate': 0.01, 'max_depth': 5, 'n_estimators': 100, 'num_leaves': 30}"
LightGBM,Boosted trees,hb_graph,9,0.45839374169990643,3974,1080,14,42,"{'learning_rate': 0.01, 'max_depth': 5, 'n_estimators': 200, 'num_leaves': 30}"
LightGBM,Boosted trees,pairwise,10,0.4019082217732422,3897,1157,4,42,"{'learning_rate': 0.01, 'max_depth': 5, 'n_estimators': 80, 'num_leaves': 30}"
LightGBM,Boosted trees,hypergraph,10,0.45882026968548845,3897,1157,8,42,"{'learning_rate': 0.01, 'max_depth': 5, 'n_estimators': 100, 'num_leaves': 30}"
LightGBM,Boosted trees,hb_graph,10,0.4556258340872905,3897,1157,14,42,"{'learning_rate': 0.01, 'max_depth': 5, 'n_estimators': 100, 'num_leaves': 30}"
LightGBM,Boosted trees,pairwise,11,0.47142519263935323,4005,1049,4,42,"{'learning_rate': 0.01, 'max_depth': 5, 'n_estimators': 100, 'num_leaves': 30}"
LightGBM,Boosted trees,hypergraph,11,0.5311038731780281,4005,1049,8,42,"{'learning_rate': 0.01, 'max_depth': 5, 'n_estimators': 200, 'num_leaves': 30}"
LightGBM,Boosted trees,hb_graph,11,0.5175083888007235,4005,1049,14,42,"{'learning_rate': 0.01, 'max_depth': 5, 'n_estimators': 80, 'num_leaves': 50}"
LightGBM,Boosted trees,pairwise,12,0.4691629976408699,4099,955,4,42,"{'learning_rate': 0.01, 'max_depth': 5, 'n_estimators': 80, 'num_leaves': 30}"
LightGBM,Boosted trees,hypergraph,12,0.5027436894034719,4099,955,8,42,"{'learning_rate': 0.01, 'max_depth': 5, 'n_estimators': 100, 'num_leaves': 30}"
LightGBM,Boosted trees,hb_graph,12,0.5025411898264223,4099,955,14,42,"{'learning_rate': 0.01, 'max_depth': 5, 'n_estimators': 200, 'num_leaves': 30}"
LightGBM,Boosted trees,pairwise,13,0.31053000073558945,4061,993,4,42,"{'learning_rate': 0.01, 'max_depth': 5, 'n_estimators': 80, 'num_leaves': 30}"
LightGBM,Boosted trees,hypergraph,13,0.32479616659222205,4061,993,8,42,"{'learning_rate': 0.01, 'max_depth': 5, 'n_estimators': 80, 'num_leaves': 30}"
LightGBM,Boosted trees,hb_graph,13,0.32229184467411004,4061,993,14,42,"{'learning_rate': 0.01, 'max_depth': 5, 'n_estimators': 100, 'num_leaves': 30}"
LightGBM,Boosted trees,pairwise,14,0.6381573663009217,4047,1007,4,42,"{'learning_rate': 0.01, 'max_depth': 5, 'n_estimators': 100, 'num_leaves': 30}"
LightGBM,Boosted trees,hypergraph,14,0.6772670112135613,4047,1007,8,42,"{'learning_rate': 0.01, 'max_depth': 5, 'n_estimators': 200, 'num_leaves': 30}"
LightGBM,Boosted trees,hb_graph,14,0.6763680153095069,4047,1007,14,42,"{'learning_rate': 0.01, 'max_depth': 5, 'n_estimators': 200, 'num_leaves': 50}"
LightGBM,Boosted trees,pairwise,15,0.5827877036882874,4015,1039,4,42,"{'learning_rate': 0.01, 'max_depth': 5, 'n_estimators': 100, 'num_leaves': 30}"
LightGBM,Boosted trees,hypergraph,15,0.6069667359384769,4015,1039,8,42,"{'learning_rate': 0.01, 'max_depth': 5, 'n_estimators': 200, 'num_leaves': 30}"
LightGBM,Boosted trees,hb_graph,15,0.5984952147381192,4015,1039,14,42,"{'learning_rate': 0.01, 'max_depth': 5, 'n_estimators': 100, 'num_leaves': 30}"
LightGBM,Boosted trees,pairwise,16,0.5927488554827604,3891,1163,4,42,"{'learning_rate': 0.01, 'max_depth': 5, 'n_estimators': 100, 'num_leaves': 30}"
LightGBM,Boosted trees,hypergraph,16,0.6273015998604186,3891,1163,8,42,"{'learning_rate': 0.01, 'max_depth': 5, 'n_estimators': 200, 'num_leaves': 30}"
LightGBM,Boosted trees,hb_graph,16,0.5933418489374225,3891,1163,14,42,"{'learning_rate': 0.01, 'max_depth': 5, 'n_estimators': 100, 'num_leaves': 50}"
LightGBM,Boosted trees,pairwise,17,0.5324986689969854,4061,993,4,42,"{'learning_rate': 0.01, 'max_depth': 5, 'n_estimators': 80, 'num_leaves': 30}"
LightGBM,Boosted trees,hypergraph,17,0.5501256771560936,4061,993,8,42,"{'learning_rate': 0.01, 'max_depth': 5, 'n_estimators': 80, 'num_leaves': 30}"
LightGBM,Boosted trees,hb_graph,17,0.5529360238626655,4061,993,14,42,"{'learning_rate': 0.01, 'max_depth': 5, 'n_estimators': 80, 'num_leaves': 30}"
LightGBM,Boosted trees,pairwise,18,0.4903808009604897,4033,1021,4,42,"{'learning_rate': 0.01, 'max_depth': 5, 'n_estimators': 80, 'num_leaves': 30}"
LightGBM,Boosted trees,hypergraph,18,0.48846659682187654,4033,1021,8,42,"{'learning_rate': 0.01, 'max_depth': 5, 'n_estimators': 100, 'num_leaves': 30}"
LightGBM,Boosted trees,hb_graph,18,0.48879607191010255,4033,1021,14,42,"{'learning_rate': 0.01, 'max_depth': 5, 'n_estimators': 100, 'num_leaves': 30}"
LightGBM,Boosted trees,pairwise,19,0.6083668714101317,3871,1183,4,42,"{'learning_rate': 0.01, 'max_depth': 5, 'n_estimators': 200, 'num_leaves': 30}"
LightGBM,Boosted trees,hypergraph,19,0.6626137790018999,3871,1183,8,42,"{'learning_rate': 0.01, 'max_depth': 5, 'n_estimators': 200, 'num_leaves': 30}"
LightGBM,Boosted trees,hb_graph,19,0.669222440284305,3871,1183,14,42,"{'learning_rate': 0.01, 'max_depth': 5, 'n_estimators': 100, 'num_leaves': 30}"
LightGBM,Boosted trees,pairwise,20,0.6298814052407575,4014,1040,4,42,"{'learning_rate': 0.01, 'max_depth': 5, 'n_estimators': 100, 'num_leaves': 30}"
LightGBM,Boosted trees,hypergraph,20,0.7059836406835551,4014,1040,8,42,"{'learning_rate': 0.01, 'max_depth': 5, 'n_estimators': 100, 'num_leaves': 30}"
LightGBM,Boosted trees,hb_graph,20,0.7115207269581509,4014,1040,14,42,"{'learning_rate': 0.01, 'max_depth': 5, 'n_estimators': 100, 'num_leaves': 30}"
LightGBM,Boosted trees,pairwise,21,0.4990479090756649,4043,1011,4,42,"{'learning_rate': 0.01, 'max_depth': 5, 'n_estimators': 80, 'num_leaves': 30}"
LightGBM,Boosted trees,hypergraph,21,0.5436294012634415,4043,1011,8,42,"{'learning_rate': 0.01, 'max_depth': 5, 'n_estimators': 80, 'num_leaves': 30}"
LightGBM,Boosted trees,hb_graph,21,0.5447806917225781,4043,1011,14,42,"{'learning_rate': 0.01, 'max_depth': 5, 'n_estimators': 80, 'num_leaves': 30}"
LightGBM,Boosted trees,pairwise,22,0.39781997984058476,4097,957,4,42,"{'learning_rate': 0.01, 'max_depth': 5, 'n_estimators': 100, 'num_leaves': 30}"
LightGBM,Boosted trees,hypergraph,22,0.4275688075261961,4097,957,8,42,"{'learning_rate': 0.01, 'max_depth': 5, 'n_estimators': 80, 'num_leaves': 30}"
LightGBM,Boosted trees,hb_graph,22,0.4306046248356703,4097,957,14,42,"{'learning_rate': 0.01, 'max_depth': 5, 'n_estimators': 80, 'num_leaves': 50}"
LightGBM,Boosted trees,pairwise,23,0.4450555947545303,4024,1030,4,42,"{'learning_rate': 0.01, 'max_depth': 5, 'n_estimators': 200, 'num_leaves': 50}"
LightGBM,Boosted trees,hypergraph,23,0.4518931271706948,4024,1030,8,42,"{'learning_rate': 0.01, 'max_depth': 5, 'n_estimators': 80, 'num_leaves': 30}"
LightGBM,Boosted trees,hb_graph,23,0.44842638145089675,4024,1030,14,42,"{'learning_rate': 0.01, 'max_depth': 5, 'n_estimators': 80, 'num_leaves': 30}"
LightGBM,Boosted trees,pairwise,24,0.5611395456685113,3996,1058,4,42,"{'learning_rate': 0.01, 'max_depth': 5, 'n_estimators': 80, 'num_leaves': 30}"
LightGBM,Boosted trees,hypergraph,24,0.6020869231311125,3996,1058,8,42,"{'learning_rate': 0.01, 'max_depth': 5, 'n_estimators': 200, 'num_leaves': 30}"
LightGBM,Boosted trees,hb_graph,24,0.604166422602406,3996,1058,14,42,"{'learning_rate': 0.01, 'max_depth': 5, 'n_estimators': 200, 'num_leaves': 30}"
LightGBM,Boosted trees,pairwise,25,0.3498412843197741,4020,1034,4,42,"{'learning_rate': 0.01, 'max_depth': 5, 'n_estimators': 80, 'num_leaves': 50}"
LightGBM,Boosted trees,hypergraph,25,0.4635133436561317,4020,1034,8,42,"{'learning_rate': 0.01, 'max_depth': 5, 'n_estimators': 80, 'num_leaves': 50}"
LightGBM,Boosted trees,hb_graph,25,0.46301498425321974,4020,1034,14,42,"{'learning_rate': 0.01, 'max_depth': 5, 'n_estimators': 80, 'num_leaves': 30}"
LightGBM,Boosted trees,pairwise,26,0.6113300792131462,4000,1054,4,42,"{'learning_rate': 0.01, 'max_depth': 5, 'n_estimators': 80, 'num_leaves': 30}"
LightGBM,Boosted trees,hypergraph,26,0.6712139457246211,4000,1054,8,42,"{'learning_rate': 0.01, 'max_depth': 5, 'n_estimators': 80, 'num_leaves': 30}"
LightGBM,Boosted trees,hb_graph,26,0.6791366521606904,4000,1054,14,42,"{'learning_rate': 0.01, 'max_depth': 5, 'n_estimators': 80, 'num_leaves': 30}"
LightGBM,Boosted trees,pairwise,27,0.500634550565602,4098,956,4,42,"{'learning_rate': 0.01, 'max_depth': 5, 'n_estimators': 80, 'num_leaves': 30}"
LightGBM,Boosted trees,hypergraph,27,0.5679178441556928,4098,956,8,42,"{'learning_rate': 0.01, 'max_depth': 5, 'n_estimators': 80, 'num_leaves': 30}"
LightGBM,Boosted trees,hb_graph,27,0.5680920437610741,4098,956,14,42,"{'learning_rate': 0.01, 'max_depth': 5, 'n_estimators': 80, 'num_leaves': 30}"
LightGBM,Boosted trees,pairwise,28,0.4835623609256734,4016,1038,4,42,"{'learning_rate': 0.01, 'max_depth': 5, 'n_estimators': 80, 'num_leaves': 30}"
LightGBM,Boosted trees,hypergraph,28,0.4579160313678665,4016,1038,8,42,"{'learning_rate': 0.01, 'max_depth': 5, 'n_estimators': 200, 'num_leaves': 30}"
LightGBM,Boosted trees,hb_graph,28,0.4543079230059374,4016,1038,14,42,"{'learning_rate': 0.01, 'max_depth': 5, 'n_estimators': 200, 'num_leaves': 50}"
LightGBM,Boosted trees,pairwise,29,0.5531708039277323,3979,1075,4,42,"{'learning_rate': 0.01, 'max_depth': None, 'n_estimators': 100, 'num_leaves': 30}"
LightGBM,Boosted trees,hypergraph,29,0.6106768268734564,3979,1075,8,42,"{'learning_rate': 0.01, 'max_depth': 5, 'n_estimators': 80, 'num_leaves': 30}"
LightGBM,Boosted trees,hb_graph,29,0.6065167618715208,3979,1075,14,42,"{'learning_rate': 0.01, 'max_depth': 5, 'n_estimators': 80, 'num_leaves': 30}"
LightGBM,Boosted trees,pairwise,30,0.3930868167746985,3920,1134,4,42,"{'learning_rate': 0.01, 'max_depth': 5, 'n_estimators': 100, 'num_leaves': 30}"
LightGBM,Boosted trees,hypergraph,30,0.4890563712109055,3920,1134,8,42,"{'learning_rate': 0.01, 'max_depth': 5, 'n_estimators': 100, 'num_leaves': 30}"
LightGBM,Boosted trees,hb_graph,30,0.48763937904995647,3920,1134,14,42,"{'learning_rate': 0.01, 'max_depth': 5, 'n_estimators': 100, 'num_leaves': 30}"
LightGBM,Boosted trees,pairwise,31,0.43662408371009614,4082,972,4,42,"{'learning_rate': 0.01, 'max_depth': 5, 'n_estimators': 80, 'num_leaves': 30}"
LightGBM,Boosted trees,hypergraph,31,0.45518910031664295,4082,972,8,42,"{'learning_rate': 0.01, 'max_depth': 10, 'n_estimators': 100, 'num_leaves': 30}"
LightGBM,Boosted trees,hb_graph,31,0.48306865144837796,4082,972,14,42,"{'learning_rate': 0.01, 'max_depth': 5, 'n_estimators': 100, 'num_leaves': 30}"
LightGBM,Boosted trees,pairwise,32,0.4267295429948187,3952,1102,4,42,"{'learning_rate': 0.01, 'max_depth': 5, 'n_estimators': 100, 'num_leaves': 30}"
LightGBM,Boosted trees,hypergraph,32,0.4534190397617337,3952,1102,8,42,"{'learning_rate': 0.01, 'max_depth': 5, 'n_estimators': 80, 'num_leaves': 30}"
LightGBM,Boosted trees,hb_graph,32,0.4468630648660286,3952,1102,14,42,"{'learning_rate': 0.01, 'max_depth': 5, 'n_estimators': 80, 'num_leaves': 30}"
LightGBM,Boosted trees,pairwise,33,0.3110927741867807,4002,1052,4,42,"{'learning_rate': 0.01, 'max_depth': 5, 'n_estimators': 80, 'num_leaves': 30}"
LightGBM,Boosted trees,hypergraph,33,0.3999626495316039,4002,1052,8,42,"{'learning_rate': 0.01, 'max_depth': 5, 'n_estimators': 100, 'num_leaves': 30}"
LightGBM,Boosted trees,hb_graph,33,0.3931664425844589,4002,1052,14,42,"{'learning_rate': 0.01, 'max_depth': 5, 'n_estimators': 100, 'num_leaves': 30}"
LightGBM,Boosted trees,pairwise,34,0.4948091117206578,4073,981,4,42,"{'learning_rate': 0.01, 'max_depth': 5, 'n_estimators': 80, 'num_leaves': 30}"
LightGBM,Boosted trees,hypergraph,34,0.486584179006283,4073,981,8,42,"{'learning_rate': 0.01, 'max_depth': 5, 'n_estimators': 100, 'num_leaves': 30}"
LightGBM,Boosted trees,hb_graph,34,0.49290779287256165,4073,981,14,42,"{'learning_rate': 0.01, 'max_depth': 5, 'n_estimators': 100, 'num_leaves': 30}"
LightGBM,Boosted trees,pairwise,35,0.5564760240877507,3929,1125,4,42,"{'learning_rate': 0.01, 'max_depth': 5, 'n_estimators': 80, 'num_leaves': 30}"
LightGBM,Boosted trees,hypergraph,35,0.5011040730168022,3929,1125,8,42,"{'learning_rate': 0.01, 'max_depth': 5, 'n_estimators': 200, 'num_leaves': 30}"
LightGBM,Boosted trees,hb_graph,35,0.5071090775651762,3929,1125,14,42,"{'learning_rate': 0.01, 'max_depth': 5, 'n_estimators': 200, 'num_leaves': 30}"
LightGBM,Boosted trees,pairwise,36,0.3448491023060374,3981,1073,4,42,"{'learning_rate': 0.01, 'max_depth': 5, 'n_estimators': 100, 'num_leaves': 30}"
LightGBM,Boosted trees,hypergraph,36,0.3622845683682468,3981,1073,8,42,"{'learning_rate': 0.01, 'max_depth': 5, 'n_estimators': 100, 'num_leaves': 30}"
LightGBM,Boosted trees,hb_graph,36,0.35720732999974264,3981,1073,14,42,"{'learning_rate': 0.01, 'max_depth': 5, 'n_estimators': 100, 'num_leaves': 30}"
LightGBM,Boosted trees,pairwise,37,0.47741292411250574,4054,1000,4,42,"{'learning_rate': 0.01, 'max_depth': 5, 'n_estimators': 100, 'num_leaves': 30}"
LightGBM,Boosted trees,hypergraph,37,0.5521148564600652,4054,1000,8,42,"{'learning_rate': 0.01, 'max_depth': 5, 'n_estimators': 80, 'num_leaves': 30}"
LightGBM,Boosted trees,hb_graph,37,0.5510080745595438,4054,1000,14,42,"{'learning_rate': 0.01, 'max_depth': 5, 'n_estimators': 80, 'num_leaves': 30}"
LightGBM,Boosted trees,pairwise,38,0.4872336864464809,3976,1078,4,42,"{'learning_rate': 0.01, 'max_depth': 5, 'n_estimators': 100, 'num_leaves': 30}"
LightGBM,Boosted trees,hypergraph,38,0.5370717223065788,3976,1078,8,42,"{'learning_rate': 0.01, 'max_depth': 5, 'n_estimators': 100, 'num_leaves': 30}"
LightGBM,Boosted trees,hb_graph,38,0.533719278916309,3976,1078,14,42,"{'learning_rate': 0.01, 'max_depth': 5, 'n_estimators': 100, 'num_leaves': 30}"
LightGBM,Boosted trees,pairwise,39,0.38477018512755556,4068,986,4,42,"{'learning_rate': 0.01, 'max_depth': 5, 'n_estimators': 80, 'num_leaves': 30}"
LightGBM,Boosted trees,hypergraph,39,0.4096070225385446,4068,986,8,42,"{'learning_rate': 0.01, 'max_depth': 5, 'n_estimators': 80, 'num_leaves': 30}"
LightGBM,Boosted trees,hb_graph,39,0.41072438336571937,4068,986,14,42,"{'learning_rate': 0.01, 'max_depth': 5, 'n_estimators': 80, 'num_leaves': 30}"
LightGBM,Boosted trees,pairwise,40,0.4967127679261525,4081,973,4,42,"{'learning_rate': 0.01, 'max_depth': 5, 'n_estimators': 100, 'num_leaves': 30}"
LightGBM,Boosted trees,hypergraph,40,0.5058972437527023,4081,973,8,42,"{'learning_rate': 0.01, 'max_depth': 5, 'n_estimators': 200, 'num_leaves': 30}"
LightGBM,Boosted trees,hb_graph,40,0.49037688480791597,4081,973,14,42,"{'learning_rate': 0.01, 'max_depth': 5, 'n_estimators': 100, 'num_leaves': 30}"
LightGBM,Boosted trees,pairwise,41,0.39660313198190505,4103,951,4,42,"{'learning_rate': 0.01, 'max_depth': 5, 'n_estimators': 80, 'num_leaves': 30}"
LightGBM,Boosted trees,hypergraph,41,0.4017730283414107,4103,951,8,42,"{'learning_rate': 0.01, 'max_depth': 10, 'n_estimators': 80, 'num_leaves': 30}"
LightGBM,Boosted trees,hb_graph,41,0.39556115640422873,4103,951,14,42,"{'learning_rate': 0.01, 'max_depth': 10, 'n_estimators': 80, 'num_leaves': 30}"
LightGBM,Boosted trees,pairwise,42,0.33388705360906895,4055,999,4,42,"{'learning_rate': 0.01, 'max_depth': 5, 'n_estimators': 80, 'num_leaves': 50}"
LightGBM,Boosted trees,hypergraph,42,0.3296976600533861,4055,999,8,42,"{'learning_rate': 0.01, 'max_depth': 5, 'n_estimators': 100, 'num_leaves': 30}"
LightGBM,Boosted trees,hb_graph,42,0.33144634249560434,4055,999,14,42,"{'learning_rate': 0.01, 'max_depth': 5, 'n_estimators': 80, 'num_leaves': 30}"
LightGBM,Boosted trees,pairwise,43,0.6233470422923357,4064,990,4,42,"{'learning_rate': 0.01, 'max_depth': 5, 'n_estimators': 100, 'num_leaves': 50}"
LightGBM,Boosted trees,hypergraph,43,0.6353844306087242,4064,990,8,42,"{'learning_rate': 0.01, 'max_depth': 5, 'n_estimators': 100, 'num_leaves': 30}"
LightGBM,Boosted trees,hb_graph,43,0.6326683554773862,4064,990,14,42,"{'learning_rate': 0.01, 'max_depth': 5, 'n_estimators': 100, 'num_leaves': 30}"
LightGBM,Boosted trees,pairwise,44,0.4955156318901909,4010,1044,4,42,"{'learning_rate': 0.01, 'max_depth': 5, 'n_estimators': 200, 'num_leaves': 50}"
LightGBM,Boosted trees,hypergraph,44,0.4995000057138088,4010,1044,8,42,"{'learning_rate': 0.01, 'max_depth': 5, 'n_estimators': 100, 'num_leaves': 30}"
LightGBM,Boosted trees,hb_graph,44,0.5013014145808655,4010,1044,14,42,"{'learning_rate': 0.01, 'max_depth': 5, 'n_estimators': 100, 'num_leaves': 30}"
LightGBM,Boosted trees,pairwise,45,0.43094268760678883,4049,1005,4,42,"{'learning_rate': 0.01, 'max_depth': 5, 'n_estimators': 100, 'num_leaves': 50}"
LightGBM,Boosted trees,hypergraph,45,0.5112346497638944,4049,1005,8,42,"{'learning_rate': 0.01, 'max_depth': 5, 'n_estimators': 100, 'num_leaves': 30}"
LightGBM,Boosted trees,hb_graph,45,0.5108613039948282,4049,1005,14,42,"{'learning_rate': 0.01, 'max_depth': 5, 'n_estimators': 100, 'num_leaves': 30}"
LightGBM,Boosted trees,pairwise,46,0.48244572575196715,4077,977,4,42,"{'learning_rate': 0.01, 'max_depth': 5, 'n_estimators': 80, 'num_leaves': 30}"
LightGBM,Boosted trees,hypergraph,46,0.4827857137854332,4077,977,8,42,"{'learning_rate': 0.01, 'max_depth': 5, 'n_estimators': 100, 'num_leaves': 30}"
LightGBM,Boosted trees,hb_graph,46,0.476161385147285,4077,977,14,42,"{'learning_rate': 0.01, 'max_depth': 5, 'n_estimators': 80, 'num_leaves': 30}"
LightGBM,Boosted trees,pairwise,47,0.4225765937284891,4045,1009,4,42,"{'learning_rate': 0.01, 'max_depth': 10, 'n_estimators': 80, 'num_leaves': 30}"
LightGBM,Boosted trees,hypergraph,47,0.4860626401237182,4045,1009,8,42,"{'learning_rate': 0.01, 'max_depth': 5, 'n_estimators': 200, 'num_leaves': 30}"
LightGBM,Boosted trees,hb_graph,47,0.4768157955964001,4045,1009,14,42,"{'learning_rate': 0.01, 'max_depth': 5, 'n_estimators': 100, 'num_leaves': 30}"
LightGBM,Boosted trees,pairwise,48,0.4654293832558162,3963,1091,4,42,"{'learning_rate': 0.01, 'max_depth': 5, 'n_estimators': 80, 'num_leaves': 30}"
LightGBM,Boosted trees,hypergraph,48,0.4854343962674456,3963,1091,8,42,"{'learning_rate': 0.01, 'max_depth': 5, 'n_estimators': 100, 'num_leaves': 30}"
LightGBM,Boosted trees,hb_graph,48,0.4865191318425648,3963,1091,14,42,"{'learning_rate': 0.01, 'max_depth': 5, 'n_estimators': 100, 'num_leaves': 30}"
LightGBM,Boosted trees,pairwise,49,0.37931020066613974,4104,950,4,42,"{'learning_rate': 0.01, 'max_depth': 5, 'n_estimators': 80, 'num_leaves': 30}"
LightGBM,Boosted trees,hypergraph,49,0.4253857227354372,4104,950,8,42,"{'learning_rate': 0.01, 'max_depth': None, 'n_estimators': 100, 'num_leaves': 30}"
LightGBM,Boosted trees,hb_graph,49,0.4213547414892511,4104,950,14,42,"{'learning_rate': 0.01, 'max_depth': 10, 'n_estimators': 80, 'num_leaves': 30}"
LightGBM,Boosted trees,pairwise,50,0.5207409999059421,3992,1062,4,42,"{'learning_rate': 0.01, 'max_depth': 5, 'n_estimators': 80, 'num_leaves': 30}"
LightGBM,Boosted trees,hypergraph,50,0.5630010701264156,3992,1062,8,42,"{'learning_rate': 0.01, 'max_depth': 5, 'n_estimators': 100, 'num_leaves': 30}"
LightGBM,Boosted trees,hb_graph,50,0.558274497484739,3992,1062,14,42,"{'learning_rate': 0.01, 'max_depth': 5, 'n_estimators': 100, 'num_leaves': 30}"
