feature,mean,std,median,min,max,n_splits,rank
base_TriangleCount,0.1077773545552514,0.0464833886401596,0.10357193782426113,0.04036159651076149,0.23991260862329916,50,1
base_AvgNeighbourDegree,0.07175770524319,0.02471363544251995,0.0734283330000761,0.012184909260979388,0.12862941975588327,50,2
base_UniquePartners,0.05174800935944845,0.030475656264213138,0.050243904382501745,-0.003202246634163769,0.15370526120829398,50,3
protein_MedComplexNodes,0.03840744051116832,0.02141892734001765,0.034364179172480885,-0.0016567513329683258,0.09824344059029312,50,4
protein_RangeComplexNodes,0.021216830703004282,0.01633365140886119,0.017725162330215476,-0.009848937122900714,0.06995599381698227,50,5
protein_RangeUniqueRatio,0.016498016341865103,0.01294744135585274,0.013862120809924463,-0.009294540053206535,0.050143746753115025,50,6
base_LocalClustCoeff,0.012853257919692232,0.015016231063469814,0.008366621639680768,-0.010608680611306442,0.06692460915153323,50,7
flag_HasStoich,0.008630845795243888,0.010959694275522649,0.010883848688308806,-0.02334929850472677,0.03288286738690769,50,8
base_Degree,0.0066052382845377625,0.009888824668720188,0.0035183879035722955,-0.015541970768093771,0.03928976647210296,50,9
