feature,mean,std,median,min,max,n_splits,rank
pair_Degree,0.03138057189683919,0.019113096397194246,0.024777624084948276,0.0015586991052133306,0.06398074551976024,15,1
