feature,mean,std,median,min,max,n_splits,rank
protein_MedianUniqueRatio,0.09804108744856727,0.026817127059365516,0.0940780075976502,0.058313602734337465,0.1526058611042984,15,1
base_Degree,0.09204139677875367,0.03480187019324792,0.08845007730255965,0.05467519628367621,0.1517882209150677,15,2
protein_RangeUniqueRatio,0.06947011737720006,0.02353442633470204,0.0727295036503553,0.028798621043149748,0.10253530127459672,15,3
protein_MedComplexNodes,0.03210377760769994,0.023781337878418768,0.03200353001812458,0.006629669472693328,0.09906075536959107,15,4
base_AvgNeighbourDegree,0.024473032956891943,0.014112158293456021,0.02622482351376686,0.003717506891721456,0.04767062541071295,15,5
base_LocalClustCoeff,0.020300969698119543,0.013029238956235631,0.016521516591964096,0.000890829051434805,0.04106445615476801,15,6
base_TriangleCount,0.018741181112921123,0.015451570389356021,0.0170213961406669,-0.00870255676746634,0.05499630749773628,15,7
protein_RangeComplexNodes,0.0061135950799337925,0.006896209286116752,0.007843167230732357,-0.005540274294079162,0.016288946100698354,15,8
base_UniquePartners,0.004578956148278723,0.016372104982430427,0.004987166002800575,-0.02829518575469066,0.03216939869460233,15,9
