feature,mean,std,median,min,max,n_splits,rank
pair_LocalClustCoeff,0.15037868932273327,0.041368997605139554,0.1513568105391899,0.07940484222251,0.22348880829703988,15,1
pair_Degree,0.10009606238509854,0.048477377114494305,0.09501317398010371,0.01347495192173806,0.1884881076025558,15,2
pair_AvgNeighborDegree,0.03735625812051772,0.016860595311751592,0.033259963301411045,0.005766848009407663,0.07129841692571917,15,3
pair_TriangleCount,0.020949853651432673,0.01285394008447052,0.018136532988650138,-0.0007305957742212932,0.04246782247263632,15,4
