feature,mean,std,median,min,max,n_splits,rank
pair_Degree,0.026997040596849414,0.01959176106912586,0.02563395630890688,-0.00290165457107127,0.06200989878258491,15,1
