feature,mean,std,median,min,max,n_splits,rank
pair_Degree,0.25660166522547917,0.05488381746312672,0.2768006572125009,0.1354681952368225,0.3121752878751952,15,1
